episode_reward_max,episode_reward_min,episode_reward_mean,episode_len_mean,episodes_this_iter,timesteps_this_iter,done,timesteps_total,episodes_total,training_iteration,experiment_id,date,timestamp,time_this_iter_s,time_total_s,pid,hostname,node_ip,time_since_restore,timesteps_since_restore,iterations_since_restore,num_healthy_workers,trial_id,sampler_perf/mean_env_wait_ms,sampler_perf/mean_processing_ms,sampler_perf/mean_inference_ms,info/num_steps_trained,info/num_steps_sampled,info/sample_time_ms,info/load_time_ms,info/grad_time_ms,info/update_time_ms,perf/cpu_util_percent,perf/ram_util_percent,info/learner/default_policy/cur_kl_coeff,info/learner/default_policy/cur_lr,info/learner/default_policy/total_loss,info/learner/default_policy/policy_loss,info/learner/default_policy/vf_loss,info/learner/default_policy/vf_explained_var,info/learner/default_policy/kl,info/learner/default_policy/entropy,info/learner/default_policy/entropy_coeff
-10.281141458138633,-259.385190113775,-84.63961308756319,15.0,12,180,False,3960,264,22,5237459562a741d08b9792a35dd2d2a4,2020-01-25_19-05-12,1580007912,91.19006729125977,1518.7948288917542,22472,kadiaz-Inspiron-7472,192.168.0.13,91.19006729125977,180,1,4,6624c118,876.571086437806,195.49619374067882,5.427674106929614,3960,3960,87505.84,76.844,2330.422,1222.674,43.170992366412214,42.34122137404581,0.675000011920929,0.0005000000237487257,-0.1854134202003479,-0.199123814702034,1911.9287109375,-0.0003877878189086914,0.020283350721001625,23.506919860839844,0.0
-9.166020020456992,-259.385190113775,-83.48827354584633,15.0,12,180,False,4140,276,23,5237459562a741d08b9792a35dd2d2a4,2020-01-25_19-06-08,1580007968,55.55248689651489,1574.347315788269,22472,kadiaz-Inspiron-7472,192.168.0.13,146.74255418777466,360,2,4,6624c118,893.7314858618274,189.85305845424196,4.607571919910998,4140,4140,71170.206,39.057,1518.116,613.872,54.49746835443038,49.48354430379745,0.20000000298023224,0.0005000000237487257,-0.19110985100269318,-0.19835898280143738,2132.129638671875,-0.000747978687286377,0.03613907843828201,23.406864166259766,0.0
-9.166020020456992,-259.41208202356887,-95.78372887634434,15.0,12,180,False,4320,288,24,5237459562a741d08b9792a35dd2d2a4,2020-01-25_19-07-11,1580008031,62.64327788352966,1636.9905936717987,22472,kadiaz-Inspiron-7472,192.168.0.13,209.38583207130432,540,3,4,6624c118,921.3302914317496,190.76257219877087,4.161534119376914,4320,4320,68082.734,26.461,1253.493,410.793,55.52022471910112,50.20337078651685,0.20000000298023224,0.0005000000237487257,-0.210288405418396,-0.2173868715763092,3300.455810546875,-0.0006608664989471436,0.03532731533050537,23.399948120117188,0.0
-9.166020020456992,-259.41208202356887,-88.36836679364274,15.0,12,180,False,4500,300,25,5237459562a741d08b9792a35dd2d2a4,2020-01-25_19-08-09,1580008089,58.028364419937134,1695.0189580917358,22472,kadiaz-Inspiron-7472,192.168.0.13,267.41419649124146,720,4,4,6624c118,935.1437364769348,189.2556641166419,3.8726876082506685,4500,4500,65374.341,20.172,1132.082,309.235,52.45060240963856,50.74819277108434,0.20000000298023224,0.0005000000237487257,-0.17765606939792633,-0.18501050770282745,1821.65234375,-0.00030922889709472656,0.036681123077869415,23.27907371520996,0.0
-9.166020020456992,-265.4209337951843,-100.27191920877856,15.0,12,180,False,4680,312,26,5237459562a741d08b9792a35dd2d2a4,2020-01-25_19-09-20,1580008160,70.86686587333679,1765.8858239650726,22472,kadiaz-Inspiron-7472,192.168.0.13,338.28106236457825,900,5,4,6624c118,952.7802606051068,190.18021917564408,3.666900877390654,4680,4680,66329.741,16.4,1046.578,248.303,53.262376237623755,51.29108910891089,0.20000000298023224,0.0005000000237487257,-0.2091406285762787,-0.2167263627052307,3666.580322265625,-0.0008323788642883301,0.03774534910917282,23.323625564575195,0.0
-9.166020020456992,-265.4209337951843,-108.14644862956023,15.0,12,180,False,4860,324,27,5237459562a741d08b9792a35dd2d2a4,2020-01-25_19-10-31,1580008231,71.0328631401062,1836.9186871051788,22472,kadiaz-Inspiron-7472,192.168.0.13,409.31392550468445,1080,6,4,6624c118,969.7369375689138,191.26511092006723,3.508482722618255,4860,4860,66998.371,13.842,985.708,207.527,52.794117647058826,51.8441176470588,0.20000000298023224,0.0005000000237487257,-0.2089947611093521,-0.21653524041175842,3448.758056640625,-0.0007351338863372803,0.03752996772527695,23.291189193725586,0.0
-9.166020020456992,-265.4209337951843,-104.87636613063354,15.0,12,180,False,5040,336,28,5237459562a741d08b9792a35dd2d2a4,2020-01-25_19-11-31,1580008291,60.04405117034912,1896.962738275528,22472,kadiaz-Inspiron-7472,192.168.0.13,469.35797667503357,1260,7,4,6624c118,981.9771260995344,192.7614712991664,3.3872374197680934,5040,5040,65900.493,12.035,947.706,178.466,56.47529411764705,52.36235294117644,0.20000000298023224,0.0005000000237487257,-0.19709432125091553,-0.20478643476963043,2278.9033203125,-0.0004132688045501709,0.03834660351276398,23.17027473449707,0.0
-9.166020020456992,-265.4209337951843,-108.086405534005,15.0,12,180,False,5220,348,29,5237459562a741d08b9792a35dd2d2a4,2020-01-25_19-12-40,1580008360,69.49711418151855,1966.4598524570465,22472,kadiaz-Inspiron-7472,192.168.0.13,538.8550908565521,1440,8,4,6624c118,992.4398910919193,194.479163082937,3.2861544146507993,5220,5220,66258.611,10.7,919.306,156.647,53.06161616161616,52.869696969696975,0.20000000298023224,0.0005000000237487257,-0.2004474699497223,-0.20875400304794312,2925.923828125,-0.0006280839443206787,0.04138626158237457,23.134613037109375,0.0
-9.166020020456992,-265.4209337951843,-111.49803629859855,15.0,12,180,False,5400,360,30,5237459562a741d08b9792a35dd2d2a4,2020-01-25_19-13-49,1580008429,69.09985113143921,2035.5597035884857,22472,kadiaz-Inspiron-7472,192.168.0.13,607.9549419879913,1620,9,4,6624c118,1011.2217467477989,195.063861126231,3.0132377789745872,5400,5400,66493.659,9.64,896.406,139.847,52.5969696969697,53.42626262626261,0.30000001192092896,0.0005000000237487257,-0.20325805246829987,-0.2142971158027649,3007.0224609375,-0.000566333532333374,0.03669670969247818,23.085205078125,0.0
-9.592239969115608,-265.4209337951843,-120.05998682036805,15.0,12,180,False,5580,372,31,5237459562a741d08b9792a35dd2d2a4,2020-01-25_19-14-57,1580008497,67.50995588302612,2103.069659471512,22472,kadiaz-Inspiron-7472,192.168.0.13,675.4648978710175,1800,10,4,6624c118,1034.6979856828261,198.08269140930926,2.793538295912595,5580,5580,66518.177,8.808,882.664,126.323,55.98645833333334,53.99687500000001,0.30000001192092896,0.0005000000237487257,-0.21113207936286926,-0.22225439548492432,3479.53125,-0.0004334747791290283,0.03695840388536453,23.088661193847656,0.0
-9.592239969115608,-265.4209337951843,-114.96715525979329,15.0,12,180,False,5760,384,32,5237459562a741d08b9792a35dd2d2a4,2020-01-25_19-16-04,1580008564,67.12757802009583,2170.1972374916077,22472,kadiaz-Inspiron-7472,192.168.0.13,742.5924758911133,1980,11,4,6624c118,1050.0892311750085,200.1306563213372,2.6770791849710363,5760,5760,64404.444,1.262,724.423,4.474,50.08958333333334,54.49583333333334,0.30000001192092896,0.0005000000237487257,-0.19408085942268372,-0.20483720302581787,2097.54248046875,-0.00035759806632995605,0.03578454628586769,22.957244873046875,0.0
-9.500477927532613,-265.4209337951843,-115.10898182919203,15.0,12,180,False,5940,396,33,5237459562a741d08b9792a35dd2d2a4,2020-01-25_19-17-03,1580008623,59.50974106788635,2229.706978559494,22472,kadiaz-Inspiron-7472,192.168.0.13,802.1022169589996,2160,12,4,6624c118,1062.4807918457816,202.35045886908608,2.5972692889541458,5940,5940,64800.137,1.251,724.631,4.351,52.43764705882353,54.9564705882353,0.30000001192092896,0.0005000000237487257,-0.18457897007465363,-0.19507305324077606,1968.3587646484375,-0.000239640474319458,0.03491465747356415,22.839847564697266,0.0
-9.500477927532613,-261.54580806434126,-115.24007191050809,15.0,12,180,False,6120,408,34,5237459562a741d08b9792a35dd2d2a4,2020-01-25_19-18-14,1580008694,70.25036191940308,2299.957340478897,22472,kadiaz-Inspiron-7472,192.168.0.13,872.3525788784027,2340,13,4,6624c118,1071.96934614782,204.3031930396984,2.536349236392878,6120,6120,65560.509,1.261,724.927,4.342,50.541,55.525,0.30000001192092896,0.0005000000237487257,-0.1962386518716812,-0.20840761065483093,2413.194091796875,-0.0002956688404083252,0.04048279672861099,22.83026123046875,0.0
-9.500477927532613,-258.589764173914,-109.02974445517377,15.0,12,180,False,6300,420,35,5237459562a741d08b9792a35dd2d2a4,2020-01-25_19-19-20,1580008760,66.01275849342346,2365.9700989723206,22472,kadiaz-Inspiron-7472,192.168.0.13,938.3653373718262,2520,14,4,6624c118,1077.4916202250497,205.64948917008917,2.4889178312422318,6300,6300,66362.644,1.254,721.249,4.345,53.89255319148937,56.05957446808512,0.44999998807907104,0.0005000000237487257,-0.19691604375839233,-0.2122739851474762,2467.644775390625,-0.0002917647361755371,0.034073926508426666,22.82656478881836,0.0
-9.500477927532613,-258.589764173914,-106.59488902469964,15.0,12,180,False,6480,432,36,5237459562a741d08b9792a35dd2d2a4,2020-01-25_19-20-20,1580008820,60.45368528366089,2426.4237842559814,22472,kadiaz-Inspiron-7472,192.168.0.13,998.8190226554871,2700,15,4,6624c118,1081.1630732192998,206.344959853613,2.451218155510537,6480,6480,65321.517,1.255,721.064,4.299,57.628735632183904,56.52528735632186,0.44999998807907104,0.0005000000237487257,-0.17816473543643951,-0.19269190728664398,2043.2042236328125,-0.0002995431423187256,0.0322372168302536,22.713787078857422,0.0
-9.500477927532613,-262.45193614820715,-109.34447335811704,15.0,12,180,False,6660,444,37,5237459562a741d08b9792a35dd2d2a4,2020-01-25_19-21-35,1580008895,74.93197655677795,2501.3557608127594,22472,kadiaz-Inspiron-7472,192.168.0.13,1073.750999212265,2880,16,4,6624c118,1085.555662596163,206.78180057701732,2.421084082486141,6660,6660,65709.901,1.304,722.426,4.369,53.437383177570084,57.15046728971962,0.44999998807907104,0.0005000000237487257,-0.20398299396038055,-0.21980154514312744,3837.071533203125,-0.0003472566604614258,0.035067085176706314,22.83908462524414,0.0
-9.500477927532613,-262.45193614820715,-108.08411176833404,15.0,12,180,False,6840,456,38,5237459562a741d08b9792a35dd2d2a4,2020-01-25_19-22-47,1580008967,71.56124830245972,2572.917009115219,22472,kadiaz-Inspiron-7472,192.168.0.13,1145.3122475147247,3060,17,4,6624c118,1089.056501886095,206.93257095560955,2.395753319562874,6840,6840,66861.273,1.328,722.72,4.379,49.15294117647059,57.563725490196106,0.44999998807907104,0.0005000000237487257,-0.19826194643974304,-0.21484598517417908,2554.001953125,-0.00018969178199768066,0.03679667040705681,22.668745040893555,0.0
-9.500477927532613,-262.45193614820715,-102.03033743586857,15.0,12,180,False,7020,468,39,5237459562a741d08b9792a35dd2d2a4,2020-01-25_19-23-51,1580009031,64.5119411945343,2637.4289503097534,22472,kadiaz-Inspiron-7472,192.168.0.13,1209.824188709259,3240,18,4,6624c118,1090.6719768348107,206.74474468418575,2.3741466705356027,7020,7020,66366.074,1.32,719.427,4.423,52.199999999999996,57.96956521739131,0.44999998807907104,0.0005000000237487257,-0.180762380361557,-0.19640490412712097,1995.762451171875,-0.00020706653594970703,0.03471679240465164,22.589134216308594,0.0
-9.500477927532613,-262.45193614820715,-97.61520411979032,15.0,12,180,False,7200,480,40,5237459562a741d08b9792a35dd2d2a4,2020-01-25_19-25-03,1580009103,71.81432485580444,2709.243275165558,22472,kadiaz-Inspiron-7472,192.168.0.13,1281.6385135650635,3420,19,4,6624c118,1091.781066250495,206.62315982120785,2.354281533846371,7200,7200,66642.166,1.362,714.837,4.363,50.8186274509804,58.60588235294119,0.44999998807907104,0.0005000000237487257,-0.19867505133152008,-0.21306832134723663,2537.42578125,-0.00023818016052246094,0.03192868083715439,22.62879180908203,0.0
-9.500477927532613,-262.45193614820715,-97.52886851459479,15.0,12,180,False,7380,492,41,5237459562a741d08b9792a35dd2d2a4,2020-01-25_19-26-04,1580009164,60.58204770088196,2769.82532286644,22472,kadiaz-Inspiron-7472,192.168.0.13,1342.2205612659454,3600,20,4,6624c118,1093.4463800936192,206.69487509648985,2.337970115811542,7380,7380,65954.526,1.352,709.778,4.313,51.56206896551725,59.045977011494266,0.44999998807907104,0.0005000000237487257,-0.1403122991323471,-0.1512371003627777,1417.6533203125,-0.000148773193359375,0.024245820939540863,22.370868682861328,0.0
-9.385643128297923,-262.45193614820715,-100.40075164394376,15.0,12,180,False,7560,504,42,5237459562a741d08b9792a35dd2d2a4,2020-01-25_19-27-15,1580009235,71.4281280040741,2841.253450870514,22472,kadiaz-Inspiron-7472,192.168.0.13,1413.6486892700195,3780,21,4,6624c118,1095.9476971637077,206.77439545399298,2.326913681780306,7560,7560,66386.933,1.341,707.246,4.435,49.24607843137255,59.58921568627452,0.44999998807907104,0.0005000000237487257,-0.19287750124931335,-0.20929943025112152,2677.563232421875,-0.00017577409744262695,0.03643365204334259,22.442527770996094,0.0
-9.385643128297923,-262.45193614820715,-100.66100817749663,15.0,12,180,False,7740,516,43,5237459562a741d08b9792a35dd2d2a4,2020-01-25_19-28-27,1580009307,71.36796236038208,2912.621413230896,22472,kadiaz-Inspiron-7472,192.168.0.13,1485.0166516304016,3960,22,4,6624c118,1098.083165278412,206.8772444357757,2.319367032213627,7740,7740,67573.925,1.37,706.053,4.436,50.66237623762376,60.03069306930695,0.44999998807907104,0.0005000000237487257,-0.20492903888225555,-0.22171473503112793,3060.25048828125,-0.00019803643226623535,0.03723355755209923,22.446619033813477,0.0
-9.385643128297923,-262.45193614820715,-107.3473981406036,15.0,12,180,False,7920,528,44,5237459562a741d08b9792a35dd2d2a4,2020-01-25_19-29-41,1580009381,74.24267363548279,2986.864086866379,22472,kadiaz-Inspiron-7472,192.168.0.13,1559.2593252658844,4140,23,4,6624c118,1100.9973462759294,207.05154197470148,2.311498913717332,7920,7920,67974.416,1.364,704.912,4.35,53.235849056603776,60.59999999999999,0.44999998807907104,0.0005000000237487257,-0.19742263853549957,-0.21175959706306458,3674.64404296875,-0.00025463104248046875,0.03177832067012787,22.53826904296875,0.0
-9.385643128297923,-262.45193614820715,-113.7310806150193,15.0,12,180,False,8100,540,45,5237459562a741d08b9792a35dd2d2a4,2020-01-25_19-30-56,1580009456,75.17574000358582,3062.0398268699646,22472,kadiaz-Inspiron-7472,192.168.0.13,1634.4350652694702,4320,24,4,6624c118,1104.0241491023016,207.1335513625649,2.3035148928834075,8100,8100,68893.317,1.364,702.282,4.339,53.46018518518518,61.22407407407406,0.44999998807907104,0.0005000000237487257,-0.19922976195812225,-0.21405097842216492,3144.9482421875,-0.00023165345191955566,0.03286615014076233,22.525487899780273,0.0
-9.385643128297923,-257.2309577242175,-104.64634699771933,15.0,12,180,False,8280,552,46,5237459562a741d08b9792a35dd2d2a4,2020-01-25_19-32-05,1580009525,69.15573763847351,3131.195564508438,22472,kadiaz-Inspiron-7472,192.168.0.13,1703.5908029079437,4500,25,4,6624c118,1105.7042924648115,207.19095499745694,2.297662508056463,8280,8280,69760.438,1.367,705.323,4.382,49.96632653061225,61.80306122448979,0.44999998807907104,0.0005000000237487257,-0.19847171008586884,-0.21377107501029968,2696.23486328125,-0.0001429915428161621,0.03393871709704399,22.294979095458984,0.0
-9.385643128297923,-259.5853157666817,-108.65577426387279,15.0,12,180,False,8460,564,47,5237459562a741d08b9792a35dd2d2a4,2020-01-25_19-33-11,1580009591,66.16517663002014,3197.3607411384583,22472,kadiaz-Inspiron-7472,192.168.0.13,1769.7559795379639,4680,26,4,6624c118,1107.7836856100269,207.42022547365147,2.2934792784742823,8460,8460,68881.586,1.368,707.488,4.386,54.54526315789474,62.29473684210525,0.44999998807907104,0.0005000000237487257,-0.1819121241569519,-0.19574090838432312,2383.84716796875,-7.253885269165039e-05,0.030677616596221924,22.28398895263672,0.0
-9.385643128297923,-259.5853157666817,-106.61353414004469,15.0,12,180,False,8640,576,48,5237459562a741d08b9792a35dd2d2a4,2020-01-25_19-34-12,1580009652,60.32875633239746,3257.6894974708557,22472,kadiaz-Inspiron-7472,192.168.0.13,1830.0847358703613,4860,27,4,6624c118,1109.8596354641027,207.62232419147512,2.2889677896641936,8640,8640,67758.909,1.351,707.046,4.302,56.333720930232545,62.74302325581394,0.44999998807907104,0.0005000000237487257,-0.18536463379859924,-0.19998879730701447,2083.30419921875,-0.00013196468353271484,0.03245188295841217,22.13143539428711,0.0
-9.385643128297923,-259.5853157666817,-113.18516197077798,15.0,12,180,False,8820,588,49,5237459562a741d08b9792a35dd2d2a4,2020-01-25_19-35-20,1580009720,68.69549679756165,3326.3849942684174,22472,kadiaz-Inspiron-7472,192.168.0.13,1898.780232667923,5040,28,4,6624c118,1112.370374977795,207.78726362946384,2.2856098373147535,8820,8820,68175.627,1.333,708.684,4.281,50.08571428571429,63.28367346938776,0.44999998807907104,0.0005000000237487257,-0.19531656801700592,-0.21155348420143127,2623.015625,-0.00014576315879821777,0.03602374717593193,22.160703659057617,0.0
-8.945527656116566,-259.5853157666817,-112.83784676845447,15.0,12,180,False,9000,600,50,5237459562a741d08b9792a35dd2d2a4,2020-01-25_19-36-33,1580009793,72.2453625202179,3398.6303567886353,22472,kadiaz-Inspiron-7472,192.168.0.13,1971.0255951881409,5220,29,4,6624c118,1114.7109249155908,208.1291633945467,2.2863321339309035,9000,9000,68214.627,1.295,712.886,4.181,60.8242718446602,66.29611650485437,0.44999998807907104,0.0005000000237487257,-0.18938115239143372,-0.20323912799358368,2103.41748046875,-7.578730583190918e-05,0.03074871003627777,22.05072021484375,0.0
-8.945527656116566,-259.5853157666817,-107.26285958665865,15.0,12,180,False,9180,612,51,5237459562a741d08b9792a35dd2d2a4,2020-01-25_19-37-46,1580009866,73.06908702850342,3471.6994438171387,22472,kadiaz-Inspiron-7472,192.168.0.13,2044.0946822166443,5400,30,4,6624c118,1116.8899363184048,208.50637510587384,2.2885450430437357,9180,9180,69452.011,1.296,724.206,4.162,60.07788461538461,72.08653846153845,0.44999998807907104,0.0005000000237487257,-0.19786524772644043,-0.21313999593257904,2656.20263671875,-0.00016990303993225098,0.0338849201798439,22.167015075683594,0.0
-8.945527656116566,-259.5853157666817,-111.40533040004364,15.0,12,180,False,9360,624,52,5237459562a741d08b9792a35dd2d2a4,2020-01-25_19-39-01,1580009941,75.67678618431091,3547.3762300014496,22472,kadiaz-Inspiron-7472,192.168.0.13,2119.771468400955,5580,31,4,6624c118,1119.426790122976,208.95970285217467,2.2915943482272776,9360,9360,69876.623,1.286,724.659,4.032,54.38703703703703,66.66111111111113,0.44999998807907104,0.0005000000237487257,-0.20243853330612183,-0.21694770455360413,3356.894775390625,-0.00018417835235595703,0.032168034464120865,22.319856643676758,0.0
-8.945527656116566,-259.5853157666817,-102.51439322239433,15.0,12,180,False,9540,636,53,5237459562a741d08b9792a35dd2d2a4,2020-01-25_19-40-08,1580010008,66.1818413734436,3613.558071374893,22472,kadiaz-Inspiron-7472,192.168.0.13,2185.953309774399,5760,32,4,6624c118,1121.0512200228864,209.25257415542208,2.296212628865109,9540,9540,69353.722,1.268,728.902,4.045,53.28191489361702,65.42021276595744,0.44999998807907104,0.0005000000237487257,-0.18541279435157776,-0.19975978136062622,2439.103515625,-0.0001417994499206543,0.03182794898748398,21.962724685668945,0.0
-8.945527656116566,-261.19703421983155,-101.04944920633575,15.0,12,180,False,9720,648,54,5237459562a741d08b9792a35dd2d2a4,2020-01-25_19-41-17,1580010077,69.32880520820618,3682.8868765830994,22472,kadiaz-Inspiron-7472,192.168.0.13,2255.282114982605,5940,33,4,6624c118,1122.2615463112822,209.57396719841498,2.3014534950576278,9720,9720,68861.228,1.272,729.925,4.087,49.583838383838376,65.90202020202021,0.44999998807907104,0.0005000000237487257,-0.19383135437965393,-0.20904803276062012,2516.054443359375,-8.353590965270996e-05,0.033758945763111115,21.77301597595215,0.0
-8.945527656116566,-261.19703421983155,-106.01415684973328,15.0,12,180,False,9900,660,55,5237459562a741d08b9792a35dd2d2a4,2020-01-25_19-42-30,1580010150,73.328777551651,3756.2156541347504,22472,kadiaz-Inspiron-7472,192.168.0.13,2328.610892534256,6120,34,4,6624c118,1123.9320238603887,209.87672491151653,2.308379615796816,9900,9900,68673.853,1.266,732.685,4.02,52.22666666666667,66.45428571428572,0.44999998807907104,0.0005000000237487257,-0.20100674033164978,-0.2157459259033203,2929.925537109375,-0.00013987720012664795,0.03268865495920181,22.171611785888672,0.0
-8.945527656116566,-261.19703421983155,-103.99742497735386,15.0,12,180,False,10080,672,56,5237459562a741d08b9792a35dd2d2a4,2020-01-25_19-43-35,1580010215,64.93080878257751,3821.146462917328,22472,kadiaz-Inspiron-7472,192.168.0.13,2393.5417013168335,6300,35,4,6624c118,1125.760398997423,210.14017208510896,2.3167205049088224,10080,10080,68255.278,1.266,728.722,4.052,52.98709677419355,67.08817204301076,0.44999998807907104,0.0005000000237487257,-0.18058760464191437,-0.1947864443063736,1892.43798828125,-0.00010702013969421387,0.031510885804891586,21.621871948242188,0.0
-8.945527656116566,-261.19703421983155,-101.91280673421704,15.0,12,180,False,10260,684,57,5237459562a741d08b9792a35dd2d2a4,2020-01-25_19-44-44,1580010284,68.99261045455933,3890.139073371887,22472,kadiaz-Inspiron-7472,192.168.0.13,2462.534311771393,6480,36,4,6624c118,1127.3116246123361,210.45079595241194,2.3244377289814957,10260,10260,68539.258,1.231,727.534,4.023,51.4265306122449,67.55000000000003,0.44999998807907104,0.0005000000237487257,-0.19417960941791534,-0.20922169089317322,2577.777587890625,-0.00010877847671508789,0.03336958959698677,21.698959350585938,0.0
-9.648642955858838,-261.19703421983155,-109.10928477437409,15.0,12,180,False,10440,696,58,5237459562a741d08b9792a35dd2d2a4,2020-01-25_19-45-50,1580010350,65.9561755657196,3956.095248937607,22472,kadiaz-Inspiron-7472,192.168.0.13,2528.4904873371124,6660,37,4,6624c118,1129.1310462938582,210.60226223414355,2.3281063806413638,10440,10440,69104.504,1.25,724.915,4.112,53.40851063829788,68.0595744680851,0.44999998807907104,0.0005000000237487257,-0.1962171345949173,-0.2112094759941101,2890.697021484375,-0.00010222196578979492,0.03325207903981209,21.649917602539062,0.0
-9.204135126793975,-261.19703421983155,-112.34791784801033,15.0,12,180,False,10620,708,59,5237459562a741d08b9792a35dd2d2a4,2020-01-25_19-47-02,1580010422,71.7441303730011,4027.839379310608,22472,kadiaz-Inspiron-7472,192.168.0.13,2600.2346177101135,6840,38,4,6624c118,1130.8204618257164,210.61401118176573,2.327320574103551,10620,10620,69405.643,1.258,728.609,4.136,52.66862745098039,68.50882352941177,0.44999998807907104,0.0005000000237487257,-0.19892917573451996,-0.21360144019126892,2953.283203125,-0.00012755393981933594,0.032539330422878265,21.86241340637207,0.0
-9.204135126793975,-266.6586177171871,-101.18429427147623,15.0,12,180,False,10800,720,60,5237459562a741d08b9792a35dd2d2a4,2020-01-25_19-48-04,1580010484,61.58729553222656,4089.4266748428345,22472,kadiaz-Inspiron-7472,192.168.0.13,2661.82191324234,7020,39,4,6624c118,1131.312666209177,210.52707310280206,2.3256364087219707,10800,10800,68338.398,1.261,730.101,4.131,52.53522727272727,68.92159090909091,0.44999998807907104,0.0005000000237487257,-0.16677623987197876,-0.18046918511390686,2381.837158203125,1.2472271919250488e-05,0.030375845730304718,21.175479888916016,0.0
-9.204135126793975,-266.6586177171871,-100.5557718566237,15.0,12,180,False,10980,732,61,5237459562a741d08b9792a35dd2d2a4,2020-01-25_19-49-09,1580010549,65.55947089195251,4154.986145734787,22472,kadiaz-Inspiron-7472,192.168.0.13,2727.3813841342926,7200,40,4,6624c118,1131.7057236561966,210.38134114107882,2.32392534579343,10980,10980,67599.126,1.267,718.385,4.154,54.44255319148937,69.54148936170212,0.44999998807907104,0.0005000000237487257,-0.18349523842334747,-0.19851845502853394,2170.69873046875,-0.0001119077205657959,0.03333664685487747,21.44108772277832,0.0
-9.204135126793975,-266.6586177171871,-97.60635888089286,15.0,12,180,False,11160,744,62,5237459562a741d08b9792a35dd2d2a4,2020-01-25_19-50-15,1580010615,65.53673648834229,4220.522882223129,22472,kadiaz-Inspiron-7472,192.168.0.13,2792.918120622635,7380,41,4,6624c118,1132.0412685621172,210.2316571062395,2.321789145760228,11160,11160,66585.393,1.288,718.057,4.186,54.51827956989247,70.07419354838709,0.44999998807907104,0.0005000000237487257,-0.18266478180885315,-0.19649216532707214,2261.265869140625,-0.00011587142944335938,0.030677303671836853,21.432029724121094,0.0
-9.204135126793975,-266.6586177171871,-103.97074029840878,15.0,12,180,False,11340,756,63,5237459562a741d08b9792a35dd2d2a4,2020-01-25_19-51-28,1580010688,73.3098874092102,4293.8327696323395,22472,kadiaz-Inspiron-7472,192.168.0.13,2866.228008031845,7560,42,4,6624c118,1132.7674841859202,210.1202960622272,2.3183177266417005,11340,11340,67301.032,1.294,715.204,4.196,53.304761904761904,70.64571428571428,0.44999998807907104,0.0005000000237487257,-0.20040415227413177,-0.21563905477523804,3119.0810546875,-0.00014072656631469727,0.033785976469516754,21.88766860961914,0.0
-9.204135126793975,-266.6586177171871,-107.99221060178374,15.0,12,180,False,11520,768,64,5237459562a741d08b9792a35dd2d2a4,2020-01-25_19-52-38,1580010758,69.83226537704468,4363.665035009384,22472,kadiaz-Inspiron-7472,192.168.0.13,2936.0602734088898,7740,43,4,6624c118,1133.4922213655382,210.03589233627721,2.3131078702195644,11520,11520,67347.125,1.293,719.474,4.198,54.758,71.056,0.44999998807907104,0.0005000000237487257,-0.20186656713485718,-0.2169591784477234,2966.45458984375,-6.701052188873291e-05,0.033473215997219086,21.672882080078125,0.0
-9.204135126793975,-266.6586177171871,-105.65507237299958,15.0,12,180,False,11700,780,65,5237459562a741d08b9792a35dd2d2a4,2020-01-25_19-53-51,1580010831,72.55361533164978,4436.218650341034,22472,kadiaz-Inspiron-7472,192.168.0.13,3008.6138887405396,7920,44,4,6624c118,1134.1848921200567,210.01855383790894,2.308859381975557,11700,11700,67270.713,1.302,718.221,4.296,51.674757281553404,71.60582524271845,0.44999998807907104,0.0005000000237487257,-0.19541221857070923,-0.20992903411388397,2719.6669921875,-9.974837303161621e-05,0.032199129462242126,21.44644546508789,0.0
-9.204135126793975,-266.6586177171871,-109.83712562226202,15.0,12,180,False,11880,792,66,5237459562a741d08b9792a35dd2d2a4,2020-01-25_19-54-58,1580010898,67.29794239997864,4503.516592741013,22472,kadiaz-Inspiron-7472,192.168.0.13,3075.911831140518,8100,45,4,6624c118,1135.0084514941677,210.15029178402997,2.304413778172812,11880,11880,67504.26,1.297,721.504,4.183,53.54791666666667,72.046875,0.44999998807907104,0.0005000000237487257,-0.20003001391887665,-0.21560677886009216,2403.765869140625,-4.363059997558594e-05,0.03456159681081772,21.20960235595703,0.0
-8.980995822373995,-266.6586177171871,-109.6466159185832,15.0,12,180,False,12060,804,67,5237459562a741d08b9792a35dd2d2a4,2020-01-25_19-56-08,1580010968,69.66127586364746,4573.17786860466,22472,kadiaz-Inspiron-7472,192.168.0.13,3145.5731070041656,8280,46,4,6624c118,1135.9419359726153,210.3353052901083,2.3006546383339272,12060,12060,67567.752,1.288,724.88,4.184,55.98599999999998,72.541,0.44999998807907104,0.0005000000237487257,-0.20237326622009277,-0.21808099746704102,2893.2236328125,-8.082389831542969e-05,0.03484177961945534,21.49124526977539,0.0
-8.980995822373995,-258.7111642325981,-112.75134024136872,15.0,12,180,False,12240,816,68,5237459562a741d08b9792a35dd2d2a4,2020-01-25_19-57-14,1580011034,66.16185235977173,4639.339720964432,22472,kadiaz-Inspiron-7472,192.168.0.13,3211.7349593639374,8460,47,4,6624c118,1136.9169674618452,210.5406029953996,2.297318319934942,12240,12240,67586.837,1.262,726.477,4.134,55.823404255319154,73.05851063829788,0.44999998807907104,0.0005000000237487257,-0.19709822535514832,-0.2119627743959427,2539.406005859375,-0.0001049041748046875,0.032975904643535614,21.245431900024414,0.0
-8.980995822373995,-258.7111642325981,-108.69320857058871,15.0,12,180,False,12420,828,69,5237459562a741d08b9792a35dd2d2a4,2020-01-25_19-58-15,1580011095,61.28496217727661,4700.624683141708,22472,kadiaz-Inspiron-7472,192.168.0.13,3273.019921541214,8640,48,4,6624c118,1137.6169823728987,210.7700032817059,2.2940668887166997,12420,12420,66542.247,1.274,725.095,4.171,53.24137931034482,73.52413793103446,0.44999998807907104,0.0005000000237487257,-0.15773257613182068,-0.1718481183052063,1566.645751953125,-6.74128532409668e-05,0.031333085149526596,20.56635093688965,0.0
-8.980995822373995,-258.7111642325981,-109.36783720500108,15.0,12,180,False,12600,840,70,5237459562a741d08b9792a35dd2d2a4,2020-01-25_19-59-21,1580011161,65.80337452888489,4766.428057670593,22472,kadiaz-Inspiron-7472,192.168.0.13,3338.823296070099,8820,49,4,6624c118,1138.386244472445,211.0002562688368,2.2908320516991942,12600,12600,66964.883,1.276,723.965,4.254,53.04468085106384,74.0755319148936,0.44999998807907104,0.0005000000237487257,-0.187129944562912,-0.20280620455741882,2229.62451171875,-5.066394805908203e-05,0.034786611795425415,20.54496192932129,0.0
-8.980995822373995,-258.7111642325981,-112.65821678578642,15.0,12,180,False,12780,852,71,5237459562a741d08b9792a35dd2d2a4,2020-01-25_20-00-36,1580011236,75.01507878303528,4841.4431364536285,22472,kadiaz-Inspiron-7472,192.168.0.13,3413.838374853134,9000,50,4,6624c118,1139.2669774588464,211.2326459461667,2.288037899702522,12780,12780,67911.089,1.285,723.37,4.275,53.4570093457944,74.72710280373832,0.44999998807907104,0.0005000000237487257,-0.20731662213802338,-0.22219625115394592,3572.40478515625,-6.230175495147705e-05,0.032986439764499664,21.398815155029297,0.0
-8.443896486198586,-264.34814695138306,-102.63953151589854,15.0,12,180,False,12960,864,72,5237459562a741d08b9792a35dd2d2a4,2020-01-25_20-01-35,1580011295,59.10679340362549,4900.549929857254,22472,kadiaz-Inspiron-7472,192.168.0.13,3472.9451682567596,9180,51,4,6624c118,1139.465436801785,211.44854148022353,2.2858342995574494,12960,12960,67267.785,1.28,723.595,4.352,55.28470588235294,75.09882352941176,0.44999998807907104,0.0005000000237487257,-0.15309922397136688,-0.16518321633338928,2108.46923828125,-0.00010415911674499512,0.026806499809026718,20.105478286743164,0.0
-8.443896486198586,-264.34814695138306,-106.65348874108196,15.0,12,180,False,13140,876,73,5237459562a741d08b9792a35dd2d2a4,2020-01-25_20-02-46,1580011366,71.49499440193176,4972.044924259186,22472,kadiaz-Inspiron-7472,192.168.0.13,3544.4401626586914,9360,52,4,6624c118,1139.6643914842912,211.61827859021338,2.283686824963947,13140,13140,67088.33,1.267,721.501,4.441,51.71862745098039,75.63235294117646,0.44999998807907104,0.0005000000237487257,-0.20010453462600708,-0.21657758951187134,2585.489013671875,-6.315112113952637e-05,0.03654930740594864,20.862306594848633,0.0
-8.443896486198586,-264.34814695138306,-103.59334726325297,15.0,12,180,False,13320,888,74,5237459562a741d08b9792a35dd2d2a4,2020-01-25_20-03-55,1580011435,68.13583159446716,5040.180755853653,22472,kadiaz-Inspiron-7472,192.168.0.13,3612.5759942531586,9540,53,4,6624c118,1139.809729824245,211.71897215483196,2.2814493441440145,13320,13320,66923.447,1.265,716.651,4.498,53.97628865979382,76.27216494845361,0.44999998807907104,0.0005000000237487257,-0.20351287722587585,-0.21897052228450775,3026.20703125,-5.6609511375427246e-05,0.034283071756362915,20.78786277770996,0.0
-8.443896486198586,-264.34814695138306,-101.1167265667197,15.0,12,180,False,13500,900,75,5237459562a741d08b9792a35dd2d2a4,2020-01-25_20-05-08,1580011508,72.91348767280579,5113.094243526459,22472,kadiaz-Inspiron-7472,192.168.0.13,3685.4894819259644,9720,54,4,6624c118,1139.8183481137871,211.7425299172815,2.278983663428194,13500,13500,66961.804,1.258,714.308,4.552,50.97307692307693,76.85288461538462,0.44999998807907104,0.0005000000237487257,-0.19816944003105164,-0.21353194117546082,2799.74951171875,-7.840991020202637e-05,0.03407672047615051,20.661998748779297,0.0
-8.443896486198586,-264.34814695138306,-105.59414835742966,15.0,12,180,False,13680,912,76,5237459562a741d08b9792a35dd2d2a4,2020-01-25_20-06-17,1580011577,69.73406100273132,5182.82830452919,22472,kadiaz-Inspiron-7472,192.168.0.13,3755.2235429286957,9900,55,4,6624c118,1139.9734017448593,211.77861486936195,2.276083982867309,13680,13680,67204.006,1.252,715.618,4.639,55.538383838383844,77.28787878787877,0.44999998807907104,0.0005000000237487257,-0.20183105766773224,-0.21676750481128693,2900.599365234375,-8.115172386169434e-05,0.03312765434384346,20.88214111328125,0.0
-8.443896486198586,-264.34814695138306,-109.88263475426871,15.0,12,180,False,13860,924,77,5237459562a741d08b9792a35dd2d2a4,2020-01-25_20-07-27,1580011647,69.38667893409729,5252.214983463287,22472,kadiaz-Inspiron-7472,192.168.0.13,3824.610221862793,10080,56,4,6624c118,1140.4054048312232,211.85587579340807,2.273655817467042,13860,13860,67182.517,1.275,709.518,4.769,55.3060606060606,77.78787878787877,0.44999998807907104,0.0005000000237487257,-0.2007303684949875,-0.21564650535583496,2860.3779296875,-4.741549491882324e-05,0.03308337926864624,20.78925323486328,0.0
-8.443896486198586,-264.34814695138306,-115.3127334889592,15.0,12,180,False,14040,936,78,5237459562a741d08b9792a35dd2d2a4,2020-01-25_20-08-40,1580011720,73.48087930679321,5325.695862770081,22472,kadiaz-Inspiron-7472,192.168.0.13,3898.091101169586,10260,57,4,6624c118,1141.1960771083304,211.9875674089696,2.2714872254875944,14040,14040,67915.405,1.284,708.454,4.832,50.166666666666664,78.28285714285714,0.44999998807907104,0.0005000000237487257,-0.19922231137752533,-0.21328210830688477,2409.426513671875,-5.221366882324219e-05,0.03119048848748207,20.466392517089844,0.0
-8.443896486198586,-264.34814695138306,-113.87024503478077,15.0,12,180,False,14220,948,79,5237459562a741d08b9792a35dd2d2a4,2020-01-25_20-09-46,1580011786,66.04957270622253,5391.745435476303,22472,kadiaz-Inspiron-7472,192.168.0.13,3964.1406738758087,10440,58,4,6624c118,1141.8194814839683,212.08440872700015,2.269420791829188,14220,14220,68394.534,1.269,705.966,4.662,54.90638297872339,78.78617021276595,0.44999998807907104,0.0005000000237487257,-0.20193153619766235,-0.21718475222587585,3050.54541015625,-4.009902477264404e-05,0.033828254789114,19.98369598388672,0.0
-8.443896486198586,-264.34814695138306,-118.18103421649265,15.0,12,180,False,14400,960,80,5237459562a741d08b9792a35dd2d2a4,2020-01-25_20-10-56,1580011856,70.05359840393066,5461.799033880234,22472,kadiaz-Inspiron-7472,192.168.0.13,4034.1942722797394,10620,59,4,6624c118,1142.7026823477372,212.2645403468779,2.26756105935389,14400,14400,68819.421,1.281,705.924,4.794,55.28899999999999,79.29799999999999,0.44999998807907104,0.0005000000237487257,-0.20236028730869293,-0.21779227256774902,3032.79345703125,-7.715821266174316e-05,0.034225910902023315,20.62472152709961,0.0
-9.046177956253212,-253.97110830322453,-123.7822716887759,15.0,12,180,False,14580,972,81,5237459562a741d08b9792a35dd2d2a4,2020-01-25_20-12-10,1580011930,73.25023365020752,5535.049267530441,22472,kadiaz-Inspiron-7472,192.168.0.13,4107.444505929947,10800,60,4,6624c118,1143.805577953848,212.49060374451363,2.2653477624240055,14580,14580,68643.342,1.255,705.441,4.854,53.45809523809524,79.86571428571428,0.44999998807907104,0.0005000000237487257,-0.2032490372657776,-0.21879631280899048,3252.84375,-7.63237476348877e-05,0.034477218985557556,20.867721557617188,0.0
-8.618324960128565,-253.97110830322453,-125.76371387651074,15.0,12,180,False,14760,984,82,5237459562a741d08b9792a35dd2d2a4,2020-01-25_20-13-18,1580011998,68.3069200515747,5603.356187582016,22472,kadiaz-Inspiron-7472,192.168.0.13,4175.751425981522,10980,61,4,6624c118,1145.0243162037063,212.7291020208517,2.2632380292977787,14760,14760,69566.524,1.241,702.374,4.797,54.436082474226794,80.34948453608247,0.44999998807907104,0.0005000000237487257,-0.19902193546295166,-0.2143162488937378,2866.978759765625,-5.97834587097168e-05,0.033923640847206116,20.0941219329834,0.0
-8.618324960128565,-253.97110830322453,-127.03257066097946,15.0,12,180,False,14940,996,83,5237459562a741d08b9792a35dd2d2a4,2020-01-25_20-14-32,1580012072,74.38879370689392,5677.74498128891,22472,kadiaz-Inspiron-7472,192.168.0.13,4250.1402196884155,11160,62,4,6624c118,1146.3315551124404,212.98695309268638,2.2615571158152314,14940,14940,69855.187,1.243,703.04,4.809,52.76509433962264,80.84433962264151,0.44999998807907104,0.0005000000237487257,-0.20242607593536377,-0.21798919141292572,3313.80615234375,-7.656216621398926e-05,0.034511007368564606,20.740192413330078,0.0
-8.618324960128565,-253.97110830322453,-133.39503083936563,15.0,12,180,False,15120,1008,84,5237459562a741d08b9792a35dd2d2a4,2020-01-25_20-15-49,1580012149,76.32944130897522,5754.074422597885,22472,kadiaz-Inspiron-7472,192.168.0.13,4326.469660997391,11340,63,4,6624c118,1147.8429161573115,213.27159977771367,2.2598248953003055,15120,15120,70674.947,1.239,702.677,4.795,54.61743119266055,81.36422018348624,0.44999998807907104,0.0005000000237487257,-0.20601177215576172,-0.22156184911727905,3550.43408203125,-8.034706115722656e-05,0.034476861357688904,21.042821884155273,0.0
-8.618324960128565,-273.20682744739383,-131.5590023876399,15.0,12,180,False,15300,1020,85,5237459562a741d08b9792a35dd2d2a4,2020-01-25_20-17-02,1580012222,73.3041980266571,5827.378620624542,22472,kadiaz-Inspiron-7472,192.168.0.13,4399.773859024048,11520,64,4,6624c118,1149.146167250038,213.56468443124623,2.2579231852386066,15300,15300,70714.112,1.254,702.587,4.723,49.94,81.86571428571428,0.44999998807907104,0.0005000000237487257,-0.18974760174751282,-0.2032453417778015,3033.694091796875,-2.3663043975830078e-05,0.02992754988372326,19.751419067382812,0.0
-8.618324960128565,-273.20682744739383,-133.42252970616403,15.0,12,180,False,15480,1032,86,5237459562a741d08b9792a35dd2d2a4,2020-01-25_20-18-15,1580012295,73.48035264015198,5900.858973264694,22472,kadiaz-Inspiron-7472,192.168.0.13,4473.2542116642,11700,65,4,6624c118,1150.5505606590962,213.8306371324136,2.256355591317622,15480,15480,71094.721,1.249,696.657,4.699,53.567619047619054,82.36666666666666,0.44999998807907104,0.0005000000237487257,-0.2023875117301941,-0.2173856496810913,3215.97705078125,-7.906556129455566e-05,0.03325771540403366,20.441410064697266,0.0
-8.618324960128565,-273.20682744739383,-132.34628964484526,15.0,12,180,False,15660,1044,87,5237459562a741d08b9792a35dd2d2a4,2020-01-25_20-19-22,1580012362,66.32114720344543,5967.18012046814,22472,kadiaz-Inspiron-7472,192.168.0.13,4539.575358867645,11880,66,4,6624c118,1151.823526341305,214.11910472304731,2.2547365588851376,15660,15660,70783.223,1.282,701.681,4.617,53.78510638297872,82.94468085106384,0.44999998807907104,0.0005000000237487257,-0.17854249477386475,-0.1945015788078308,2233.44482421875,-5.3375959396362305e-05,0.035415008664131165,18.967124938964844,0.0
-8.618324960128565,-273.20682744739383,-133.93887318537887,15.0,12,180,False,15840,1056,88,5237459562a741d08b9792a35dd2d2a4,2020-01-25_20-20-34,1580012434,72.40562701225281,6039.5857474803925,22472,kadiaz-Inspiron-7472,192.168.0.13,4611.980985879898,12060,67,4,6624c118,1153.143547939589,214.35808496499175,2.2528573911353207,15840,15840,70676.129,1.294,701.209,4.636,52.87980769230769,83.51250000000002,0.44999998807907104,0.0005000000237487257,-0.19727927446365356,-0.21288923919200897,2954.6025390625,-6.282329559326172e-05,0.034623101353645325,19.74679183959961,0.0
-8.618324960128565,-273.20682744739383,-127.53948722517333,15.0,12,180,False,16020,1068,89,5237459562a741d08b9792a35dd2d2a4,2020-01-25_20-21-47,1580012507,73.07910752296448,6112.664855003357,22472,kadiaz-Inspiron-7472,192.168.0.13,4685.060093402863,12240,68,4,6624c118,1154.2315336790273,214.6002253131975,2.251195657285434,16020,16020,71378.157,1.307,701.992,4.779,51.972115384615385,84.13557692307693,0.44999998807907104,0.0005000000237487257,-0.2035234570503235,-0.2210163176059723,2995.618896484375,-6.0051679611206055e-05,0.03880637139081955,19.699678421020508,0.0
-9.360399764353545,-273.20682744739383,-131.9387678116355,15.0,12,180,False,16200,1080,90,5237459562a741d08b9792a35dd2d2a4,2020-01-25_20-23-00,1580012580,72.57478857040405,6185.239643573761,22472,kadiaz-Inspiron-7472,192.168.0.13,4757.634881973267,12420,69,4,6624c118,1155.4263218241447,214.8346669699312,2.2495831625373235,16200,16200,71631.103,1.309,701.396,4.597,52.526213592233,84.67572815533977,0.44999998807907104,0.0005000000237487257,-0.1997169703245163,-0.2156832069158554,3112.6103515625,-5.418062210083008e-05,0.03541136160492897,19.619449615478516,0.0
-8.952736897249823,-273.20682744739383,-129.46996540989755,15.0,12,180,False,16380,1092,91,5237459562a741d08b9792a35dd2d2a4,2020-01-25_20-24-14,1580012654,73.99014091491699,6259.229784488678,22472,kadiaz-Inspiron-7472,192.168.0.13,4831.625022888184,12600,70,4,6624c118,1156.44904235311,215.05572779309546,2.248449814971634,16380,16380,71703.643,1.332,702.856,4.553,51.87075471698113,85.15849056603773,0.44999998807907104,0.0005000000237487257,-0.1950412094593048,-0.21010641753673553,2883.6416015625,-5.033612251281738e-05,0.03341415151953697,19.457252502441406,0.0
-8.952736897249823,-273.20682744739383,-131.36993610770324,15.0,12,180,False,16560,1104,92,5237459562a741d08b9792a35dd2d2a4,2020-01-25_20-25-30,1580012730,76.20141911506653,6335.4312036037445,22472,kadiaz-Inspiron-7472,192.168.0.13,4907.82644200325,12780,71,4,6624c118,1157.4749316351104,215.25706056052022,2.247256021471925,16560,16560,72491.319,1.33,704.527,4.599,53.085321100917426,85.694495412844,0.44999998807907104,0.0005000000237487257,-0.19872772693634033,-0.21580739319324493,3379.611083984375,-8.624792098999023e-05,0.03787974640727043,20.43566131591797,0.0
-8.952736897249823,-273.20682744739383,-131.4124279874226,15.0,12,180,False,16740,1116,93,5237459562a741d08b9792a35dd2d2a4,2020-01-25_20-26-42,1580012802,71.67265558242798,6407.1038591861725,22472,kadiaz-Inspiron-7472,192.168.0.13,4979.499097585678,12960,72,4,6624c118,1158.5073514199557,215.4393793511141,2.2458576429817914,16740,16740,72219.513,1.348,704.791,4.535,52.14019607843137,86.20490196078433,0.44999998807907104,0.0005000000237487257,-0.18803803622722626,-0.20403333008289337,2674.46044921875,-5.811452865600586e-05,0.03548569977283478,18.689905166625977,0.0
-8.952736897249823,-243.7424039555639,-123.3581125507692,15.0,12,180,False,16920,1128,94,5237459562a741d08b9792a35dd2d2a4,2020-01-25_20-27-48,1580012868,65.788503408432,6472.8923625946045,22472,kadiaz-Inspiron-7472,192.168.0.13,5045.28760099411,13140,73,4,6624c118,1159.299395846606,215.56854518204054,2.2441817055302935,16920,16920,71163.522,1.357,706.704,4.526,54.37659574468085,86.76276595744677,0.44999998807907104,0.0005000000237487257,-0.1827186644077301,-0.20068228244781494,2667.512451171875,-4.4912099838256836e-05,0.03985977917909622,17.975833892822266,0.0
-8.952736897249823,-243.90960494897863,-128.4458258450304,15.0,12,180,False,17100,1140,95,5237459562a741d08b9792a35dd2d2a4,2020-01-25_20-28-55,1580012935,67.7576994895935,6540.650062084198,22472,kadiaz-Inspiron-7472,192.168.0.13,5113.045300483704,13320,74,4,6624c118,1160.1992287304884,215.68434335504338,2.2428270051842425,17100,17100,70605.82,1.345,709.711,4.553,55.393750000000004,87.24583333333332,0.44999998807907104,0.0005000000237487257,-0.1932586431503296,-0.20871755480766296,3146.1669921875,-3.981590270996094e-05,0.03428323194384575,18.378419876098633,0.0
-8.952736897249823,-243.90960494897863,-124.29432660427572,15.0,12,180,False,17280,1152,96,5237459562a741d08b9792a35dd2d2a4,2020-01-25_20-30-10,1580013010,74.52847099304199,6615.17853307724,22472,kadiaz-Inspiron-7472,192.168.0.13,5187.573771476746,13500,75,4,6624c118,1161.0948637630656,215.80790078414685,2.241311788574916,17280,17280,70706.301,1.363,714.0,4.588,47.36261682242991,87.60280373831779,0.44999998807907104,0.0005000000237487257,-0.17291277647018433,-0.18771956861019135,2213.523681640625,-3.93986701965332e-05,0.0328548401594162,17.556901931762695,0.0
-8.952736897249823,-243.90960494897863,-120.9752402673532,15.0,12,180,False,17460,1164,97,5237459562a741d08b9792a35dd2d2a4,2020-01-25_20-31-26,1580013086,75.76309776306152,6690.9416308403015,22472,kadiaz-Inspiron-7472,192.168.0.13,5263.336869239807,13680,76,4,6624c118,1161.8527703667817,216.05843998528078,2.2398484180262197,17460,17460,71650.578,1.311,714.008,4.539,51.175,88.1703703703704,0.44999998807907104,0.0005000000237487257,-0.19396930932998657,-0.20953525602817535,3197.35546875,-5.27501106262207e-05,0.0345199778676033,18.753734588623047,0.0
-8.952736897249823,-248.75717209188537,-123.27342592063776,15.0,12,180,False,17640,1176,98,5237459562a741d08b9792a35dd2d2a4,2020-01-25_20-32-42,1580013162,76.60237908363342,6767.544009923935,22472,kadiaz-Inspiron-7472,192.168.0.13,5339.939248323441,13860,77,4,6624c118,1162.9011425714941,216.34058499379773,2.238765829188036,17640,17640,72066.579,1.299,717.676,4.547,50.71834862385321,88.64862385321098,0.44999998807907104,0.0005000000237487257,-0.19044892489910126,-0.20603233575820923,3289.39794921875,-6.154179573059082e-05,0.034556709229946136,18.578060150146484,0.0
-8.987205594316166,-248.75717209188537,-126.85022332394757,15.0,12,180,False,17820,1188,99,5237459562a741d08b9792a35dd2d2a4,2020-01-25_20-34-01,1580013241,78.73147916793823,6846.275489091873,22472,kadiaz-Inspiron-7472,192.168.0.13,5418.670727491379,14040,78,4,6624c118,1164.1367435006882,216.61776556167078,2.2378834945652084,17820,17820,72633.019,1.305,716.489,4.545,51.66160714285714,89.15803571428572,0.44999998807907104,0.0005000000237487257,-0.19794990122318268,-0.21583962440490723,3409.21435546875,-6.982684135437012e-05,0.039679210633039474,19.907609939575195,0.0
-8.987205594316166,-248.75717209188537,-120.89852138182897,15.0,12,180,False,18000,1200,100,5237459562a741d08b9792a35dd2d2a4,2020-01-25_20-35-11,1580013311,69.43216872215271,6915.707657814026,22472,kadiaz-Inspiron-7472,192.168.0.13,5488.1028962135315,14220,79,4,6624c118,1165.1055361816893,216.90228317867198,2.2369658264177086,18000,18000,72319.928,1.29,715.241,4.574,53.713,89.54800000000003,0.44999998807907104,0.0005000000237487257,-0.18369263410568237,-0.19816958904266357,2830.1298828125,-3.892183303833008e-05,0.032108064740896225,17.707660675048828,0.0
-8.987205594316166,-277.2049320889557,-124.02643178274481,15.0,12,180,False,18180,1212,101,5237459562a741d08b9792a35dd2d2a4,2020-01-25_20-36-31,1580013391,80.10481715202332,6995.812474966049,22472,kadiaz-Inspiron-7472,192.168.0.13,5568.207713365555,14400,80,4,6624c118,1166.3441070347842,217.20068319571794,2.2368548804151622,18180,18180,72929.217,1.277,717.441,4.569,47.828947368421055,90.11666666666666,0.44999998807907104,0.0005000000237487257,-0.18435785174369812,-0.2017042636871338,3589.55859375,-4.4345855712890625e-05,0.038467783480882645,18.15958023071289,0.0
-8.653391817891967,-277.2049320889557,-126.4972802507853,15.0,12,180,False,18360,1224,102,5237459562a741d08b9792a35dd2d2a4,2020-01-25_20-37-44,1580013464,73.78448581695557,7069.596960783005,22472,kadiaz-Inspiron-7472,192.168.0.13,5641.99219918251,14580,81,4,6624c118,1167.5432435699115,217.50558724561827,2.2368566273251393,18360,18360,72689.456,1.297,715.594,4.471,48.32285714285714,90.6104761904762,0.44999998807907104,0.0005000000237487257,-0.17375221848487854,-0.1890476495027542,2574.4912109375,1.1771917343139648e-06,0.03393267095088959,16.60892677307129,0.0
-8.653391817891967,-277.2049320889557,-127.98513254393566,15.0,12,180,False,18540,1236,103,5237459562a741d08b9792a35dd2d2a4,2020-01-25_20-38-56,1580013536,71.7374038696289,7141.334364652634,22472,kadiaz-Inspiron-7472,192.168.0.13,5713.729603052139,14760,82,4,6624c118,1168.8142638117117,217.85777598377015,2.236588509269393,18540,18540,72694.002,1.283,717.563,4.479,54.880392156862754,91.13431372549017,0.44999998807907104,0.0005000000237487257,-0.1877690553665161,-0.2041466236114502,2976.208740234375,-4.4345855712890625e-05,0.036328475922346115,18.039369583129883,0.0
-8.426737735863938,-277.2049320889557,-134.02267322227686,15.0,12,180,False,18720,1248,104,5237459562a741d08b9792a35dd2d2a4,2020-01-25_20-40-13,1580013613,77.2529673576355,7218.587332010269,22472,kadiaz-Inspiron-7472,192.168.0.13,5790.982570409775,14940,83,4,6624c118,1170.3246963314352,218.2526141832411,2.236701422393858,18720,18720,73844.588,1.284,713.529,4.388,54.47207207207206,91.76036036036032,0.44999998807907104,0.0005000000237487257,-0.1957085132598877,-0.21035686135292053,3464.537841796875,-3.790855407714844e-05,0.032474860548973083,19.462526321411133,0.0
-8.426737735863938,-277.2049320889557,-142.8663645429696,15.0,12,180,False,18900,1260,105,5237459562a741d08b9792a35dd2d2a4,2020-01-25_20-41-31,1580013691,77.94983696937561,7296.537168979645,22472,kadiaz-Inspiron-7472,192.168.0.13,5868.93240737915,15120,84,4,6624c118,1172.1105332089296,218.51013765935375,2.2370660715292114,18900,18900,74864.403,1.287,713.039,4.319,54.822522522522526,92.18108108108109,0.44999998807907104,0.0005000000237487257,-0.19547376036643982,-0.21504922211170197,4105.76513671875,-7.155537605285645e-05,0.043409835547208786,20.14113426208496,0.0
-8.426737735863938,-277.2049320889557,-135.62881005503948,15.0,12,180,False,19080,1272,106,5237459562a741d08b9792a35dd2d2a4,2020-01-25_20-42-36,1580013756,64.15668058395386,7360.693849563599,22472,kadiaz-Inspiron-7472,192.168.0.13,5933.089087963104,15300,85,4,6624c118,1173.4994926225895,218.77504901274864,2.2375395306744736,19080,19080,73828.227,1.285,712.088,4.271,55.00109890109889,92.62197802197802,0.675000011920929,0.0005000000237487257,-0.1436796933412552,-0.15990902483463287,2169.938720703125,-1.399219036102295e-05,0.02401130087673664,15.17050838470459,0.0
-8.426737735863938,-277.2049320889557,-131.82648761567665,15.0,12,180,False,19260,1284,107,5237459562a741d08b9792a35dd2d2a4,2020-01-25_20-43-48,1580013828,72.3846595287323,7433.078509092331,22472,kadiaz-Inspiron-7472,192.168.0.13,6005.473747491837,15480,86,4,6624c118,1174.5456159139471,219.03061691909494,2.2376187955607536,19260,19260,73494.115,1.296,708.205,4.306,50.81730769230769,93.30576923076923,0.675000011920929,0.0005000000237487257,-0.1632491648197174,-0.18468518555164337,2377.265625,-3.141164779663086e-05,0.031721848994493484,16.53352928161621,0.0
-8.426737735863938,-277.2049320889557,-127.89211469819753,15.0,12,180,False,19440,1296,108,5237459562a741d08b9792a35dd2d2a4,2020-01-25_20-44-57,1580013897,69.44862008094788,7502.527129173279,22472,kadiaz-Inspiron-7472,192.168.0.13,6074.922367572784,15660,87,4,6624c118,1175.4370934926044,219.29839486502325,2.2373473846239076,19440,19440,72780.63,1.284,706.345,4.279,55.903030303030306,93.87474747474748,0.675000011920929,0.0005000000237487257,-0.16870073974132538,-0.1883193403482437,3276.97509765625,-4.3004751205444336e-05,0.02901606261730194,17.19315528869629,0.0
-8.426737735863938,-261.8019941813835,-132.01342924204434,15.0,12,180,False,19620,1308,109,5237459562a741d08b9792a35dd2d2a4,2020-01-25_20-46-12,1580013972,74.84937191009521,7577.376501083374,22472,kadiaz-Inspiron-7472,192.168.0.13,6149.77173948288,15840,88,4,6624c118,1176.335651981645,219.5430392835016,2.236604641019442,19620,19620,72389.558,1.287,709.165,4.282,53.11509433962265,94.33773584905659,0.675000011920929,0.0005000000237487257,-0.18875965476036072,-0.20843496918678284,3718.1162109375,-4.315376281738281e-05,0.029093528166413307,18.03154754638672,0.0
-8.426737735863938,-265.8180171564304,-134.59680209624443,15.0,12,180,False,19800,1320,110,5237459562a741d08b9792a35dd2d2a4,2020-01-25_20-47-26,1580014046,73.94974684715271,7651.326247930527,22472,kadiaz-Inspiron-7472,192.168.0.13,6223.721486330032,16020,89,4,6624c118,1177.2575379827342,219.77248924466642,2.236037675173708,19800,19800,72841.488,1.291,708.943,4.319,47.700943396226414,94.79245283018865,0.675000011920929,0.0005000000237487257,-0.1551310271024704,-0.17288829386234283,3017.9560546875,-3.4928321838378906e-05,0.026262342929840088,15.200750350952148,0.0
