training_iteration,reward_mean_5,reward_mean_10,reward_mean_15,reward_mean_30,reward_mean_45
1,-8.68615113477305,-9.6418924331665,-8.910303141,-8.06705726283173,-7.90320656460497
2,-8.14219373135692,-8.69602298736572,-8.910303141,-8.06705726283173,-8.31770509620795
3,-8.14864280165776,-8.49293804168701,-7.972516389,-8.1163076467169,-8.87001087296576
4,-8.90237356695767,-8.49293804168701,-7.972516389,-8.4380146418102,-8.44399615086498
5,-8.34621487683783,-8.49293804168701,-8.394205391,-8.39693126742986,-8.13250782458015
6,-8.07011106456465,-8.49293804168701,-8.394205391,-7.36420847681053,-8.30291876507623
7,-8.46538112532252,-8.49293804168701,-8.17223533,-7.72784162274304,-7.8546847940595
8,-8.26938031384772,-8.49293804168701,-8.17223533,-8.5185010670167,-8.35190834860161
9,-8.22006456835092,-8.49293804168701,-8.007339158,-7.96989877761278,-7.69181348092589
10,-7.92843262613958,-8.49293804168701,-8.007339158,-8.02176142951735,-8.11920352564793
11,-8.42741047052756,-8.49293804168701,-8.580585027,-8.53545837636151,-8.087531828537
12,-8.97038773636549,-8.49293804168701,-9.312514559,-8.16051530549939,-8.05792232232273
13,-8.62401496561978,-8.49293804168701,-8.883370125,-8.3613941877545,-7.77125733855548
14,-8.84670502034784,-8.49293804168701,-8.883370125,-7.71586352776705,-7.96496169244579
15,-8.31737385890755,-8.49293804168701,-8.883370125,-7.72797464326421,-8.48445931366968
16,-8.36310885383573,-8.49293804168701,-9.251326918,-7.89058898184949,-8.62052228309669
17,-8.14838443578177,-8.49293804168701,-8.390916984,-7.73324043128474,-8.7473252947119
18,-8.93497998088885,-8.49293804168701,-8.390916984,-7.84085215396179,-7.50935921989619
19,-8.56989745005851,-8.49293804168701,-8.390916984,-8.06705726283173,-8.32623905536184
20,-9.00221820510433,-8.70528888702393,-8.033748195,-8.42827652548101,-7.76236257595258
21,-8.27419354957481,-8.62794017791748,-8.033748195,-7.81301491599257,-8.34436475394059
22,-8.80408590458197,-8.62794017791748,-8.433281197,-8.29268315743098,-7.88403872857013
23,-7.8195972604561,-8.62794017791748,-9.456881351,-8.3299270696854,-8.6404374200887
24,-8.389739553345,-8.62794017791748,-9.456881351,-7.91746004396213,-8.14571729319189
25,-8.30494524543043,-8.62794017791748,-8.70274988,-8.86396889797972,-7.74856769593473
26,-7.86370907836057,-8.62794017791748,-8.70274988,-8.50263508736633,-8.02963148304634
27,-8.81754659249918,-8.62794017791748,-8.337539544,-8.05670623566177,-7.73867949007945
28,-8.97220547944485,-8.62794017791748,-8.337539544,-8.07454089242587,-8.64315496866651
29,-7.70077042913441,-8.62794017791748,-8.742706744,-8.06705726283173,-8.23085408276708
30,-8.01466961812246,-8.62794017791748,-8.742706744,-8.64461919046862,-7.52540037190748
31,-8.2715250048877,-8.62794017791748,-9.442596014,-8.34718286023709,-8.46141900939595
32,-8.25397661989842,-8.62794017791748,-9.610311216,-8.17866267990336,-8.22197524595326
33,-8.70175338245071,-8.62794017791748,-8.02304579,-8.51649339888525,-8.67428566434536
34,-8.5443019238966,-8.47299957275391,-8.02304579,-7.87727360730631,-8.07777589685838
35,-8.17960489359964,-8.47299957275391,-8.512555066,-7.79190268486179,-7.94529454274091
36,-7.45071365057576,-8.47299957275391,-8.512555066,-8.5039272608429,-8.34785719912147
37,-8.56992793883283,-8.47299957275391,-8.512555066,-8.06095987654144,-8.19715598463136
38,-7.80946947821301,-8.47299957275391,-9.249198664,-8.31194111509529,-7.86924429305676
39,-8.50607352124134,-8.47299957275391,-9.654745441,-7.39995975665119,-7.83896885865935
40,-8.22880817201155,-8.47299957275391,-7.938002507,-8.15407266731576,-8.3695585599396
41,-8.37857020276357,-8.47299957275391,-7.938002507,-8.23526739397248,-8.01188380406813
42,-8.2438474956784,-8.47299957275391,-7.938002507,-8.18124219365683,-7.61632578399038
43,-7.63268002601906,-8.47299957275391,-9.106799807,-8.07468833826532,-7.95878992284468
44,-8.46108498627095,-8.47299957275391,-8.110953684,-7.82331318544902,-7.74086264750295
45,-7.97975377959614,-8.47299957275391,-8.110953684,-7.87845282879337,-8.16429461862518
46,-8.06859156997416,-8.47299957275391,-8.110953684,-8.28028141609127,-8.25945564542252
47,-8.64079276155276,-8.47299957275391,-8.979720073,-8.06705726283173,-8.71996159712079
48,-8.723293595563,-8.47299957275391,-8.979720073,-7.9303646078522,-7.6450737461881
49,-8.77423393363374,-8.47299957275391,-8.919175569,-8.00985243967553,-8.54904996769997
50,-7.72050191631062,-8.47299957275391,-8.588760141,-7.96818239182406,-7.73172430069178
51,-8.8736006396424,-8.64980697631836,-8.588760141,-7.94117356654233,-8.31075248754517
52,-8.54908482388183,-8.64980697631836,-8.670356825,-7.77560529403512,-7.32654791331511
53,-7.9852791930675,-8.64980697631836,-8.670356825,-8.3983637508435,-8.35392480025284
54,-9.14108936903326,-8.64980697631836,-8.37252239,-8.15614890010063,-8.276802531035
55,-8.53953099575827,-8.56945991516113,-8.37252239,-7.63422125474403,-8.9290191021427
56,-7.83957454130329,-8.56945991516113,-8.37252239,-8.00321512088827,-8.10667972054884
57,-8.65874782441326,-8.22311305999756,-8.891543483,-7.60619286202995,-8.34024383433685
58,-8.1198233289318,-8.22311305999756,-8.891543483,-8.23129298710071,-8.12107058954913
59,-8.37999596203061,-8.22311305999756,-8.891543483,-8.59112778140194,-8.4188689456783
60,-8.1682885906575,-8.22311305999756,-8.051488408,-8.37203481074084,-7.65093045229305
61,-8.0385557246418,-8.22311305999756,-8.051488408,-8.16430850699988,-8.29049397831608
62,-8.63148464469808,-8.22311305999756,-8.051488408,-8.68551145537998,-8.24499768889424
63,-8.10745098431231,-8.22311305999756,-8.715038427,-8.38545831539283,-8.3970390240127
64,-8.65218360307366,-8.22311305999756,-8.715038427,-8.11160931538824,-8.06334907881323
65,-8.96355594365897,-8.22311305999756,-8.423268479,-7.85291731444568,-7.92611457277153
66,-8.75110001696057,-8.22311305999756,-8.423268479,-7.25396475432176,-8.57844197922159
67,-8.72299909048348,-8.22311305999756,-8.423268479,-7.88155567506865,-7.96775780598594
68,-9.14932731813754,-8.22311305999756,-8.588595375,-8.35140062493776,-7.93941799448367
69,-7.79817135081819,-8.22311305999756,-8.469485003,-8.20347160700676,-7.56632885751896
70,-8.13609774225184,-8.22311305999756,-8.469485003,-8.38763386646931,-8.33709953799788
71,-8.0003470514019,-8.22311305999756,-8.658643245,-7.26719436503845,-8.40359474435398
72,-8.04091039975759,-8.22311305999756,-8.658643245,-8.06440294342843,-7.83525847805347
73,-8.07541154386623,-8.58623790740967,-8.57626385,-8.36955339848984,-8.33112545418662
74,-8.83451963430509,-8.58623790740967,-8.57626385,-8.06705726283173,-7.95530348803623
75,-9.02082313795525,-8.58623790740967,-9.016559774,-7.96915479311347,-8.52639799460733
76,-8.00137945545035,-8.58623790740967,-9.884929991,-8.64542437663216,-8.1836726365914
77,-8.72429386279529,-8.58623790740967,-8.86375506,-8.97937221392388,-7.87116648033594
78,-8.34296377584129,-8.58623790740967,-8.86375506,-7.69577491625943,-8.0385802201519
79,-8.96823266266181,-8.58623790740967,-8.762796782,-8.21981635639883,-7.40390419089362
80,-8.34151834896047,-8.58623790740967,-9.313741643,-8.37969166300353,-7.71344018182591
81,-8.33717924898925,-8.59169864654541,-8.500369553,-8.14289710986461,-8.06705726283173
82,-9.09450402865178,-8.59169864654541,-8.500369553,-8.33760422817809,-7.46807463952671
83,-8.41985148229536,-8.59169864654541,-8.826263116,-7.35956448502128,-8.13855243122644
84,-8.0835654899228,-8.59169864654541,-8.826263116,-8.22616524522349,-7.91859451024661
85,-8.69640068376577,-8.59169864654541,-8.885223047,-8.68340354646097,-8.11350997681854
86,-7.84161622972732,-8.59169864654541,-9.258934623,-7.84260455670918,-7.5157034113488
87,-7.43468102853933,-8.59169864654541,-9.258934623,-7.77969146440468,-7.75355936116921
88,-8.87051964893757,-8.59169864654541,-9.38736521,-7.27244899255576,-7.55946141277732
89,-8.00800604340244,-8.59169864654541,-8.432812978,-7.85269790755474,-7.82207577314343
90,-8.37451762958353,-8.59169864654541,-8.432812978,-8.09739590801032,-7.97809317902208
91,-8.17991142938471,-8.59169864654541,-8.432812978,-8.61545084177021,-8.41071677534155
92,-7.96862125686431,-8.59169864654541,-8.622794162,-7.81925221110397,-8.10965593586083
93,-8.23391786692494,-8.59169864654541,-8.772611654,-8.16749069924634,-8.15078567273731
94,-8.49170752861789,-8.59169864654541,-8.211991572,-8.19805936284911,-8.06705726283173
95,-8.50700389972723,-8.6377477645874,-8.211991572,-7.88120915615824,-7.83328714381182
96,-9.05910606725245,-8.33231067657471,-8.211991572,-8.05307752141568,-8.36775538029823
97,-8.72606082264206,-8.33231067657471,-8.354332428,-8.85068731055836,-8.36969796435917
98,-8.39737215681108,-8.33231067657471,-8.064995122,-8.23871131473418,-8.04183423125531
99,-8.389739553345,-8.33231067657471,-8.064995122,-7.65253217692798,-7.02269476912723
100,-8.55976635995999,-8.33231067657471,-8.064995122,-7.9391186417162,-7.5717601062252
101,-7.79781584464657,-8.33231067657471,-8.648568255,-7.87980307989878,-8.71592375874794
102,-8.33282512240782,-8.33231067657471,-8.238380424,-7.93668530112562,-7.58948651686106
103,-8.0547033329128,-8.33231067657471,-8.238380424,-7.9176387931172,-7.80200726412438
104,-8.32106537848936,-8.33231067657471,-8.238380424,-8.3737070525513,-8.35721834851421
105,-8.21127605554973,-8.33231067657471,-8.521580364,-7.20552291833386,-7.87078118263848
106,-8.46538654031719,-8.33231067657471,-8.104530541,-7.6774177900449,-8.28396662331057
107,-8.05757311528216,-8.33231067657471,-8.104530541,-8.27856244957767,-8.60380330595863
108,-7.83591711264442,-8.33231067657471,-9.239777815,-8.45971106755794,-8.56162294239946
109,-8.85100617415534,-8.33231067657471,-7.707257165,-7.58912430985992,-8.65412141948832
110,-8.00625975470923,-8.33231067657471,-7.707257165,-8.40373740863656,-8.22051415950549
111,-8.7344953125093,-8.33231067657471,-8.189429885,-8.07836723303722,-8.1804174596342
112,-8.76658141608334,-8.33231067657471,-8.189429885,-7.41075732845872,-7.52965906599928
113,-8.24757108144602,-8.49750328063965,-8.952673265,-7.70745131544141,-8.34253628772295
114,-8.02637438807332,-8.49750328063965,-8.660697389,-7.67354462002994,-7.68163007636467
115,-8.389739553345,-8.49750328063965,-8.660697389,-8.03613545872182,-8.43029700668513
116,-8.15897630661128,-8.49750328063965,-8.57301528,-7.71805605729671,-8.02050858662756
117,-8.23791207293692,-8.49750328063965,-8.57301528,-8.26593964877758,-8.1032004421584
118,-8.88435966900293,-8.49750328063965,-8.27122542,-7.37419592738413,-8.23213536739568
119,-9.01251936135058,-8.49750328063965,-8.27122542,-7.37903048533187,-8.21082607301834
120,-8.61499509128558,-8.37270164489746,-8.07970677,-7.8387842689164,-7.99165598622291
121,-8.66504767629584,-8.37270164489746,-7.546889819,-8.42725564504829,-8.06705726283173
122,-8.28350925919375,-8.37270164489746,-7.546889819,-7.62036140384535,-7.95229304982212
123,-8.44558633568147,-8.37270164489746,-7.935200222,-8.54558473332005,-7.40207921091837
124,-8.57362896997049,-8.37270164489746,-8.360224038,-7.7918981119984,-7.82494381873022
125,-8.62883341622218,-8.37270164489746,-8.360224038,-7.91470557290814,-8.43191106899602
126,-8.43133006144454,-8.16848468780518,-8.446783147,-8.06705726283173,-7.96265177389085
127,-7.95690876466018,-8.16848468780518,-7.893757992,-7.53833442171124,-7.9467531503345
128,-8.20363372054364,-8.16848468780518,-7.893757992,-7.8724602158302,-8.76801713934198
129,-7.62332889527196,-8.16848468780518,-7.893757992,-7.96213206343906,-8.52124899570674
130,-8.43807461976414,-8.16848468780518,-8.316229831,-7.91984203039133,-7.54077171262192
131,-8.4379038414269,-8.16848468780518,-8.812992834,-8.14935798290695,-7.71199597196061
132,-8.28515349878095,-8.16848468780518,-8.159375441,-7.30677073191466,-8.37115999028134
133,-8.93120144469708,-8.16848468780518,-8.159375441,-7.83719789280315,-8.61280949249026
134,-8.35290135051083,-8.16848468780518,-8.159375441,-7.99627170888763,-8.18727622272679
135,-8.11415267588609,-8.16848468780518,-8.7306232,-7.9725534832759,-8.06705726283173
136,-8.60729762927944,-8.16848468780518,-8.884789259,-7.60260660523578,-7.51827426609115
137,-8.79962597371345,-8.16848468780518,-8.688749067,-7.81970247968227,-8.2419260490159
138,-8.38534231575441,-8.16848468780518,-8.688749067,-7.75581808402833,-8.16750690800964
139,-8.5735489457667,-8.16848468780518,-9.000182458,-7.75070480779321,-8.27298371470815
140,-7.96504632447202,-8.16848468780518,-8.475999317,-8.17432152712396,-8.55419072639129
141,-7.7788126036227,-8.16848468780518,-8.475999317,-8.19587190421747,-7.52618627054821
142,-9.1611295109055,-8.16848468780518,-8.305444238,-8.44300829918318,-8.27336937461261
143,-7.51881403611605,-8.39625835418701,-8.305444238,-8.11678974423542,-8.02311642893016
144,-8.68624260109601,-8.16350269317627,-8.305444238,-8.17459511791848,-7.71283645066882
145,-8.83772460484434,-8.16350269317627,-8.420888839,-7.64401026115687,-7.59098587274228
146,-7.91599636103956,-8.16350269317627,-8.235257448,-7.82204410266877,-8.31999868149093
147,-8.48038956586217,-8.16350269317627,-8.235257448,-8.1443027050679,-8.18734275562531
148,-8.3981861165903,-8.16350269317627,-8.286344509,-8.76673619428244,-8.10431718010802
149,-8.85301301826586,-8.16350269317627,-7.973621805,-8.60772166129698,-8.07420852788593
150,-8.65569475624615,-8.16350269317627,-7.973621805,-7.907926427442,-8.34762755988274
151,-8.55003557922809,-8.16350269317627,-7.973621805,-8.15259351013434,-7.96676941099364
152,-8.07154726241108,-8.16350269317627,-8.331896064,-7.98651214877207,-8.15160237595159
153,-8.48313089514065,-8.16350269317627,-7.703242091,-8.11196836156735,-8.35087479092385
154,-8.73466317734398,-8.16350269317627,-7.703242091,-7.66812840291425,-8.11083857001698
155,-8.54359917530609,-8.16350269317627,-8.112765,-7.75953908182693,-8.01084253251315
156,-8.54329538233354,-8.16350269317627,-8.415604325,-8.73778150243882,-8.72101625335637
157,-7.73365889365738,-8.16350269317627,-8.415604325,-8.49525878706396,-8.06705726283173
158,-7.99098099410428,-8.16350269317627,-8.409870699,-8.74484517282333,-7.62195203589086
159,-8.86680199612063,-8.16350269317627,-8.400555623,-8.17131236795332,-8.44964470113397
160,-9.05235008447128,-8.16350269317627,-7.893044822,-8.62841413978931,-8.12457548559567
161,-8.16558335349566,-8.75060653686523,-7.710994784,-8.73633942053965,-8.05699247115929
162,-8.62095304511356,-8.75060653686523,-7.710994784,-7.31587181668059,-8.33264654248791
163,-7.96903392654485,-8.75060653686523,-8.392447525,-7.99996065136662,-7.9030213975946
164,-7.5429451358289,-8.72745513916016,-7.607482025,-8.00044420337263,-7.97249336823268
165,-8.45031963549273,-8.72745513916016,-7.607482025,-7.8660801206086,-8.12384764194585
166,-8.68655575259195,-8.67704391479492,-7.607482025,-8.07433554935364,-8.04192202400695
167,-8.04968772941762,-8.67704391479492,-7.634076977,-8.65445668734375,-8.2991246014634
168,-8.5446992314727,-8.67704391479492,-7.634076977,-8.11724879633349,-8.31723169165746
169,-9.51242531228104,-8.67704391479492,-8.102853995,-6.86909464222245,-8.05331291917977
170,-8.08693903160038,-8.67704391479492,-7.652686961,-8.33461984623013,-8.07965574341251
171,-8.72880476524405,-8.67704391479492,-7.652686961,-8.16976844929199,-7.63966495431593
172,-7.93909776420128,-8.67704391479492,-7.652686961,-8.14891686571492,-7.51648532571252
173,-8.06973893671374,-8.67704391479492,-8.060077819,-8.19978234759663,-7.70389412575908
174,-8.26707360852164,-8.67704391479492,-8.31766045,-7.9728730969975,-8.6986308193407
175,-7.79452753027636,-8.67704391479492,-8.31766045,-8.38061157823468,-8.7498732851373
176,-8.47806955848398,-8.35536479949951,-8.356030781,-7.77753237110882,-8.33639778457111
177,-8.2385003297054,-8.35536479949951,-8.356030781,-8.47762057383288,-8.15690214351641
178,-8.46477308616591,-8.35536479949951,-8.247223822,-7.88022691868496,-8.06705726283173
179,-8.11842456517894,-8.35536479949951,-8.014075371,-7.67813446187253,-8.15887922779421
180,-8.67007302678142,-8.31170558929443,-8.014075371,-7.89444513945436,-7.81177659816948
181,-8.50468096118889,-8.31170558929443,-8.071056296,-8.19807406618956,-8.72569356818973
182,-8.65932200219561,-8.31170558929443,-8.071056296,-8.0462095545866,-8.28781106578275
183,-7.45213915969359,-8.31170558929443,-7.828218407,-8.17022044967251,-8.11066894395075
184,-8.63805067888372,-8.31170558929443,-7.828218407,-7.99449417802952,-8.1677162296994
185,-8.11802256068354,-8.31170558929443,-7.935043498,-7.45081099361069,-8.72306562056883
186,-8.26769324871574,-8.31170558929443,-8.44199609,-8.70619727831867,-8.08317995952391
187,-8.69541171739193,-8.31170558929443,-8.204062951,-7.71143011407308,-7.65072286240553
188,-7.9333435554335,-8.31170558929443,-8.204062951,-8.24918738255232,-8.59987915530826
189,-8.73544755109323,-8.31170558929443,-8.074012045,-8.40344872965665,-8.4664424130189
190,-8.54646101175936,-8.31170558929443,-7.647852388,-8.11776582418968,-7.85405419167052
191,-8.16708752129689,-8.31170558929443,-7.647852388,-8.31778598155889,-7.7190563145683
192,-7.72478399991952,-8.31170558929443,-7.647852388,-8.42080510056496,-8.23254730994566
193,-8.93029549254583,-8.31170558929443,-7.965425123,-8.45689373095131,-8.25759580302341
194,-8.81256729301172,-8.31170558929443,-7.965425123,-8.01264112797216,-7.98944897407269
195,-7.86330921631959,-8.31170558929443,-8.238824306,-8.24370125948541,-7.98630665289377
196,-7.78161352138597,-8.31170558929443,-8.238824306,-7.79228515281706,-7.92834662814019
197,-9.04532448204259,-8.53535556793213,-8.103666491,-7.84400109107796,-8.24465319607925
198,-8.6784070331824,-8.53535556793213,-8.103666491,-7.33780019073669,-8.03365965501985
199,-8.68726718871738,-8.57057285308838,-7.831970251,-7.86321159962512,-7.90822666308904
200,-7.94321151210639,-8.57057285308838,-7.831970251,-8.03956992531484,-8.42481482261935
201,-8.1615366573506,-8.57057285308838,-7.831970251,-7.96977692891381,-8.06705726283173
202,-8.34362828397489,-8.57057285308838,-7.936967286,-8.04946418964817,-7.79085783085318
203,-8.91150320087943,-8.57057285308838,-7.679250584,-7.71900848060621,-7.90419613677002
204,-8.95131588971353,-8.57057285308838,-7.679250584,-7.96666163177286,-7.44343890396471
205,-8.09106450414612,-8.56772422790527,-7.679250584,-7.24910701512595,-8.35260333328505
206,-8.6662663797043,-8.53735542297363,-7.726145955,-7.67800927407776,-8.22868971483176
207,-8.04846982648663,-8.53735542297363,-7.880832566,-8.00083786012855,-7.69924528945118
208,-8.1389499141168,-8.53735542297363,-8.344596305,-8.31247512140466,-8.29231999963646
209,-9.01986689698395,-8.53735542297363,-7.885019904,-8.1717290644702,-8.02451777386067
210,-8.7903079921511,-8.53735542297363,-7.885019904,-8.17108533207742,-7.91085238087309
211,-8.389739553345,-8.53735542297363,-7.885019904,-7.83436579626122,-8.21222026436058
212,-8.10178449845815,-8.35135555267334,-8.073210738,-8.0226426706619,-7.86387267267808
213,-8.45550960770206,-8.35135555267334,-8.073210738,-8.00661881969439,-8.33598563827968
214,-8.65018959014615,-8.34406661987305,-8.077580361,-8.44475486134269,-7.92827819365491
215,-8.04757317400013,-8.34406661987305,-8.077580361,-7.9022771188021,-8.00166532768214
216,-8.45244039461063,-8.34406661987305,-7.659751499,-7.77103575842253,-8.47135597736876
217,-9.12123121806874,-8.34406661987305,-7.659751499,-8.50479470133476,-8.53835969971653
218,-8.96333976765447,-8.34406661987305,-7.659751499,-7.78887449850462,-8.01936779303953
219,-7.41751784979025,-8.34406661987305,-8.224069862,-7.99079590306076,-8.23796843949381
220,-8.32353586974653,-8.34406661987305,-8.296329841,-8.12871509281687,-7.83751484656708
221,-8.65057713896013,-8.34406661987305,-8.296329841,-7.60020399564546,-8.66847024983853
222,-8.45341020249791,-8.34406661987305,-7.821540397,-7.94999028485545,-8.26808511403502
223,-8.52287426027129,-8.34406661987305,-7.821540397,-7.96691051325852,-8.08551405539617
224,-8.02127242718493,-8.34406661987305,-7.821540397,-7.96297605102759,-8.84950425194088
225,-8.50762422268153,-8.34406661987305,-8.017886611,-7.92274883212724,-8.32920743228795
226,-8.13266786108627,-8.34406661987305,-7.51919168,-8.06705726283173,-8.76089470087153
227,-7.56254675730693,-8.34406661987305,-7.51919168,-8.04554928942504,-8.64959097959392
228,-8.43844267459731,-8.34406661987305,-7.51919168,-8.29983316890938,-8.69948024003425
229,-8.5377915228953,-8.34406661987305,-8.106556475,-7.35792758103137,-7.25172160636369
230,-8.12049217494701,-8.34406661987305,-7.749016324,-8.22942360281091,-7.97662663683136
231,-7.90584903772876,-8.43033123016357,-8.263448764,-8.35604076827763,-8.46897401357751
232,-8.54340143382692,-8.43033123016357,-8.263448764,-7.86843283618451,-7.77524582622442
233,-8.0524351329075,-8.43033123016357,-8.337931877,-7.51028352688722,-8.08069427436218
234,-8.94413598348029,-8.43033123016357,-8.272825216,-8.08106446123632,-7.97217268486853
235,-8.01932307619169,-8.43033123016357,-8.272825216,-8.83823092123736,-7.69254183392931
236,-8.14655835831931,-8.43033123016357,-8.31331363,-8.39097925560773,-8.14997595332678
237,-8.39791765351502,-8.43033123016357,-8.31331363,-8.46607056225636,-7.68228721041649
238,-8.28622585607267,-8.43033123016357,-7.940035275,-7.33058738161946,-8.18210877390706
239,-8.38197237254679,-8.43033123016357,-7.940035275,-8.06705726283173,-7.92008346399552
240,-8.37911911253276,-8.43033123016357,-7.940035275,-8.03887760907829,-7.47425316655218
241,-8.8958394106102,-8.3764181137085,-8.259876287,-7.97122563240972,-7.85046940634228
242,-7.91314746171485,-8.10792255401611,-8.259876287,-8.50971274799626,-8.23705727382553
243,-8.1612452835506,-8.10792255401611,-7.698536978,-7.81281094817505,-8.04659144102985
244,-8.3884099838066,-8.10792255401611,-7.698536978,-7.58143737177819,-7.45427342088635
245,-8.42159778864617,-7.94461536407471,-8.131648578,-7.71488507082934,-7.69634618461404
246,-8.46884532107387,-7.94461536407471,-7.907459147,-8.42655871350222,-8.19219526545754
247,-8.38241606882245,-8.48047542572022,-7.83530242,-7.86698760761202,-8.07202350141771
248,-8.56397841356176,-8.48047542572022,-7.83530242,-7.87087789190778,-8.03689606795654
249,-8.26942459908671,-8.48047542572022,-8.242042003,-8.08340942614835,-7.39328989582868
250,-8.21543384148756,-8.43943214416504,-8.022091573,-7.89139614883256,-7.70319033491792
251,-8.26876819578752,-8.43943214416504,-8.022091573,-7.68779300585115,-8.37641172014263
252,-8.39307158938275,-8.43943214416504,-8.022091573,-6.95081687244098,-7.97368969268157
253,-8.37210729185409,-8.37684631347656,-7.768085128,-7.7088197787676,-8.14029873870914
254,-8.389739553345,-8.37684631347656,-7.768085128,-8.51421697315895,-8.21675085140157
255,-8.60338190537495,-8.37684631347656,-7.970276645,-8.54005270051574,-8.17189400448334
256,-8.389739553345,-8.37684631347656,-7.970276645,-8.12160962148064,-8.73371043157362
257,-8.54240873581544,-8.37684631347656,-7.970276645,-7.50720748393003,-7.58443128429788
258,-8.14738209672544,-8.37684631347656,-8.461555117,-8.00324765726404,-7.31957302892175
259,-8.69919651614275,-8.37684631347656,-8.183880589,-8.06705726283173,-7.94497035615592
260,-8.18197680252455,-7.82318258285522,-8.183880589,-8.35609745367331,-7.24120184732604
261,-8.40071782524505,-7.82318258285522,-8.183880589,-7.4392960708374,-8.66858737852753
262,-8.6409989551323,-7.82318258285522,-8.07082577,-8.54253979488908,-8.02652918008157
263,-8.57888697687912,-7.82318258285522,-8.07082577,-7.76019345405037,-7.91897309579559
264,-8.0330102050598,-7.82318258285522,-8.216940379,-7.64634957507374,-7.86235364442911
265,-9.01002253085305,-7.82318258285522,-8.14169947,-7.70998395734515,-8.15909951756471
266,-8.53392009600153,-7.82318258285522,-8.14169947,-8.51959321167689,-8.20734348665927
267,-8.4076085266191,-7.82318258285522,-7.853551172,-7.62976520311248,-7.34137209507845
268,-8.33383241736145,-7.82318258285522,-7.853551172,-7.83547496465047,-8.27571086177149
269,-8.52590462077598,-7.82318258285522,-8.253373321,-8.03801986894268,-8.26154458374985
270,-8.12094882380163,-7.82318258285522,-8.253373321,-7.72459416532256,-7.51736317965566
271,-9.17395344253677,-8.33621215820313,-8.253373321,-8.26458114614392,-7.64859403603219
272,-8.64615009829834,-8.33621215820313,-8.383877727,-7.77636597401339,-8.26125945892614
273,-8.24373491087623,-8.33621215820313,-7.779145622,-8.24966757848408,-7.64867412905532
274,-8.39148714943571,-8.33621215820313,-7.779145622,-8.41193856747021,-7.86223298422185
275,-8.86672990606119,-8.33621215820313,-8.140552781,-7.57024531127055,-8.0970912211788
276,-8.78318287153781,-8.33621215820313,-8.140552781,-8.00113463783062,-8.13299579098399
277,-8.18210106488043,-8.34746551513672,-8.140552781,-8.50934995240874,-7.77645116057247
278,-8.45921871424481,-8.24782752990723,-8.436785737,-8.2860811651453,-8.06705726283173
279,-8.41550222038035,-8.24782752990723,-8.201824986,-8.01396063675835,-7.77180291285095
280,-7.71907419410802,-8.24782752990723,-8.201824986,-8.20264975932117,-7.51803901264391
281,-8.389739553345,-8.24782752990723,-8.409584028,-7.53517647469591,-7.76792643769711
282,-8.55013585080325,-8.24782752990723,-7.665707784,-8.07581950577784,-7.66221573582762
283,-8.60534283974808,-8.24782752990723,-7.665707784,-7.79692722038162,-8.3067813405364
284,-8.6687259644559,-8.24782752990723,-7.665707784,-7.57637367262636,-7.95894673583824
285,-8.37424208875708,-8.24782752990723,-8.172281135,-8.0787162987156,-8.50854182331332
286,-8.01240228922499,-8.24782752990723,-8.172281135,-8.27974285955645,-8.81644104608332
287,-8.7467168848425,-8.24782752990723,-8.312499549,-9.21392397565225,-7.83926890188392
288,-9.24265216144433,-8.24782752990723,-8.380767844,-8.01683675276988,-7.93042084048913
289,-9.08728758297626,-8.29184532165527,-8.380767844,-7.90173379698142,-8.44167062345209
290,-7.88035679670426,-8.29184532165527,-8.549291445,-8.06705726283173,-7.03549416847831
291,-8.02765722385341,-8.29184532165527,-8.249109663,-8.34523948384834,-8.47058723828471
292,-8.00928668964121,-8.29184532165527,-8.249109663,-8.31027091069921,-8.14745744881506
293,-8.01936293526113,-8.29184532165527,-8.249109663,-7.59396135798078,-7.97189885071618
294,-8.8833192837232,-8.29184532165527,-8.294283374,-8.01281378186253,-8.08064923477051
295,-8.58414850353429,-8.32329559326172,-8.238668597,-8.14188545439145,-8.02759702291577
296,-8.29276568050695,-8.32329559326172,-8.238668597,-7.78251858060034,-8.0951143576209
297,-7.79393442355613,-8.32329559326172,-7.647979408,-7.87259556805894,-8.64235050691697
298,-8.71162067990686,-8.28688621520996,-7.647979408,-7.14643971230768,-7.96964260671123
299,-7.80092310984726,-8.28688621520996,-7.647979408,-7.80828766186892,-7.62081207990652
300,-8.87035997722526,-8.28688621520996,-7.95500769,-7.39720105230288,-8.10876530846141
301,-7.70507450233034,-8.28688621520996,-7.95500769,-7.86937190311085,-8.06705726283173
302,-8.61477034546344,-8.28688621520996,-8.26311855,-7.93298404360858,-8.22756360194624
303,-8.66934204958828,-8.28688621520996,-8.567549146,-8.43634817267382,-8.06705726283173
304,-8.83758211985423,-8.28688621520996,-7.922623684,-7.851707859993,-7.92551257341666
305,-8.56437848749384,-8.28688621520996,-7.922623684,-7.40658533766782,-8.13950986317962
306,-8.0947405321345,-8.28688621520996,-7.922623684,-8.06705726283173,-7.63446488422817
307,-8.08615771850029,-8.28688621520996,-7.995469928,-7.72086538007343,-7.994847742998
308,-8.34360949041188,-8.28688621520996,-7.995469928,-7.76857868195441,-8.23115031149917
309,-8.21146920605516,-8.28688621520996,-7.646172479,-8.06941744043782,-8.01297880676794
310,-8.72323323014419,-8.29760456085205,-7.646172479,-7.90858316532991,-9.13735350616271
311,-8.46553198001091,-8.29760456085205,-7.646172479,-8.40130564138264,-8.00896725104062
312,-7.95780864260003,-8.29760456085205,-8.425763337,-8.41474257033161,-7.98660947492518
313,-8.06778986824197,-8.29760456085205,-8.012263962,-8.10537805045746,-8.60234614719304
314,-8.65229098477226,-8.44376087188721,-8.012263962,-8.06485160471315,-8.62568943762322
315,-8.24741193946145,-8.51694583892822,-8.012263962,-8.44445219211736,-8.93300700122527
316,-8.07419745497496,-8.51694583892822,-8.545644514,-8.37507524422224,-8.45848834727384
317,-8.3602228294253,-8.51694583892822,-8.244077254,-8.25240358829998,-8.66038968329832
318,-8.46706634229328,-8.51694583892822,-8.244077254,-7.79482044335948,-7.87621727586336
319,-8.75955016322543,-8.29620933532715,-8.244077254,-9.06439442157805,-8.10868626810238
320,-8.5651302064709,-8.29620933532715,-8.423283601,-7.70197533417053,-7.47515918208966
321,-8.93297106495428,-8.29620933532715,-7.810706938,-8.01718788981955,-7.77784810242412
322,-8.37888840065196,-8.29620933532715,-7.810706938,-8.022259342465,-8.34706831227298
323,-8.67699379020466,-8.29620933532715,-8.488906982,-8.27411004265407,-7.97813900952669
324,-8.30515907886114,-8.29620933532715,-8.345197077,-7.3336052450771,-7.81841569403484
325,-8.7452889978357,-8.29620933532715,-8.345197077,-8.29886883804472,-8.34799583385115
326,-9.01694392994958,-8.29620933532715,-8.003431331,-7.79388540598604,-7.42928086615234
327,-8.38705510505399,-8.29620933532715,-7.888850775,-7.94782253254847,-7.6015364646509
328,-8.70944119164027,-8.29620933532715,-7.888850775,-8.04225671742472,-7.77797360715002
329,-8.71527509500347,-8.29620933532715,-8.4681641,-7.91938322731057,-8.33282212233171
330,-8.27538560179213,-8.37516975402832,-8.208724377,-7.90368567391573,-8.33709992284282
331,-8.6527036544528,-8.37516975402832,-7.21589269,-8.05219088253789,-8.59070544803861
332,-7.91825224781786,-8.37516975402832,-7.21589269,-7.33439888589247,-7.99579841752682
333,-7.7093657207998,-8.37516975402832,-8.09783354,-8.5211341308115,-8.26331586653718
334,-8.27790718823267,-8.37516975402832,-8.025428498,-8.07716613481323,-8.06751110625871
335,-8.40333941839688,-8.37516975402832,-7.855239625,-8.59030380575022,-7.43591278579149
336,-7.82526774869762,-8.37516975402832,-7.855239625,-7.82291693098977,-8.06305061670711
337,-8.69219360960475,-8.37516975402832,-7.855239625,-8.22717438788558,-7.99216085750662
338,-8.79060934837604,-8.37516975402832,-7.819292093,-8.07669295734955,-8.46585762981556
339,-8.42611578061784,-8.37516975402832,-7.819292093,-7.60656389782675,-7.78186407254928
340,-8.4059356420044,-8.3938455581665,-7.819292093,-8.78580073340814,-8.5599309376695
341,-8.24724174382471,-8.3938455581665,-8.391442148,-8.15627022812705,-8.67065150567528
342,-9.07531098029311,-8.3938455581665,-8.068860663,-8.06705726283173,-7.70511530666343
343,-8.39905342068858,-8.3938455581665,-8.068860663,-7.96378727020149,-7.51441295835549
344,-8.17288768688897,-8.3938455581665,-8.30273479,-7.87138545710607,-8.06705726283173
345,-8.35329266039176,-8.27649688720703,-8.063447642,-8.3124413456018,-7.81348603411136
346,-8.7872791266558,-8.27649688720703,-7.910026336,-7.4306258765752,-7.6289704756761
347,-8.23072191352899,-8.27649688720703,-7.910026336,-8.02033348218045,-7.80088505628309
348,-8.08291740923498,-8.27649688720703,-8.394063611,-7.95003968083524,-7.85064811022147
349,-8.48452569182133,-8.27649688720703,-8.794628621,-8.08966190565639,-8.65209265279905
350,-8.72874336391321,-8.27649688720703,-7.209093855,-8.54372018222992,-7.60462699588814
351,-7.87948394665084,-9.6418924331665,-7.209093855,-8.46383737499082,-8.39751007421768
352,-8.59389276289421,-8.69602298736572,-7.209093855,-7.95521583394195,-7.78456133753503
353,-8.67175967990294,-8.49293804168701,-7.709833067,-7.31272908235931,-8.50088490313681
354,-8.78871862058595,-8.49293804168701,-7.709833067,-6.76871947585915,-8.02062719244198
355,-8.28399989302577,-8.49293804168701,-7.709833067,-8.90877988043643,-9.15533934756314
356,-8.6622564348926,-8.49293804168701,-7.678060895,-8.0774171895409,-7.71780728900074
357,-7.80763365376015,-8.49293804168701,-7.678060895,-7.81431338281578,-7.84086895131147
358,-8.60084832354405,-8.49293804168701,-7.805275612,-7.83080238114606,-8.11625181024388
359,-8.04827469833097,-8.49293804168701,-8.023851864,-8.16516484358336,-8.27652990235282
360,-8.76804346464344,-8.49293804168701,-7.579695409,-7.76081097171144,-8.06705726283173
361,-8.65194315376699,-8.49293804168701,-7.579695409,-8.48094672072436,-8.57132117068265
362,-8.78826201881824,-8.49293804168701,-7.579695409,-7.74350983737079,-7.88668740122288
363,-8.64299598162206,-8.49293804168701,-8.112194403,-7.9030463106449,-8.23243084907583
364,-8.35851943102136,-8.49293804168701,-7.908010896,-8.31822445577171,-7.83710987650187
365,-8.24707701026956,-8.49293804168701,-7.908010896,-8.66577443368079,-8.57283954243143
366,-8.54694734891083,-8.49293804168701,-7.56184534,-8.42989975615662,-7.6717866483499
367,-8.12847373582553,-8.49293804168701,-7.56184534,-7.6633434220498,-8.3406404510031
368,-8.38594540931399,-8.49293804168701,-7.277501437,-8.46522865735808,-7.64803469787068
369,-8.94200468866624,-8.49293804168701,-8.265659312,-7.95810285012043,-8.03694794562023
370,-8.78798331139707,-8.49293804168701,-8.204916114,-8.05196946511512,-7.95554467262311
371,-7.52355361614395,-8.49293804168701,-7.870006287,-8.4068979590147,-8.22152935781588
372,-9.13572513405534,-8.49293804168701,-7.870006287,-8.14985927739653,-8.23551527938889
373,-8.79219358746799,-8.49293804168701,-8.548710906,-8.00562840992564,-7.78758083092417
374,-8.6465944103825,-8.49293804168701,-8.340890169,-8.02350139837753,-8.13500816214697
375,-8.26383007380298,-8.49293804168701,-7.790322923,-9.67788198645077,-8.5266629037528
376,-8.26748099269652,-8.49293804168701,-7.790322923,-8.14664797276235,-8.14995031020299
377,-8.15592658161479,-8.49293804168701,-8.261844094,-8.81562798191751,-8.4586752913623
378,-9.09771855783379,-8.49293804168701,-8.222183867,-7.5851202925658,-8.16041535900502
379,-9.10795162640797,-8.49293804168701,-7.707888729,-8.19350027464471,-7.89243438124443
380,-8.33354611129015,-8.49293804168701,-7.707888729,-8.00284959742928,-8.09101732953053
381,-8.32174013979765,-8.49293804168701,-7.707888729,-8.00423129262997,-8.38723847225169
382,-7.75569632099738,-8.70528888702393,-8.213407943,-8.46257662297159,-7.93296938554401
383,-8.50435398968482,-8.62794017791748,-8.213407943,-7.481733012781,-7.9594313574868
384,-8.68500800585537,-8.62794017791748,-7.986424235,-7.68018138418773,-8.21330397638902
385,-8.23804032590843,-8.62794017791748,-7.986424235,-7.67417558462593,-7.76014034544882
386,-8.73924383905012,-8.62794017791748,-8.41550119,-8.12483178100588,-7.76713315908873
387,-8.29608115225259,-8.62794017791748,-7.983962746,-7.67233244902475,-8.11747393062264
388,-8.29990742279952,-8.62794017791748,-7.983962746,-7.94624861861985,-7.85029389441229
389,-8.28581308044658,-8.62794017791748,-8.155044516,-7.79432539694067,-7.61126751794357
390,-8.12164959474191,-8.62794017791748,-8.155044516,-8.21233507266097,-7.93381543318486
391,-8.94088679833241,-8.62794017791748,-8.155044516,-8.10630017571726,-8.2901046963416
392,-8.58484933333321,-8.62794017791748,-8.440996747,-7.94822551047517,-8.35240176508891
393,-8.32126524476535,-8.62794017791748,-8.440996747,-7.84569427298067,-7.96364547747952
394,-7.9911866226409,-8.62794017791748,-7.52971986,-8.15863049345514,-6.84678187598639
395,-7.97754191907883,-8.62794017791748,-7.52971986,-8.26689524139834,-8.52370009575933
396,-8.43904738235503,-8.47299957275391,-7.270389989,-8.15124447015859,-8.06243255998015
397,-7.84055371359982,-8.47299957275391,-7.270389989,-8.8042566289443,-7.60476843772209
398,-8.57280278304503,-8.47299957275391,-7.270389989,-8.42845002263456,-8.1223727689941
399,-7.67757555845604,-8.47299957275391,-8.373608471,-8.07124146749738,-8.48353351257476
400,-8.50804007072851,-8.47299957275391,-8.070500514,-7.76092106000185,-7.43151151796887
401,-8.2435954512201,-8.47299957275391,-8.070500514,-7.56337696101141,-8.43780614640516
402,-8.49335707725421,-8.47299957275391,-7.649828089,-8.30406754985622,-7.90955680038692
403,-8.19593038444546,-8.47299957275391,-7.649828089,-8.08554423459669,-8.27032756021703
404,-8.91645735595687,-8.47299957275391,-7.649828089,-7.72881351467886,-8.10280131551082
405,-7.90220714775025,-8.47299957275391,-7.848536822,-8.28567508582114,-7.86428087996837
406,-8.13907005636805,-8.47299957275391,-7.848536822,-7.86703849769568,-7.91635311672871
407,-8.19463720131687,-8.47299957275391,-8.121107054,-8.38330082939053,-8.39274635037661
408,-8.04966206705159,-8.47299957275391,-8.027991008,-7.5772263984588,-7.86253932079307
409,-8.40405897407138,-8.47299957275391,-8.027991008,-8.26224097198542,-7.98476047609816
410,-8.59851697999224,-8.47299957275391,-7.994912267,-8.18049660186395,-8.33769996401608
411,-8.22039571881826,-8.47299957275391,-7.994912267,-8.04269152146191,-8.15099237408579
412,-8.60179519422023,-8.47299957275391,-8.305694238,-8.23490545862659,-7.56080782675231
413,-8.50919591311192,-8.64980697631836,-7.908947715,-8.10769767219838,-8.43048979136148
414,-8.25691416033148,-8.64980697631836,-7.682472218,-7.97650200366606,-8.00240993472473
415,-9.09208795220516,-8.64980697631836,-7.682472218,-7.68084195920606,-8.08252557032201
416,-7.82250746693782,-8.64980697631836,-7.912635815,-7.93834889524393,-8.24722648439989
417,-8.92214112270706,-8.56945991516113,-8.15581372,-7.70096364474047,-8.05442549740836
418,-8.36945454923973,-8.56945991516113,-8.15581372,-8.6293711359622,-8.30652666373872
419,-8.28827361870811,-8.22311305999756,-7.926024073,-7.81346326034617,-8.06705726283173
420,-8.01101091811702,-8.22311305999756,-7.926024073,-8.27159840875641,-8.19313544164281
421,-9.16658278723052,-8.22311305999756,-8.219116786,-8.02770593969292,-8.24581137560334
422,-8.25714780557964,-8.22311305999756,-8.219116786,-8.59880312885962,-8.44223933371976
423,-8.13925644990187,-8.22311305999756,-8.219116786,-8.53550618768566,-8.03172484143099
424,-8.4836098102179,-8.22311305999756,-7.996857769,-8.06705726283173,-7.68497664267584
425,-8.91015467885969,-8.22311305999756,-7.996857769,-8.00817419881162,-7.7241104152346
426,-9.11143252624069,-8.22311305999756,-7.850867823,-8.13384697743667,-7.97626632575749
427,-8.8361218605967,-8.22311305999756,-7.850867823,-8.05603128696795,-8.12634200309714
428,-7.9993875614338,-8.22311305999756,-8.083006269,-8.49257741391038,-8.07964888836204
429,-8.389739553345,-8.22311305999756,-8.408016552,-8.06705726283173,-8.44079580299258
430,-8.76148675366601,-8.22311305999756,-8.408016552,-8.06705726283173,-7.99075463410057
431,-9.01889544694068,-8.22311305999756,-8.176033507,-8.15955174998409,-7.95604177909424
432,-8.05758848915832,-8.22311305999756,-8.062502751,-7.9319058552369,-7.88831209204547
433,-9.0954627181424,-8.22311305999756,-8.062502751,-7.75224554582432,-7.88973803309515
434,-9.13481569747273,-8.22311305999756,-8.062502751,-7.74783350234342,-7.89132183980248
435,-8.90246369130369,-8.58623790740967,-8.654820219,-8.06705726283173,-8.10495953158661
436,-8.40371744388328,-8.58623790740967,-8.019716501,-7.45771751143258,-8.07912184887796
437,-8.59509183106114,-8.58623790740967,-7.988265609,-7.61297718026483,-7.87220026439307
438,-8.2544649700153,-8.58623790740967,-7.988265609,-8.36209917840634,-7.1291038513708
439,-8.57980375901971,-8.58623790740967,-8.459607317,-7.63176318220665,-8.19266464045514
440,-8.11314313253251,-8.58623790740967,-8.614135831,-7.63266974105464,-8.0444726559967
441,-9.00850609691172,-8.58623790740967,-8.392815261,-8.21399044920794,-7.87899006100884
442,-8.81353007906352,-8.58623790740967,-7.821510535,-7.71450857928959,-8.24409712909971
443,-9.0724249293963,-8.59169864654541,-7.821510535,-8.1249032829317,-8.12464318434798
444,-9.00041585944458,-8.59169864654541,-7.821510535,-8.85519551999807,-7.64516203414463
445,-8.8113798553116,-8.59169864654541,-8.047383106,-8.76925489121663,-8.10076029603784
446,-8.22124350686376,-8.59169864654541,-7.625715597,-7.85784165445383,-8.46833326939249
447,-9.0830873364172,-8.59169864654541,-7.625715597,-7.88595030997556,-7.80003083634678
448,-8.12592652233414,-8.59169864654541,-8.052182246,-7.9225194871817,-7.72043390098332
449,-9.06104355234433,-8.59169864654541,-8.076223733,-8.22553662365404,-8.06705726283173
450,-8.389739553345,-8.59169864654541,-8.076223733,-8.30868451194803,-8.26478710609995
451,-7.95873079264837,-8.59169864654541,-8.313110096,-8.44665907409944,-7.88119525646457
452,-8.22638861113358,-8.59169864654541,-7.833750099,-7.58335358264186,-7.66106713215112
453,-8.91287978669761,-8.59169864654541,-7.833750099,-7.86751439241931,-7.88701614935229
454,-8.59452596411843,-8.59169864654541,-7.833750099,-8.64436374398107,-8.20359382923171
455,-8.72974094719162,-8.59169864654541,-8.279206741,-7.64748667867795,-7.47953903442334
456,-8.55591492145958,-8.59169864654541,-8.001879563,-8.38541543913907,-7.98204045432567
457,-8.11908010914202,-8.6377477645874,-8.001879563,-7.53523012660796,-7.84830854728728
458,-8.62916514350417,-8.33231067657471,-7.961531162,-8.0299475595902,-8.08212185666234
459,-8.19471238734065,-8.33231067657471,-7.961531162,-8.21001149211071,-7.79863348701225
460,-8.69570681105783,-8.33231067657471,-8.233458027,-8.90663561498967,-8.07470403838246
461,-8.07215355346615,-8.33231067657471,-8.233458027,-7.4178530994387,-8.27432813654464
462,-8.68035120461552,-8.33231067657471,-7.984563335,-7.85468506571475,-8.03423773456393
463,-7.71612796614003,-8.33231067657471,-7.915483883,-7.76655937792305,-7.5541009755398
464,-8.48884138371234,-8.33231067657471,-7.915483883,-7.80342820218986,-8.13564159993764
465,-9.25417800113663,-8.33231067657471,-7.915483883,-7.67553313646621,-8.53111660103883
466,-8.82787129220051,-8.33231067657471,-8.28242371,-8.16703499756303,-8.29711783884945
467,-8.98057767332996,-8.33231067657471,-8.97481083,-7.96291553982047,-7.92973954043895
468,-8.54251861312027,-8.33231067657471,-8.630666048,-7.84127654737744,-8.73145800206115
469,-7.56737975776456,-8.33231067657471,-8.274157358,-7.28290092833244,-8.23481920808445
470,-8.24500709324289,-8.33231067657471,-8.274157358,-7.85422030885641,-8.49804121597085
471,-8.18832206973196,-8.33231067657471,-8.052087104,-8.29946507604447,-8.18024177791968
472,-8.3331224291585,-8.33231067657471,-8.052087104,-8.32789832563407,-7.46733600889964
473,-8.44097855780095,-8.33231067657471,-7.89372118,-7.79211561730258,-8.53468787151833
474,-8.63477418332796,-8.33231067657471,-7.89372118,-8.71316758984863,-7.74393303097575
475,-8.17313232693065,-8.49750328063965,-7.905472046,-8.34319957929379,-8.55684574898553
476,-8.17228666956784,-8.49750328063965,-7.905472046,-7.86661489660785,-7.44767002504854
477,-8.27466368882919,-8.49750328063965,-7.986457456,-8.49000089968364,-7.77244472101903
478,-8.99596303869949,-8.49750328063965,-8.957031493,-8.22520649461044,-8.24118980669124
479,-8.37480685210033,-8.49750328063965,-7.941925107,-8.13574304053589,-7.61334857826863
480,-8.389739553345,-8.49750328063965,-7.941925107,-8.27989369613449,-8.71424153360702
481,-8.33970043519105,-8.49750328063965,-8.21808217,-8.18715730564072,-7.62728435680992
482,-8.1049848544802,-8.37270164489746,-8.21808217,-7.92366858889282,-8.47399379513045
483,-8.30244843259049,-8.37270164489746,-8.301027592,-8.1886758245361,-8.16902037864494
484,-8.389739553345,-8.37270164489746,-8.369151842,-7.61003026410354,-8.30354454558452
485,-8.34397122971323,-8.37270164489746,-8.369151842,-7.80326099838296,-8.43148986752957
486,-8.1756452846949,-8.37270164489746,-8.467309893,-7.72607054369715,-7.87410612971927
487,-8.21883695374471,-8.37270164489746,-7.947338758,-7.9898923833559,-8.48160562053531
488,-7.71130989223292,-8.16848468780518,-7.947338758,-8.38778327685728,-8.89397883464528
489,-8.2971047922499,-8.16848468780518,-7.967653644,-8.47412826447962,-8.18194578075655
490,-8.42312174177847,-8.16848468780518,-8.020018862,-7.6442724990257,-8.14240050708759
491,-8.58908382384767,-8.16848468780518,-8.020018862,-8.03945095446368,-7.56648234273569
492,-8.60768463659395,-8.16848468780518,-8.42618781,-8.10393622040534,-8.00487645121282
493,-8.32202828814431,-8.16848468780518,-8.359531508,-7.63048925490777,-8.38663942714768
494,-7.89228725421547,-8.16848468780518,-7.91422977,-8.25439225188284,-7.96165692708634
495,-8.39592255906004,-8.16848468780518,-7.91422977,-7.43176135024791,-7.95425629100108
496,-8.74440244549143,-8.16848468780518,-7.91422977,-8.35560702539376,-8.08702292204091
497,-9.33079396020344,-8.16848468780518,-8.242212781,-8.02721046032355,-7.66076075030403
498,-8.79297038022471,-8.16848468780518,-7.957383526,-8.08985943581041,-7.32601664619618
499,-8.31019826112658,-8.16848468780518,-7.957383526,-7.99681832452822,-8.4327884022666
500,-8.61915225332185,-8.16848468780518,-7.957383526,-7.83462436678416,-8.16418872967219
501,-8.72465532546104,-8.16848468780518,-7.927872988,-7.71351140077751,-8.49833682215966
502,-8.78763289061175,-8.16848468780518,-7.927872988,-7.80111297503856,-8.10809256272189
503,-8.6430398195354,-8.16848468780518,-7.962527065,-8.10476089500339,-7.97411894193483
504,-8.37576051212036,-8.16848468780518,-7.962527065,-7.74680252539054,-8.29303169111782
505,-8.4839022729027,-8.39625835418701,-7.798691663,-7.32271929476129,-8.47702682600626
506,-8.94500516075472,-8.16350269317627,-7.798071782,-7.97806944314453,-8.26365851436026
507,-8.58168861271777,-8.16350269317627,-7.798071782,-7.96906124183646,-7.69521922280587
508,-8.90717012214684,-8.16350269317627,-7.928611231,-8.10294523902867,-8.02305339076325
509,-8.29294243299592,-8.16350269317627,-8.168177144,-8.63575268001181,-8.06705726283173
510,-8.31416481535057,-8.16350269317627,-8.085712431,-7.73517088141114,-8.59106362548686
511,-8.57253603569904,-8.16350269317627,-8.085712431,-8.02330814962346,-7.87626083125524
512,-8.37179095316291,-8.16350269317627,-8.799452043,-7.91524411812399,-8.24436862588501
513,-7.62242920567976,-8.16350269317627,-8.55673091,-7.86919222580034,-8.41571079492154
514,-8.56490664959325,-8.16350269317627,-7.84081973,-7.96473955768337,-8.06563391736308
515,-7.91047866982146,-8.16350269317627,-7.84081973,-8.18735331622318,-7.80538011308107
516,-8.29341218378329,-8.16350269317627,-7.969054459,-8.76706313137685,-8.74411464657791
517,-8.52262600630926,-8.16350269317627,-7.975650733,-7.91377722504525,-7.85591059310312
518,-8.21626128798787,-8.16350269317627,-7.975650733,-8.14902746901841,-7.89104549849855
519,-8.2987491613261,-8.16350269317627,-8.394218286,-8.12391294107677,-7.90836558079294
520,-8.38220487078724,-8.16350269317627,-8.219402443,-8.05251283221167,-8.032022728392
521,-8.84383869886637,-8.16350269317627,-7.93975679,-7.6002416198977,-8.50703730598232
522,-8.54662937100659,-8.16350269317627,-7.93975679,-8.47875007109006,-7.77583613308453
523,-8.4392132989688,-8.75060653686523,-8.431569478,-7.77140674894345,-8.3067418146974
524,-8.389739553345,-8.75060653686523,-8.431569478,-8.27455166354022,-8.25650136061255
525,-8.82019857436565,-8.75060653686523,-8.374675546,-8.5723206809023,-8.35263113267238
526,-8.14128128121207,-8.72745513916016,-8.374675546,-7.56930475024034,-8.11591760071203
527,-8.3531693044589,-8.72745513916016,-8.626954699,-7.8391022866634,-7.81713157966404
528,-8.31091933829687,-8.67704391479492,-8.124587102,-8.28795794072171,-8.89294663524378
529,-7.76068560290979,-8.67704391479492,-8.124587102,-7.81882405979069,-8.26005711278585
530,-8.56276853894896,-8.67704391479492,-8.080512765,-7.95762583481889,-8.19531454687549
531,-8.2565956056126,-8.67704391479492,-8.080512765,-7.74148704709704,-8.28939273320498
532,-8.389739553345,-8.67704391479492,-8.080512765,-8.29812513651963,-7.95405355695116
533,-8.38278913326143,-8.67704391479492,-8.312153822,-9.31958573430071,-8.20318901763205
534,-8.34874865878809,-8.67704391479492,-8.312153822,-7.82727763162826,-7.6937614754539
535,-8.42981762989057,-8.67704391479492,-8.312153822,-8.32918624317838,-8.16668774291966
536,-8.88080691454533,-8.67704391479492,-8.38991426,-7.72226943023748,-8.09784198291068
537,-8.11154012930687,-8.67704391479492,-8.540085847,-8.2550200358486,-7.82313364396614
538,-8.72626136579238,-8.35536479949951,-8.550404546,-7.82687193714905,-7.57084960837608
539,-8.2082704745315,-8.35536479949951,-8.545735468,-8.06749990525481,-8.28603976035748
540,-7.34114702517767,-8.35536479949951,-8.545735468,-8.17742074001026,-8.10528092238631
541,-8.05540810624045,-8.35536479949951,-8.81841409,-7.99064712653504,-8.43197907336049
542,-8.69307997360138,-7.82318258285522,-8.418634313,-7.77292530179574,-7.44907212834996
543,-8.73363268031538,-7.82318258285522,-8.127289198,-7.98411612682159,-8.19018150772088
544,-8.32400808082495,-7.82318258285522,-8.127289198,-8.35499466918246,-7.59079467272156
545,-8.50665990630515,-8.33621215820313,-8.127289198,-7.52374245991151,-8.30991882285616
546,-8.71690345453022,-8.33621215820313,-8.338625315,-8.05531137791525,-7.88819174876934
547,-9.25284468818887,-8.33621215820313,-8.288952459,-8.5724815008108,-8.02770177997189
548,-8.20858762841481,-8.33621215820313,-7.879889847,-8.55870916817878,-7.57306377977406
549,-7.5047332606791,-8.33621215820313,-7.879889847,-8.04843289859391,-7.8749944650275
550,-8.65471697301347,-8.33621215820313,-8.157055896,-7.46686916935104,-8.15018462983531
551,-9.23874357120673,-8.34746551513672,-7.944798797,-7.85107030775717,-7.77545264642207
552,-8.6447556194543,-8.24782752990723,-7.944798797,-7.50695878354787,-8.25144672795472
553,-7.90297654786207,-8.24782752990723,-8.26040604,-8.11566245983663,-8.29521867435278
554,-8.72238521843588,-8.24782752990723,-8.26040604,-8.07319957481657,-8.59111256870789
555,-8.27814468283573,-8.24782752990723,-8.098909608,-8.0136502876127,-8.18004682000132
556,-8.63608456495048,-8.24782752990723,-8.098909608,-8.21655881377716,-8.17321612795132
557,-8.78395083549887,-8.24782752990723,-8.075321811,-7.64489363875678,-8.65415433504955
558,-8.389739553345,-8.24782752990723,-7.661258855,-8.2772851039502,-7.88410228457986
559,-8.88277411147751,-8.24782752990723,-7.661258855,-8.36964675734438,-8.12325079838126
560,-8.27231278066621,-8.24782752990723,-7.661258855,-7.47235746565996,-7.87215272472417
561,-8.97299489149349,-8.24782752990723,-8.022083492,-8.13984278800852,-7.6956449292219
562,-8.2909630582116,-8.24782752990723,-8.022083492,-7.80177508943665,-8.03239603930152
563,-8.62757480665736,-8.29184532165527,-8.048046033,-8.14081367255611,-8.18378281543356
564,-8.20793573368726,-8.29184532165527,-8.048046033,-8.34270668347905,-7.35482595720472
565,-8.61309668832913,-8.29184532165527,-8.048046033,-8.3983500775292,-8.06705726283173
566,-8.43961984146516,-8.29184532165527,-8.083964009,-7.89087209189675,-7.8289543783883
567,-8.8216213995296,-8.29184532165527,-8.083964009,-7.82342814089601,-8.03070778397998
568,-8.75189303115783,-8.29184532165527,-7.963558727,-8.24253522459698,-7.82368811497108
569,-7.93546194843417,-8.32329559326172,-7.963558727,-7.63517929226205,-7.8791921272396
570,-8.11989242897245,-8.32329559326172,-8.114733527,-8.17043285012177,-8.43093571345576
571,-8.389739553345,-8.32329559326172,-8.114733527,-7.88980453203677,-8.13443472620983
572,-8.389739553345,-8.28688621520996,-8.067972931,-7.69100834003822,-7.99206057710267
573,-8.79066519345148,-8.28688621520996,-7.598617343,-8.33651939557174,-7.54897696892228
574,-8.32343585714937,-8.28688621520996,-7.598617343,-8.37967124358384,-7.59988217472494
575,-8.19954036127063,-8.28688621520996,-7.688426875,-8.88926579714643,-7.8836854748733
576,-8.42475418315174,-8.28688621520996,-7.688426875,-8.52270185326419,-8.44666484677352
577,-8.1940281321341,-8.28688621520996,-7.688426875,-7.93970361734201,-8.03638776419554
578,-8.6608146101604,-8.28688621520996,-8.121243829,-7.88278812966591,-7.80092462739797
579,-8.8930726779437,-8.28688621520996,-8.164564106,-8.14610861824023,-8.02265345197967
580,-8.82131863069735,-8.28688621520996,-7.816221246,-8.25467938016403,-7.75822517593029
581,-8.389739553345,-8.28688621520996,-7.816221246,-7.85039422575161,-7.75124076096522
582,-7.62082763860488,-8.28688621520996,-7.816221246,-7.70397521485146,-8.51189635817851
583,-8.25981579699556,-8.28688621520996,-7.704080231,-7.8640609750428,-7.62778198395361
584,-8.389739553345,-8.29760456085205,-7.704080231,-8.06802794363789,-7.76424578070326
585,-8.21377257998234,-8.29760456085205,-8.011831233,-7.26819242643009,-7.79237169765239
586,-8.26430531021538,-8.29760456085205,-8.011831233,-7.86766497998003,-7.52962972723219
587,-8.48003524274917,-8.29760456085205,-8.011831233,-8.25996893801901,-8.05252393329031
588,-8.74456908606644,-8.44376087188721,-7.643968465,-7.86809768151877,-8.14127934059143
589,-9.01708730959098,-8.51694583892822,-7.643968465,-8.09606861460335,-8.4395961734048
590,-8.33062714664314,-8.51694583892822,-7.643968465,-7.8988077077227,-7.84426364587791
591,-8.93144818010626,-8.51694583892822,-7.987917479,-7.89986311101021,-8.33201354047754
592,-8.52080709782886,-8.51694583892822,-7.987917479,-7.88269317483676,-7.50923158720416
593,-8.40928466758792,-8.29620933532715,-7.99322505,-8.06524066101569,-8.22005288888954
594,-8.00553127312232,-8.29620933532715,-8.433371404,-7.90910496979093,-7.35326181154616
595,-8.33871481198782,-8.29620933532715,-7.843303945,-7.81290032275258,-7.46022036181046
596,-8.63392191025427,-8.29620933532715,-7.843303945,-7.99388317443499,-8.37375364142682
597,-8.08010992284774,-8.29620933532715,-7.843303945,-7.80852803149005,-8.11959696734344
598,-8.03487383433311,-8.29620933532715,-8.306815624,-7.66578659882424,-8.0790677328882
599,-7.81823993318416,-8.29620933532715,-7.86194792,-8.63067621306319,-8.18406123942775
600,-8.49873355482877,-8.29620933532715,-7.86194792,-7.44915312689059,-8.37109683043551
601,-7.88203417370448,-8.29620933532715,-8.180718271,-8.27273279580811,-8.16842462736085
602,-8.5449811996624,-8.29620933532715,-8.081000257,-8.12742516049612,-7.85463327011359
603,-8.69064148378553,-8.29620933532715,-8.081000257,-8.57577599986556,-8.51580688079046
604,-7.70913772598086,-8.37516975402832,-8.081000257,-8.08529545215201,-8.29992858781625
605,-8.2943739280372,-8.37516975402832,-8.078122423,-7.71564480001423,-8.16284451157714
606,-8.38238519746698,-8.37516975402832,-8.078122423,-7.9471683527475,-6.86865474181957
607,-8.39310570237769,-8.37516975402832,-8.078122423,-8.06243181434309,-8.06953736774184
608,-8.86385148324382,-8.37516975402832,-8.222894636,-7.81514953767792,-8.15578163352045
609,-8.89238148918963,-8.37516975402832,-7.338733691,-7.49955210313328,-7.81986764607479
610,-8.24236840165681,-8.37516975402832,-7.338733691,-8.00239466543584,-8.15536823082349
611,-7.83679391799829,-8.37516975402832,-7.889294714,-7.79373255463155,-7.85020361431726
612,-8.389739553345,-8.37516975402832,-7.889294714,-7.93034603342443,-8.44534586997886
613,-8.389739553345,-8.37516975402832,-8.043499847,-8.75002323883578,-7.94599811852166
614,-7.97196108431422,-8.3938455581665,-8.043499847,-7.61502201988978,-8.13809336780939
615,-8.5355827465706,-8.3938455581665,-8.043499847,-8.1631143897499,-8.22646814082819
616,-8.23685026311307,-8.3938455581665,-7.528050746,-8.35783896757273,-7.88584188557356
617,-8.36603374996195,-8.3938455581665,-7.528050746,-8.04584849504592,-8.07520697129277
618,-8.16099070817088,-8.3938455581665,-7.832760927,-7.43612286585215,-8.07759818268153
619,-8.73029685525283,-8.27649688720703,-7.757750578,-8.26265425017372,-8.01639085331354
620,-8.15834840266445,-8.27649688720703,-7.736667138,-7.85589583316782,-8.32878192961336
621,-7.84451984404162,-8.27649688720703,-7.736667138,-8.15609812320666,-8.51758753568395
622,-8.86233693277889,-8.27649688720703,-8.22991318,-7.72808298843343,-8.58579881089764
623,-8.08639708480803,-8.27649688720703,-8.321481152,-8.45129056974716,-7.83563107586796
624,-8.36308206432679,-8.27649688720703,-8.321481152,-8.41308637881889,-7.63166357528134
625,-9.13723455204705,-9.6418924331665,-8.184132283,-7.36136791367996,-7.65674337662675
626,-8.58020721143759,-8.69602298736572,-8.184132283,-8.49948420338752,-8.15739784643541
627,-7.5448043153892,-8.49293804168701,-7.520005262,-8.07668113397922,-7.95394945639524
628,-8.03697746558744,-8.49293804168701,-7.520005262,-7.80085725689576,-8.11514316818668
629,-8.49641733794685,-8.49293804168701,-7.520005262,-7.94824110801416,-8.27447981072636
630,-8.389739553345,-8.49293804168701,-7.924595036,-8.51139207548117,-8.97827925429793
631,-8.75797275173546,-8.49293804168701,-7.924595036,-7.73082543874257,-7.77714469642791
632,-8.21133471406805,-8.49293804168701,-7.924595036,-8.35403418676718,-8.10858261464573
633,-8.16207714444873,-8.49293804168701,-8.011191391,-8.51440545662717,-7.9697029934097
634,-8.29482800476935,-8.49293804168701,-8.197757692,-7.87600459243987,-8.21400150784044
635,-8.77537710963833,-8.49293804168701,-8.239095179,-8.07994609901468,-7.90627363161991
636,-8.39517534791889,-8.49293804168701,-8.193505211,-8.48317375047088,-8.09951922770534
637,-8.49893021330901,-8.49293804168701,-7.689698401,-8.3729731079773,-8.09787200647538
638,-8.68905230056802,-8.49293804168701,-7.689698401,-7.50668549836551,-8.46927016307681
639,-8.34396934623683,-8.49293804168701,-7.689698401,-7.40011437376481,-8.59117926007197
640,-8.24287619866758,-8.49293804168701,-7.887522678,-7.99954124395673,-7.87229516262737
641,-8.43155204679657,-8.49293804168701,-7.889196506,-7.79731473659697,-8.23082009190381
642,-8.72704663419293,-8.49293804168701,-8.061196879,-7.6941257651453,-7.91221268322278
643,-8.40956083084448,-8.49293804168701,-7.657669893,-8.11184114201768,-8.15954294948586
644,-8.24620808020141,-8.49293804168701,-7.657669893,-7.86412841345882,-8.3048410655451
645,-8.84448002258259,-8.49293804168701,-7.572317754,-7.84024328399287,-8.11664915132413
646,-8.33504330434282,-8.49293804168701,-7.530517802,-8.46548116091375,-8.06705726283173
647,-8.27165269281629,-8.49293804168701,-7.530033434,-8.19956990187149,-8.30042139307924
648,-8.37766910571419,-8.49293804168701,-7.530033434,-7.86248159405226,-8.06705726283173
649,-8.6384632779339,-8.49293804168701,-7.638248495,-8.58547354901062,-7.89815504466355
650,-8.42600398746435,-8.49293804168701,-8.32002373,-8.38072494902604,-8.20231779660462
651,-8.57297874682825,-8.49293804168701,-8.32002373,-7.80987014425691,-8.8044300355461
652,-8.72732633043921,-8.49293804168701,-7.476397474,-8.07620240385392,-8.04501383145792
653,-7.90294066763654,-8.49293804168701,-7.438717981,-7.34879453149759,-8.38020509142765
654,-8.53247110228726,-8.49293804168701,-7.438717981,-8.01213455318364,-7.99918912215677
655,-8.58295154250659,-8.49293804168701,-7.438717981,-7.7880190108438,-8.4997450829801
656,-8.15891572930137,-8.70528888702393,-7.558824204,-8.48387548125971,-8.23847112621655
657,-7.30637484881421,-8.62794017791748,-7.747730352,-8.08560946864355,-8.73940627249419
658,-8.73624515626423,-8.62794017791748,-8.013490519,-8.06705726283173,-7.97285521302682
659,-8.58367118352611,-8.62794017791748,-7.632249784,-8.2267623321459,-7.36078195330386
660,-8.20024190914493,-8.62794017791748,-7.470516674,-8.20419502493979,-7.75175830949397
661,-7.65653067609506,-8.62794017791748,-7.470516674,-7.87030103198259,-7.97746798710017
662,-8.85576746124881,-8.62794017791748,-7.519321536,-7.6308347098351,-7.33506652394733
663,-8.08581040545104,-8.62794017791748,-7.771230894,-8.3937072629127,-8.52131179334556
664,-8.72724858995055,-8.62794017791748,-7.771230894,-7.76648498966019,-7.58589627578987
665,-7.84674601897962,-8.62794017791748,-7.771230894,-8.02791128276514,-8.43582048234903
666,-7.78845925181789,-8.62794017791748,-8.015727973,-8.3626575204986,-8.84444766110145
667,-8.89994388239401,-8.62794017791748,-7.989191054,-8.66718785595099,-8.27801132898749
668,-8.50512600312015,-8.62794017791748,-7.989191054,-7.89915876553959,-8.51419016984087
669,-8.10844491835518,-8.62794017791748,-7.781419606,-7.73322587509088,-8.04152263419335
670,-8.56086862921138,-8.47299957275391,-7.781419606,-8.02717492442105,-8.54714095570045
671,-8.94687940812626,-8.47299957275391,-7.887230097,-8.19260768340421,-7.90983533757079
672,-8.35250060559028,-8.47299957275391,-7.910104096,-8.33567502313827,-7.59428634821256
673,-8.85450699175105,-8.47299957275391,-7.635747892,-7.67473555664969,-7.68454801596587
674,-8.42018575227051,-8.47299957275391,-7.635747892,-8.1063938826301,-8.33517501901113
675,-7.32556295304732,-8.47299957275391,-7.635747892,-8.55681428225231,-8.5960508084097
676,-8.11923227049217,-8.47299957275391,-7.85850868,-8.54910393654314,-8.56068663730151
677,-8.29977732755264,-8.47299957275391,-7.942620036,-7.61901222804197,-8.03946455137493
678,-8.83184425024428,-8.47299957275391,-7.942620036,-8.37637980065066,-8.16245864793124
679,-7.58580976274427,-8.47299957275391,-7.807033977,-7.92324644795196,-8.03846980927088
680,-8.38528086292227,-8.47299957275391,-7.807033977,-7.94771095015418,-8.13630167126186
681,-8.32484742265594,-8.47299957275391,-7.807033977,-7.91696274506853,-8.07239272334975
682,-8.54019368515997,-8.47299957275391,-7.952880899,-8.20654013416868,-8.10219697312942
683,-8.06466791192531,-8.47299957275391,-7.952880899,-7.36805660926654,-7.69912970014194
684,-7.87970949295045,-8.47299957275391,-7.889445719,-7.87963533278138,-7.99925795846544
685,-7.9469703188828,-8.47299957275391,-7.639271506,-8.43630719800682,-7.89908811253643
686,-9.01948488088192,-8.47299957275391,-7.639271506,-7.16858595387496,-7.27605612152837
687,-8.49879796972186,-8.64980697631836,-7.639271506,-8.35459248358356,-8.00013409758481
688,-8.95268729597161,-8.64980697631836,-8.31482264,-8.28952036589701,-8.03516664554552
689,-8.31865775414311,-8.64980697631836,-8.031777612,-8.01475742424705,-7.84644435840416
690,-9.02076719870599,-8.64980697631836,-7.791405765,-8.18361170658243,-7.51482456133641
691,-8.2776985461338,-8.56945991516113,-7.791405765,-7.5835037627197,-8.09063661884517
692,-8.14792359619215,-8.56945991516113,-7.791405765,-8.06705726283173,-8.19553736077604
693,-8.98891535250994,-8.22311305999756,-8.365077269,-7.57170446217465,-7.60718865962784
694,-8.41606288127655,-8.22311305999756,-8.365077269,-8.3219966605851,-7.3941794309476
695,-8.60735034307535,-8.22311305999756,-7.731545795,-7.2392389570351,-8.51985151054458
696,-8.40198284010111,-8.22311305999756,-7.731545795,-8.6066427824682,-8.48453596572629
697,-8.3791192405503,-8.22311305999756,-7.6757608,-8.51584989287185,-8.13386488970477
698,-8.92679961907568,-8.22311305999756,-7.51550164,-8.05794139973718,-8.07814160071344
699,-8.44196099675187,-8.22311305999756,-7.51550164,-7.80532037156382,-7.90331125374727
700,-9.07698581460018,-8.22311305999756,-7.51550164,-8.17182278553175,-7.58170015295752
701,-7.65590060615036,-8.22311305999756,-7.53437229,-7.53530451487082,-7.95370498930741
702,-7.80084946591979,-8.22311305999756,-7.53437229,-8.28334853970106,-8.02336003860611
703,-8.66467536009729,-8.22311305999756,-7.39764924,-8.3759357575052,-7.94402493928809
704,-8.17372868264768,-8.22311305999756,-7.39764924,-7.85685341792709,-7.75486135951069
705,-8.33285549346487,-8.22311305999756,-7.39764924,-7.30095740009809,-8.46390872977004
706,-8.95525419179144,-8.22311305999756,-8.021416893,-7.70922599391938,-7.47811279908047
707,-8.46497133382936,-8.22311305999756,-8.00704999,-8.1431650524937,-8.16277813714418
708,-7.71976156882236,-8.22311305999756,-8.00704999,-8.67060256245425,-8.62110308202302
709,-8.35564948679075,-8.58623790740967,-7.686147795,-8.60807033081145,-7.87707276352418
710,-7.5716523298176,-8.58623790740967,-7.686147795,-7.6579885990208,-7.63858779597041
711,-8.94175103148127,-8.58623790740967,-7.775878782,-7.99653460325664,-7.82990286269666
712,-8.27748553672402,-8.58623790740967,-7.775878782,-8.69003197985773,-7.82339225976496
713,-8.27423974183367,-8.58623790740967,-7.775878782,-8.17882971392573,-7.76283439584744
714,-8.39721142637902,-8.58623790740967,-7.941960066,-7.702042976328,-8.22139574870833
715,-8.50233922320166,-8.58623790740967,-8.219312843,-8.03589884699833,-7.92511472298282
716,-8.84353329316715,-8.58623790740967,-8.016027186,-6.85092416580319,-8.28523169917587
717,-8.60028579977197,-8.59169864654541,-8.016027186,-7.33408141145597,-8.55064490095362
718,-8.72427957191806,-8.59169864654541,-8.016027186,-8.16782194886786,-8.29359243283147
719,-7.7435688047672,-8.59169864654541,-8.288898261,-8.0907866970523,-7.70389602734584
720,-8.18804837706672,-8.59169864654541,-8.220526738,-8.47324221560308,-7.9614585168825
721,-8.21558716823873,-8.59169864654541,-7.748291712,-7.71324848377056,-7.75742884120034
722,-8.18718447352623,-8.59169864654541,-7.748291712,-8.6306397659837,-8.41369633540881
723,-8.52149919300595,-8.59169864654541,-7.507746862,-7.9933262585328,-8.48682728721551
724,-8.5898968735252,-8.59169864654541,-7.507746862,-8.15360948945357,-7.07214100512929
725,-8.6745647413143,-8.59169864654541,-7.507746862,-8.38584044377903,-8.13041490763529
726,-8.99889504642061,-8.59169864654541,-7.870586704,-8.32956678690895,-7.90949336888584
727,-9.09561297247268,-8.59169864654541,-7.311748778,-8.69450206701057,-7.587999430742
728,-9.29758798864534,-8.59169864654541,-7.311748778,-7.55935791212674,-8.37734802524058
729,-8.74250463112135,-8.59169864654541,-7.64506107,-8.43871734603035,-7.30229005020704
730,-9.07727864809439,-8.59169864654541,-7.946101333,-7.7405696673149,-8.61564158903219
731,-8.54659929424274,-8.6377477645874,-7.803176755,-8.24899793697175,-8.16379452394629
732,-8.12083360213249,-8.33231067657471,-7.803176755,-8.02036836158276,-8.94709395591366
733,-9.18064585798925,-8.33231067657471,-7.707583768,-7.97122335729699,-7.68818022777331
734,-8.61532889039162,-8.33231067657471,-7.405979693,-8.20079464825101,-7.31718173830022
735,-8.389739553345,-8.33231067657471,-7.384434567,-7.94947252126629,-8.22533238418127
736,-8.18376087846316,-8.33231067657471,-7.384434567,-8.30837496078967,-8.57786561733102
737,-9.35209862104771,-8.33231067657471,-7.760577868,-7.8995527109292,-8.06705726283173
738,-8.61602855478952,-8.33231067657471,-7.760577868,-8.90647579115041,-8.10751085544832
739,-7.73201212314876,-8.33231067657471,-7.761506501,-7.39353601548595,-8.10105915360043
740,-8.28546055252203,-8.33231067657471,-7.913399584,-8.49111491259153,-7.64105705164894
741,-8.32754686224197,-8.33231067657471,-8.0040322,-7.71745975138314,-8.51284973228139
742,-7.87426247918449,-8.33231067657471,-8.02302145,-8.3026568894144,-7.84194755848499
743,-8.67524074453984,-8.33231067657471,-8.02302145,-7.91043055686336,-8.82384365166915
744,-8.389739553345,-8.33231067657471,-8.3506231,-7.85216242977943,-8.12957786989359
745,-8.89400052550817,-8.33231067657471,-8.155969451,-8.51766387080944,-8.56797999220062
746,-8.49040358613034,-8.33231067657471,-8.155969451,-7.59645474570077,-8.3477973896904
747,-8.27464500709759,-8.33231067657471,-8.195703603,-8.14343620970993,-8.5299718910876
748,-8.18272251792057,-8.33231067657471,-7.728979369,-7.77512163449891,-7.72911265238592
749,-8.09587829314441,-8.49750328063965,-7.728979369,-7.97601717827606,-8.33665232554116
750,-8.2386939393082,-8.49750328063965,-7.728979369,-8.29646011621125,-8.1595899684822
751,-8.91284541325321,-8.49750328063965,-7.655599076,-8.35686352148072,-7.62007231738256
752,-8.02145246398588,-8.49750328063965,-7.655599076,-7.9930560690884,-8.07482182357165
753,-8.59891637116412,-8.49750328063965,-7.655599076,-8.08308035825807,-7.23156116468016
754,-8.2222066107522,-8.49750328063965,-7.847551285,-8.03915377493821,-7.79694281792061
755,-8.73084438184403,-8.49750328063965,-7.847551285,-7.11368723478122,-8.63704553262651
756,-8.62132726833197,-8.37270164489746,-7.902608192,-8.34693764609732,-8.5420707368226
757,-8.81373693185981,-8.37270164489746,-7.902608192,-8.22818187797822,-7.77587733413091
758,-8.17484440698364,-8.37270164489746,-7.902608192,-8.4920828655262,-8.11946780659062
759,-8.61113744908476,-8.37270164489746,-8.283355846,-8.36075498294924,-8.18612778883482
760,-8.51768658943469,-8.37270164489746,-8.283355846,-7.70544287762009,-8.43658125287905
761,-8.73233863785068,-8.37270164489746,-8.518675389,-7.28614231878566,-8.19479543632904
762,-7.9089138305365,-8.16848468780518,-8.119954046,-8.19286319780558,-8.56027562290697
763,-8.55841242294558,-8.16848468780518,-7.992679266,-8.44168832631927,-8.06990624939739
764,-7.74859759259723,-8.16848468780518,-7.992679266,-7.7482197734722,-8.41795138479266
765,-8.59949758843954,-8.16848468780518,-7.992679266,-7.71907143671059,-8.06705726283173
766,-8.13777853305304,-8.16848468780518,-8.086788529,-7.78982409207192,-8.22997885482469
767,-8.42798739112242,-8.16848468780518,-8.086788529,-8.20066863417152,-7.83124053842775
768,-7.75254328732002,-8.16848468780518,-8.212387474,-8.005454946729,-7.60721962832644
769,-8.18750489994979,-8.16848468780518,-8.279818726,-8.00603130296008,-8.31704126132661
770,-8.36576121681187,-8.16848468780518,-8.054925221,-7.63934824956931,-7.48518090650074
771,-8.81884016409478,-8.16848468780518,-8.054925221,-7.85688044762455,-8.25099284862538
772,-7.94575382855912,-8.16848468780518,-8.054925221,-8.41433572131758,-8.43196465299426
773,-8.38632064195803,-8.16848468780518,-8.09289509,-8.00947019809964,-7.65697949031562
774,-8.28568692284257,-8.16848468780518,-8.23663124,-8.30014000351522,-8.02486724702193
775,-8.89297224156435,-8.16848468780518,-7.995236028,-8.41946502521249,-8.45880564060684
776,-7.51413190211854,-8.16848468780518,-7.995236028,-7.82531211533657,-7.79398750308448
777,-7.80754828519205,-8.16848468780518,-8.11924856,-7.78525238321733,-8.36586020007857
778,-8.43749658085516,-8.16848468780518,-8.11924856,-7.44606517637823,-8.53714838895296
779,-8.47250361495471,-8.39625835418701,-7.962130666,-8.46658145523146,-8.0932715021642
780,-8.22795880655457,-8.16350269317627,-7.962130666,-8.06541804906476,-8.32998108380445
781,-8.31971354861419,-8.16350269317627,-8.022644905,-7.73174096221383,-8.37180922369294
782,-8.0712462357945,-8.16350269317627,-8.022644905,-7.56585916559023,-8.06983566324689
783,-8.44118825935529,-8.16350269317627,-7.578841171,-8.08433407836794,-8.26133581668957
784,-8.64172604765535,-8.16350269317627,-7.526664941,-8.29575551040434,-8.68556918212079
785,-8.58808256779027,-8.16350269317627,-7.526664941,-8.22022179054176,-7.71450074656319
786,-8.72684773908446,-8.16350269317627,-7.622443361,-7.35713000121485,-7.61077745187103
787,-7.98939086914857,-8.16350269317627,-7.622443361,-8.95789188992819,-7.30593883298479
788,-8.04524088871012,-8.16350269317627,-7.622443361,-8.42987997059919,-8.17472354293832
789,-8.63378832469018,-8.16350269317627,-7.648071076,-8.35625035030366,-7.48459213902039
790,-8.389739553345,-8.16350269317627,-7.648071076,-8.28936228517895,-7.54955459853735
791,-8.56516700489118,-8.16350269317627,-7.936279895,-8.07270411101079,-8.30152904472666
792,-7.87914002385912,-8.16350269317627,-7.936279895,-8.06705726283173,-7.64935204473383
793,-7.64270426414673,-8.16350269317627,-7.980477051,-8.02060919811136,-8.2842493485129
794,-8.18295088943479,-8.16350269317627,-7.845634689,-8.20540728649673,-7.97503614061347
795,-7.86119294222988,-8.16350269317627,-7.845634689,-8.04394427238507,-8.06593647835077
796,-8.98160195488642,-8.16350269317627,-8.360115474,-8.29022843530837,-7.63006053764604
797,-7.98918580565487,-8.75060653686523,-8.120094434,-7.81071180013787,-8.06705726283173
798,-7.68200139840162,-8.75060653686523,-8.120094434,-8.22741834561981,-7.65293295897474
799,-7.92560656396629,-8.75060653686523,-8.127482386,-7.97690975253811,-8.47887141043544
800,-8.47045933675061,-8.72745513916016,-7.769227802,-8.60212492926709,-7.76446111276544
801,-8.00492338111231,-8.72745513916016,-7.769227802,-7.68998170956936,-7.84102071604494
802,-9.38129975672387,-8.67704391479492,-7.769227802,-8.34336134999567,-7.64146150104159
803,-7.79194429529871,-8.67704391479492,-8.132870837,-7.70652415607024,-8.49859887892498
804,-8.36665487486518,-8.67704391479492,-7.837832991,-7.74066042280663,-8.3017879774566
805,-9.00879893040594,-8.67704391479492,-7.837832991,-8.39565041292207,-7.6827112189872
806,-8.96134978065778,-8.67704391479492,-8.441608894,-8.06705726283173,-8.01934253476069
807,-8.88491746054055,-8.67704391479492,-7.745417878,-8.67592170809364,-8.04566844137971
808,-8.02219497747201,-8.67704391479492,-7.745417878,-8.27723448552179,-8.02709719423265
809,-9.26630645910501,-8.67704391479492,-8.207664596,-8.29577147015033,-8.34956969118493
810,-7.84985286039812,-8.67704391479492,-8.251921503,-8.05828827731741,-7.72981497176114
811,-7.77505907058023,-8.67704391479492,-7.977791787,-7.93528466929015,-7.92726032406789
812,-8.53674973677999,-8.35536479949951,-7.977791787,-8.03006045215512,-8.52580804995423
813,-8.2580307204601,-8.35536479949951,-7.977791787,-8.67390444147666,-8.06699768309615
814,-8.16492540810016,-8.35536479949951,-7.988548166,-7.60308458264966,-8.19384539000299
815,-8.19631222397158,-8.49750328063965,-7.988548166,-8.07195656528092,-7.66736663631497
816,-7.74230847653017,-8.49750328063965,-8.156336105,-8.0590688418941,-8.21614914633989
817,-8.51101561029806,-8.49750328063965,-8.156336105,-8.27715493580917,-7.92858283238081
818,-7.74472700149612,-8.49750328063965,-8.156336105,-8.5071624937771,-8.10491861351445
819,-7.76580597478006,-8.49750328063965,-7.957200019,-7.80121742648252,-7.93798654109619
820,-8.43544900656736,-8.49750328063965,-7.957200019,-7.81061022371199,-7.94138902311316
821,-7.86209329103883,-8.37270164489746,-7.730862557,-7.63804167836444,-8.27382571015818
822,-8.4445054262297,-8.37270164489746,-7.730862557,-7.81741523302181,-7.93887486508546
823,-8.32336723974956,-8.37270164489746,-8.032350734,-8.09383602441341,-7.93326784411295
824,-8.54212090530544,-8.37270164489746,-7.787355874,-8.06705726283173,-8.24617865350249
825,-7.88190430800629,-8.37270164489746,-7.787355874,-7.75528733758197,-8.06705726283173
826,-8.66948787774901,-8.37270164489746,-7.787355874,-7.26094910137302,-8.17349476700592
827,-8.389739553345,-8.16848468780518,-8.058581696,-8.1599041773962,-8.57906212288342
828,-8.66106134556958,-8.16848468780518,-8.392158674,-8.52190037972241,-7.90750813495052
829,-8.31696495617982,-8.16848468780518,-8.392158674,-8.3140632406391,-7.56318739092218
830,-8.72410718674,-8.16848468780518,-7.803678414,-7.8714013263003,-8.27392726394612
831,-8.02313071209393,-8.16848468780518,-7.803678414,-8.37465078289277,-8.36142071941733
832,-8.30415211351589,-8.16848468780518,-7.89473561,-7.62058873401444,-7.58769821034467
