,time,delay_time
0,600,37.5810264307114
1,1200,27.8933525104326
2,1800,30.2110776642048
3,2400,32.239514162149
4,3000,36.0663869024387
5,3600,43.5176916547804
6,4200,40.5097349037339
7,4800,42.1299824947857
8,5400,44.210321057628
9,6000,45.7641324219502
10,6600,35.2400435466675
11,7200,36.7577937675703
12,7800,40.7104830351022
13,8400,46.1713888888889
14,9000,45.3672744841045
15,9600,50.250153828066
16,10200,47.5675621129979
17,10800,55.2668084317983
18,11400,65.6558883519881
19,12000,57.7410779204494
20,12600,56.086632866143
21,13200,55.94590881717
22,13800,53.6124478393715
23,14400,46.3180439854113
24,15000,55.9212833803268
25,15600,53.1507657689364
26,16200,54.2727122658217
27,16800,51.3465913976529
28,17400,47.7598562580897
29,18000,46.9034251573625
30,18600,51.6110348237921
31,19200,56.3302775544567
32,19800,50.0292557796738
33,20400,55.8333192122154
34,21000,36.2616800441239
35,21600,44.2080806582847
36,600,39.2872715717942
37,1200,31.1861027217091
38,1800,34.1792522495067
39,2400,28.1503527334414
40,3000,32.4935822142276
41,3600,36.3023215648662
42,4200,33.8283236979413
43,4800,36.1294837655975
44,5400,36.9849616708239
45,6000,41.6784555256687
46,6600,41.5016427391963
47,7200,48.2128531518482
48,7800,47.4743521903139
49,8400,54.7228460938241
50,9000,54.9746759060961
51,9600,58.813700599298
52,10200,52.3940708307494
53,10800,46.7939055737636
54,11400,47.173179124175
55,12000,46.5950120045164
56,12600,52.959866564573
57,13200,52.1172522995731
58,13800,55.1406214240392
59,14400,49.1090579994905
60,15000,44.9708285378698
61,15600,50.5039752130647
62,16200,42.1491961326796
63,16800,33.611978432792
64,17400,42.6811214530833
65,18000,41.3705017542666
66,18600,38.913558468441
67,19200,44.4584355069963
68,19800,34.8512799122648
69,20400,29.5953975925987
70,21000,34.6838495928719
71,21600,41.6514099680399
72,600,46.1713888888889
73,1200,36.8036700052531
74,1800,34.6220398135813
75,2400,35.4672978313888
76,3000,34.1206299463729
77,3600,29.9297725755773
78,4200,32.4656810001718
79,4800,32.9491657530456
80,5400,42.5070759929069
81,6000,44.9885758503501
82,6600,35.7951337372651
83,7200,39.178067160578
84,7800,50.0528192043616
85,8400,39.7814801039816
86,9000,50.7353009442953
87,9600,46.8637652660208
88,10200,44.5119373086858
89,10800,45.7727861953641
90,11400,42.987284968568
91,12000,50.2868227610898
92,12600,41.8205213667729
93,13200,39.218129925487
94,13800,42.5427304235827
95,14400,45.0245910436276
96,15000,53.1066353966945
97,15600,51.8406794756825
98,16200,41.1683542431222
99,16800,51.7546550514172
100,17400,46.531610646684
101,18000,45.0204647688812
102,18600,41.9623563773995
103,19200,51.8184127328037
104,19800,53.7687469468616
105,20400,46.1713888888889
106,21000,48.7557383609103
107,21600,56.2972625575152
108,600,37.9979513833671
109,1200,38.9569272440763
110,1800,38.8804095802245
111,2400,40.9564868972772
112,3000,48.2726713584121
113,3600,46.0747563404973
114,4200,52.7611340007836
115,4800,59.7621806317889
116,5400,45.4943357443009
117,6000,43.6863860229834
118,6600,37.5173661684246
119,7200,36.0711820336882
120,7800,36.9204366340663
121,8400,32.1470984690706
122,9000,35.8815843101043
123,9600,39.3534129017912
124,10200,43.9202340930698
125,10800,44.3491071623689
126,11400,41.1883875451648
127,12000,49.6491725229773
128,12600,48.420014387345
129,13200,50.6066760595598
130,13800,55.5196546660065
131,14400,54.6498671907644
132,15000,56.3423584826067
133,15600,45.8869697483521
134,16200,43.0219848840261
135,16800,45.5362329156551
136,17400,50.5708267906848
137,18000,41.2029029910118
138,18600,37.9411738044649
139,19200,38.4201014550223
140,19800,34.7872290137852
141,20400,37.8541012850586
142,21000,39.9867886969455
143,21600,49.1340750323203
144,600,23.2090448447769
145,1200,17.2352307906416
146,1800,22.2795591372315
147,2400,26.2447122907533
148,3000,26.7698559460997
149,3600,33.304443131611
150,4200,38.7844143351054
151,4800,36.9872526993052
152,5400,46.1713888888889
153,6000,43.1884642874291
154,6600,47.6172183797108
155,7200,42.5413898311943
156,7800,34.0057195593204
157,8400,42.7717152170396
158,9000,34.5141570388203
159,9600,41.7860873142764
160,10200,51.3337157600003
161,10800,51.3876720241891
162,11400,51.9289507779012
163,12000,50.6135337882984
164,12600,50.4970522183284
165,13200,51.2904175292303
166,13800,59.6963512348696
167,14400,62.2906429738707
168,15000,59.8446288632929
169,15600,40.4203766347137
170,16200,37.0290757265664
171,16800,41.8577589777921
172,17400,44.7665975537149
173,18000,51.1938689628211
174,18600,48.3283526125205
175,19200,50.1647575890294
176,19800,51.3514705108848
177,20400,48.5368993107793
178,21000,47.8473527665332
179,21600,51.9174342086733
180,600,40.3131335627106
181,1200,37.7120690367474
182,1800,33.4158406723118
183,2400,35.0969651228035
184,3000,37.3013241982062
185,3600,37.7329196034536
186,4200,40.2723029625335
187,4800,41.7504458408208
188,5400,43.9182401208579
189,6000,45.0763414610602
190,6600,33.0196971811882
191,7200,38.2456027320893
192,7800,42.3390086101901
193,8400,41.0061111308626
194,9000,37.9051930438002
195,9600,44.2498782510026
196,10200,47.3722294997809
197,10800,49.0170103874437
198,11400,47.9342785574188
199,12000,57.5646629686253
200,12600,46.2274461423301
201,13200,55.7450191161741
202,13800,60.5684124622995
203,14400,49.0419156042626
204,15000,43.6126450434201
205,15600,38.6163668681158
206,16200,41.7806318446963
207,16800,41.339908797699
208,17400,46.2879508416135
209,18000,48.8874962534883
210,18600,52.4320599605374
211,19200,51.9762225561839
212,19800,54.5997265879612
213,20400,65.3842551083568
214,21000,55.1327501527467
215,21600,63.6310453230986
216,600,32.2595210698543
217,1200,31.0507544794071
218,1800,32.3087633053938
219,2400,33.3106069292259
220,3000,41.4541526077593
221,3600,44.5561785371445
222,4200,41.9688436256212
223,4800,37.0069006440227
224,5400,44.4826981416753
225,6000,47.5864999300666
226,6600,48.0180786588917
227,7200,50.9966298386282
228,7800,61.4310993808996
229,8400,48.1518635166033
230,9000,56.9702960844744
231,9600,45.6298812242875
232,10200,48.3357651022402
233,10800,44.0431913937324
234,11400,37.3601854900672
235,12000,35.5543453961489
236,12600,40.597559901703
237,13200,41.0356060829968
238,13800,40.5445864666574
239,14400,38.8285994156102
240,15000,43.6263355462509
241,15600,37.3316172191222
242,16200,45.2824146499872
243,16800,54.91066339938
244,17400,49.1549834266201
245,18000,52.5135143252662
246,18600,51.075796054258
247,19200,50.4551984776566
248,19800,60.423457640999
249,20400,58.8756668250245
250,21000,56.9917158090731
251,21600,61.2760004959129
252,600,37.5191273905709
253,1200,36.0607097204249
254,1800,40.8828567739307
255,2400,39.9698809643412
256,3000,46.1517783761408
257,3600,43.9526962486183
258,4200,39.4072060009855
259,4800,44.3339353373419
260,5400,45.7293801377273
261,6000,42.5798614974585
262,6600,45.4990251782268
263,7200,44.8073895221801
264,7800,48.3393429746412
265,8400,50.3830737913326
266,9000,55.1582442032369
267,9600,51.2870260968304
268,10200,46.7626100479256
269,10800,40.6165302317963
270,11400,42.4664455097966
271,12000,51.9972444461342
272,12600,51.3658419876191
273,13200,56.673190865617
274,13800,56.1956942680405
275,14400,51.6439456830754
276,15000,49.2588381855541
277,15600,57.2769378173621
278,16200,44.7499919162989
279,16800,55.8998559773755
280,17400,46.2964855705673
281,18000,45.7312671528859
282,18600,48.9853410218095
283,19200,49.0428432452459
284,19800,51.7649598806126
285,20400,48.4097616269788
286,21000,40.1915684433686
287,21600,46.3460011074725
288,600,46.1713888888889
289,1200,36.4956432895005
290,1800,39.5303730166557
291,2400,41.4962933268627
292,3000,44.232555167508
293,3600,44.2585653472675
294,4200,46.6742824777786
295,4800,47.4364908331136
296,5400,43.010713542187
297,6000,44.3041517271365
298,6600,29.6998942138272
299,7200,40.6325098435203
300,7800,47.0456854767432
301,8400,40.7635558088356
302,9000,35.7005815425531
303,9600,47.152023942821
304,10200,41.7287957656416
305,10800,47.5173364484439
306,11400,56.9845826194321
307,12000,52.2815311350873
308,12600,53.9321470908908
309,13200,55.6777932188609
310,13800,50.328262830511
311,14400,55.3076822227092
312,15000,46.8698060900186
313,15600,49.2565159637651
314,16200,51.2371859095758
315,16800,54.4477815863384
316,17400,47.3929183411837
317,18000,54.9741940894653
318,18600,54.6310129957553
319,19200,54.4047770525584
320,19800,53.2710558018362
321,20400,50.7933368132431
322,21000,53.9892346832825
323,21600,48.8068891469882
324,600,38.758646743301
325,1200,31.3637951594606
326,1800,46.1713888888889
327,2400,42.0085349502192
328,3000,42.1184347322501
329,3600,38.5012170124391
330,4200,43.2356576025453
331,4800,43.1263396956785
332,5400,45.1677058196926
333,6000,47.1782954265202
334,6600,45.2971885203917
335,7200,45.855936546235
336,7800,37.8577417840236
337,8400,40.7171449658473
338,9000,39.3757665060348
339,9600,42.0987157627703
340,10200,34.9692174898619
341,10800,31.463536000997
342,11400,34.9864141204858
343,12000,34.6594477880506
344,12600,46.9131302352289
345,13200,44.8258139693875
346,13800,47.3556927275905
347,14400,52.840363562823
348,15000,51.67911349815
349,15600,53.0424280517791
350,16200,46.3254804699831
351,16800,45.3574652685798
352,17400,41.7021816354541
353,18000,43.9445778303489
354,18600,44.9247009541109
355,19200,42.704282484101
356,19800,38.9343754423542
357,20400,38.3075291263613
358,21000,39.485793940679
359,21600,40.2047320192466
360,600,40.2037938205284
361,1200,44.6853963346761
362,1800,37.9549727640274
363,2400,48.2422065343548
364,3000,44.4498407909122
365,3600,42.5308568109551
366,4200,40.1239643871857
367,4800,39.1809167892169
368,5400,35.6049323032017
369,6000,38.2537734591363
370,6600,39.2960431299386
371,7200,47.4678888169701
372,7800,50.8511495300661
373,8400,52.2491745568881
374,9000,43.1068863492118
375,9600,39.4895491350372
376,10200,46.486583106921
377,10800,49.5111358974426
378,11400,50.7809813839847
379,12000,45.5438260866114
380,12600,40.3009091453449
381,13200,43.3116281837685
382,13800,39.0814590869356
383,14400,43.9831413968969
384,15000,35.1840242050927
385,15600,42.7807437600502
386,16200,49.2104120149356
387,16800,43.4378514237543
388,17400,53.0744016721382
389,18000,64.4029577965059
390,18600,49.8388455903968
391,19200,38.5242151184108
392,19800,46.4932812698928
393,20400,40.7028051623179
394,21000,40.3200061682574
395,21600,49.2918819763183
396,600,43.1455737291967
397,1200,38.1449476866867
398,1800,35.5324764879184
399,2400,41.4257527806763
400,3000,45.5825820918734
401,3600,46.9082891538376
402,4200,35.4932804170683
403,4800,45.0504789696155
404,5400,46.1200817763494
405,6000,48.7440180753878
406,6600,64.6542510838843
407,7200,61.6363609439533
408,7800,53.1656300999333
409,8400,51.8578948222911
410,9000,48.204449434787
411,9600,51.6112085465215
412,10200,56.4176668059112
413,10800,50.6028397626014
414,11400,39.2726946991258
415,12000,50.8033935356675
416,12600,38.3129538825306
417,13200,53.2052187265642
418,13800,46.6021684691639
419,14400,42.4091748366832
420,15000,46.8491203679465
421,15600,43.6075288610491
422,16200,50.2093980918276
423,16800,62.7831613086741
424,17400,51.1479797679182
425,18000,36.4377513896655
426,18600,39.9148679668647
427,19200,43.2297519895392
428,19800,35.2302085366768
429,20400,48.072319142104
430,21000,44.05148209504
431,21600,45.0158517585594
432,600,51.88410631886
433,1200,45.1742883274772
434,1800,39.1050181925501
435,2400,42.4220461552624
436,3000,42.4388293545841
437,3600,42.5216878980595
438,4200,48.8584891166979
439,4800,48.3411531462858
440,5400,45.6638392189177
441,6000,49.6092100565502
442,6600,49.9319592937237
443,7200,47.7623273679363
444,7800,53.2221183009188
445,8400,48.0885228657468
446,9000,58.1544257205496
447,9600,56.8106535342886
448,10200,62.1434719880276
449,10800,38.5982162021712
450,11400,40.7005736410699
451,12000,43.2231831588203
452,12600,35.4673890118269
453,13200,38.1605952096572
454,13800,49.1855151963149
455,14400,51.1167519075632
456,15000,51.1896852204039
457,15600,39.4280748037793
458,16200,42.3670717894977
459,16800,43.2874442522045
460,17400,49.4209673222661
461,18000,54.694096421797
462,18600,39.4401216592393
463,19200,47.0240284430569
464,19800,48.7804149067885
465,20400,50.2364086169724
466,21000,46.6353120785129
467,21600,45.2982524521351
468,600,34.0907275616495
469,1200,32.1739947787192
470,1800,34.0458763840497
471,2400,30.9317524901695
472,3000,31.4185600501661
473,3600,36.7960118082476
474,4200,35.7971992141364
475,4800,36.8487141014641
476,5400,41.1861032352421
477,6000,44.1924566502693
478,6600,45.9022094788106
479,7200,44.804571086849
480,7800,44.0377229669321
481,8400,49.1024505370597
482,9000,52.9850721969406
483,9600,42.8061660659325
484,10200,37.3992500691276
485,10800,49.2499658490309
486,11400,47.0808974423457
487,12000,41.1917242693019
488,12600,43.7250057374853
489,13200,40.4435806165167
490,13800,38.2748159846595
491,14400,41.3172974887435
492,15000,41.8946803366603
493,15600,38.0358661291134
494,16200,36.7175217675508
495,16800,41.886393954426
496,17400,41.6970880082441
497,18000,46.4127298314497
498,18600,44.2918466870677
499,19200,38.049633415471
500,19800,36.4301507803051
501,20400,34.2067992995451
502,21000,40.5004560944155
503,21600,41.8947576000842
504,600,43.3376064503746
505,1200,36.4157346731459
506,1800,43.2407094787125
507,2400,45.38395726497
508,3000,47.7965296301612
509,3600,45.9825047722074
510,4200,45.8962920483399
511,4800,45.4582748408301
512,5400,47.5524006057573
513,6000,47.0789964501857
514,6600,45.4289085011033
515,7200,46.3605721613893
516,7800,58.0718863086075
517,8400,44.4374138569945
518,9000,45.8740990296443
519,9600,46.0119357780606
520,10200,51.9881667136767
521,10800,46.2498724509756
522,11400,52.6822653213202
523,12000,37.7220969653492
524,12600,31.5697458546675
525,13200,37.3159130683007
526,13800,42.8990191851653
527,14400,44.7575943252733
528,15000,48.6330929933254
529,15600,57.1726609889792
530,16200,43.9957809252044
531,16800,43.7984338241769
532,17400,54.7185759699392
533,18000,46.7659602091799
534,18600,42.5021433711548
535,19200,39.0857623237164
536,19800,39.5110657988385
537,20400,40.8922795523618
538,21000,45.4639311473225
539,21600,43.875281657194
540,600,46.1713888888889
541,1200,40.521794716414
542,1800,40.4526492309304
543,2400,51.1449065072574
544,3000,53.1364705958319
545,3600,49.6692648523561
546,4200,54.171751526003
547,4800,45.6365066828574
548,5400,41.4456589100026
549,6000,37.3351550201202
550,6600,38.9074906502346
551,7200,42.4541649444769
552,7800,51.5910677475413
553,8400,47.6340957588272
554,9000,47.2973463652562
555,9600,58.1722663730047
556,10200,57.2138313562624
557,10800,56.0772297634906
558,11400,54.3012248687098
559,12000,45.9520816991928
560,12600,46.97270915313
561,13200,30.7352375306138
562,13800,39.1849767181971
563,14400,43.9108741811513
564,15000,45.3741182958287
565,15600,59.9238637041998
566,16200,58.41070033923
567,16800,50.1674853238195
568,17400,49.969022462168
569,18000,43.5637992028377
570,18600,42.7865245998252
571,19200,46.0009221409334
572,19800,42.4779745563476
573,20400,41.1859679042761
574,21000,46.1713888888889
575,21600,50.6955664289635
576,600,39.469982772817
577,1200,35.9228852093831
578,1800,36.192767788603
579,2400,31.4794388291941
580,3000,36.8251809102899
581,3600,46.7292384874814
582,4200,47.1725317430645
583,4800,48.094408323077
584,5400,42.9743294280579
585,6000,49.2917332082351
586,6600,52.348717680843
587,7200,51.7300920011896
588,7800,52.7834808864685
589,8400,48.8210549878397
590,9000,46.1713888888889
591,9600,41.2735644712529
592,10200,37.4682976556145
593,10800,49.6237255023972
594,11400,50.4619698249274
595,12000,59.1396908211486
596,12600,54.0268115815108
597,13200,56.2671499778871
598,13800,60.0927461920435
599,14400,53.8118277842714
600,15000,48.4163515731675
601,15600,45.1681581226552
602,16200,51.5727740722781
603,16800,57.4647138517723
604,17400,60.5286952232612
605,18000,51.7325725890027
606,18600,61.1004810319703
607,19200,55.998357724748
608,19800,62.9360104363251
609,20400,66.9045267083214
610,21000,53.1505546142376
611,21600,58.082293355873
612,600,37.6123214766524
613,1200,28.6136453383514
614,1800,24.4643825638247
615,2400,31.5427660429335
616,3000,30.8287781023601
617,3600,36.7613258098037
618,4200,37.7157968769742
619,4800,43.3056162735675
620,5400,43.9717133686733
621,6000,48.6526922284931
622,6600,41.9711120989415
623,7200,52.3475275361774
624,7800,44.1948551756882
625,8400,54.7775917886479
626,9000,51.7938180093713
627,9600,42.9672262319821
628,10200,37.4926620284665
629,10800,40.0654750155327
630,11400,34.2396031417879
631,12000,36.7149907905482
632,12600,39.7798782076534
633,13200,42.573420319353
634,13800,49.7296937279068
635,14400,55.2571183507145
636,15000,65.9337141870568
637,15600,63.692806152891
638,16200,54.775902551058
639,16800,45.8930956341007
640,17400,48.572677554892
641,18000,40.9950159112381
642,18600,47.8124707301475
643,19200,54.4941703540627
644,19800,39.0238042562396
645,20400,39.2158580928874
646,21000,29.4528316987762
647,21600,36.9021112855982
648,600,25.6467490581654
649,1200,24.6755353429732
650,1800,23.4449008040895
651,2400,19.6439780164805
652,3000,21.2896447940839
653,3600,27.6881139824369
654,4200,27.3128057013141
655,4800,26.6793742381029
656,5400,27.8707109679635
657,6000,33.4797245666205
658,6600,29.1738310757472
659,7200,32.1564075119026
660,7800,31.2792728129385
661,8400,33.3893695514429
662,9000,32.6151190196442
663,9600,32.610834498848
664,10200,31.1190073563914
665,10800,31.0908028474047
666,11400,34.0085653487829
667,12000,43.3780224195069
668,12600,44.1908595529116
669,13200,48.8267542451174
670,13800,55.0442149071546
671,14400,45.9273559638678
672,15000,46.1713888888889
673,15600,51.475978838789
674,16200,48.6602386094877
675,16800,50.5858038974868
676,17400,57.851042488581
677,18000,49.5891678764123
678,18600,42.2180632778785
679,19200,55.4071658394309
680,19800,56.2601857120052
681,20400,56.2269902737756
682,21000,54.2477825742536
683,21600,53.7902482539575
684,600,46.1713888888889
685,1200,37.1705983242183
686,1800,40.963449243571
687,2400,39.4626273908453
688,3000,46.2804421325367
689,3600,46.6350760591486
690,4200,43.7082280569796
691,4800,46.6837628438549
692,5400,44.7063019695679
693,6000,44.6384679227274
694,6600,48.6644249913387
695,7200,50.1734317280741
696,7800,53.6131264137897
697,8400,54.4853114546566
698,9000,43.4038029685316
699,9600,40.7925439896928
700,10200,34.7946357447405
701,10800,39.5231817594726
702,11400,30.2607095761428
703,12000,41.0796371165509
704,12600,39.1276405391374
705,13200,41.1673239041717
706,13800,40.1514096990511
707,14400,41.7211759603995
708,15000,48.1029519301262
709,15600,45.374076064889
710,16200,56.7059217635093
711,16800,53.5426410557632
712,17400,58.6232073878327
713,18000,49.5757132429779
714,18600,57.6856958821471
715,19200,49.6157006640511
716,19800,43.7413447920942
717,20400,49.6152759551685
718,21000,49.3022127199539
719,21600,47.3900459174353
720,600,46.1713888888889
721,1200,30.5606356298166
722,1800,28.7784746157735
723,2400,46.1713888888889
724,3000,47.4984520199212
725,3600,58.5432363848625
726,4200,50.151004219686
727,4800,52.4892670472926
728,5400,65.6768848073952
729,6000,58.0167115858276
730,6600,61.5336677758109
731,7200,51.0644839211702
732,7800,58.8164216155294
733,8400,50.2489291308134
734,9000,49.9338812813792
735,9600,59.3400305601336
736,10200,57.4245253538382
737,10800,63.5588361748952
738,11400,67.595257878417
739,12000,61.3770265017294
740,12600,65.9685355164666
741,13200,51.1088009733616
742,13800,55.461610158912
743,14400,60.8295983473137
744,15000,57.8287887029224
745,15600,45.9001131685544
746,16200,48.617868499598
747,16800,42.4450243455068
748,17400,45.5551824302142
749,18000,39.2488932455047
750,18600,38.3447662574835
751,19200,39.6641059255124
752,19800,41.6023409753327
753,20400,47.10091586758
754,21000,49.1952494279266
755,21600,42.9852696409377
756,600,34.3704115580671
757,1200,32.3977630913232
758,1800,32.748154158201
759,2400,36.4231327659543
760,3000,39.7021300877845
761,3600,42.1392531458544
762,4200,45.7374419881328
763,4800,33.327602003092
764,5400,38.1091492868981
765,6000,38.0377118131392
766,6600,34.5577000170821
767,7200,40.227658620559
768,7800,42.8275980279058
769,8400,43.3127902544571
770,9000,47.7080842452903
771,9600,45.0352316807786
772,10200,36.380721384919
773,10800,39.8259051330076
774,11400,39.2503631701462
775,12000,44.4572079303614
776,12600,37.8056873518146
777,13200,40.9413480651719
778,13800,41.4072148378183
779,14400,40.7961436974092
780,15000,42.2869313828715
781,15600,45.1010363630002
782,16200,49.3436556687574
783,16800,45.3919554690303
784,17400,51.8258069864358
785,18000,54.998419292175
786,18600,45.2876392890898
787,19200,31.3204623761035
788,19800,40.0751722950722
789,20400,47.1697201462663
790,21000,47.088584553148
791,21600,46.2327059338911
792,600,35.4687528792219
793,1200,46.1713888888889
794,1800,40.7457300331888
795,2400,49.1946202829038
796,3000,42.0628377000727
797,3600,35.5301710625258
798,4200,47.3867833373913
799,4800,42.731008190351
800,5400,41.6184962293743
801,6000,51.5890406624335
802,6600,34.4734185788754
803,7200,46.1713888888889
804,7800,40.6563045785827
805,8400,47.2669636035932
806,9000,58.0778562278172
807,9600,50.6386890314765
808,10200,46.105654991481
809,10800,33.1457949280974
810,11400,43.8078311680648
811,12000,46.8190262643547
812,12600,48.1691104164424
813,13200,52.5026120242528
814,13800,62.3975064473132
815,14400,56.9590914483242
816,15000,60.9903619369909
817,15600,83.4858333442552
818,16200,73.3849949445464
819,16800,65.2184756347905
820,17400,61.688152392583
821,18000,62.7938092642549
822,18600,69.8780302109897
823,19200,36.8132794636338
824,19800,44.2236007685904
825,20400,43.0519031053519
826,21000,47.5669389666881
827,21600,44.1714443582598
828,600,35.3481374761272
829,1200,21.0666232012782
830,1800,29.8893575662391
831,2400,25.0178631797415
832,3000,27.384659725706
833,3600,29.0975888727979
834,4200,28.7428451397439
835,4800,37.0978008222407
836,5400,41.1229286287623
837,6000,42.956259144868
838,6600,48.6899713506065
839,7200,49.4393908096794
840,7800,41.7114743617866
841,8400,48.3582477987882
842,9000,51.3194738554676
843,9600,40.2703531408495
844,10200,36.7652840006109
845,10800,38.656387402085
846,11400,38.2452010582646
847,12000,39.1801710292127
848,12600,42.5162871367423
849,13200,45.776751794582
850,13800,52.1479306778143
851,14400,43.2626086204567
852,15000,37.8701720772206
853,15600,40.3861700534154
854,16200,35.3052413990788
855,16800,40.9306329240051
856,17400,52.9833445675873
857,18000,54.6217077920996
858,18600,45.8735158347633
859,19200,45.644740756314
860,19800,46.6658418386387
861,20400,47.1614194271079
862,21000,42.041766860624
863,21600,47.6950082506225
864,600,29.4894574410662
865,1200,31.9701786655577
866,1800,34.8067685017711
867,2400,33.1238089249885
868,3000,37.8001723750012
869,3600,42.0236589055162
870,4200,31.4373816121762
871,4800,35.8816582142488
872,5400,37.3955855753104
873,6000,40.0395380200722
874,6600,45.4821965086603
875,7200,38.9068946181077
876,7800,37.5767783820905
877,8400,39.1341133904478
878,9000,40.6544008270148
879,9600,43.2711934986515
880,10200,47.1317989219099
881,10800,45.3129902102871
882,11400,48.2865965308968
883,12000,43.366258223405
884,12600,53.8152062594511
885,13200,63.244841459521
886,13800,46.1713888888889
887,14400,41.416497006416
888,15000,52.5601723152313
889,15600,59.2983620597202
890,16200,52.4659488499935
891,16800,43.9508870367678
892,17400,54.1955774543732
893,18000,42.1779472443979
894,18600,44.4813647477425
895,19200,58.1560218581132
896,19800,61.7525305808456
897,20400,58.3348401343266
898,21000,48.2224712483756
899,21600,47.7422706709128
900,600,26.6893964079402
901,1200,29.9114232322571
902,1800,27.9432272502742
903,2400,29.0494283251924
904,3000,24.1737953065996
905,3600,33.9570819940546
906,4200,35.851524519151
907,4800,41.3100592016503
908,5400,47.5480844117563
909,6000,52.9229087335296
910,6600,57.9177721723522
911,7200,41.2740746018092
912,7800,42.0857494245767
913,8400,41.3051057043767
914,9000,42.2094272906487
915,9600,40.6378213439876
916,10200,41.0972560565723
917,10800,41.2074173824914
918,11400,45.8328061686409
919,12000,49.3465314517851
920,12600,47.4932813692359
921,13200,60.579913674822
922,13800,48.5979191795378
923,14400,41.4391908576627
924,15000,49.4458485442329
925,15600,45.6931813238439
926,16200,55.733590848002
927,16800,54.0523982521303
928,17400,53.3466223097496
929,18000,47.8319605487894
930,18600,45.479770149213
931,19200,47.5093092106126
932,19800,57.631420486425
933,20400,39.7125030623599
934,21000,48.9829856871245
935,21600,49.9887243953027
936,600,37.1825208863442
937,1200,38.9482871777216
938,1800,34.3744801251942
939,2400,35.020562634242
940,3000,42.7972275036174
941,3600,44.1731209985524
942,4200,46.7277108552206
943,4800,46.3876051517144
944,5400,48.366263759039
945,6000,47.2992367996812
946,6600,50.3442923515274
947,7200,51.1612633180569
948,7800,47.9330031110538
949,8400,54.405178246486
950,9000,46.945227189128
951,9600,48.839393773425
952,10200,51.6367376294958
953,10800,44.0505669313798
954,11400,40.3940446839872
955,12000,46.7712198807666
956,12600,57.5211055934522
957,13200,53.2064458233021
958,13800,50.1391517225283
959,14400,53.4670572715563
960,15000,57.6135491205592
961,15600,58.1527729551349
962,16200,52.0488784885339
963,16800,48.573533691216
964,17400,46.6845240805387
965,18000,45.5740570808347
966,18600,51.9212719453228
967,19200,57.4612969848292
968,19800,62.9195326914709
969,20400,52.7510940747557
970,21000,51.0506230548893
971,21600,45.4297535997953
972,600,43.1060609262986
973,1200,37.3749077715396
974,1800,37.774419180108
975,2400,35.7900429894374
976,3000,31.8372711796142
977,3600,36.5082386672802
978,4200,34.2454674836483
979,4800,34.0472642462968
980,5400,40.0305500283617
981,6000,35.4307287169498
982,6600,32.3669297063372
983,7200,40.4815390328939
984,7800,39.3374236921264
985,8400,46.1713888888889
986,9000,47.7760304680644
987,9600,52.7968752928241
988,10200,41.215098614555
989,10800,42.0322610600045
990,11400,43.958338398148
991,12000,50.0471281053336
992,12600,49.6761278599621
993,13200,55.7910009312063
994,13800,49.6849250925982
995,14400,47.6957172985029
996,15000,51.2973371646873
997,15600,44.5067306657223
998,16200,46.1713888888889
999,16800,52.7636870530501
1000,17400,52.876358720399
1001,18000,57.9449305057861
1002,18600,57.0824470635321
1003,19200,55.9472237350666
1004,19800,44.1639608437778
1005,20400,45.4009752539199
1006,21000,55.8826123168414
1007,21600,56.2572353049873
1008,600,33.9085720814021
1009,1200,33.526036550818
1010,1800,34.3427963626487
1011,2400,36.1653445520016
1012,3000,39.5136903557644
1013,3600,45.2488808843426
1014,4200,43.7730295144337
1015,4800,48.0850913619438
1016,5400,48.5251960616018
1017,6000,46.1843285927966
1018,6600,44.7742975017632
1019,7200,54.2679967974813
1020,7800,49.1727307391004
1021,8400,51.8125493507374
1022,9000,47.3079348136037
1023,9600,50.6921145295362
1024,10200,49.1019502443928
1025,10800,49.1593646466704
1026,11400,51.8987023874101
1027,12000,38.9647831586634
1028,12600,39.9895864967038
1029,13200,40.635166073651
1030,13800,45.5373378785957
1031,14400,43.0528840149069
1032,15000,47.2641929180178
1033,15600,52.1874809126818
1034,16200,50.4996427025643
1035,16800,52.816810215973
1036,17400,57.2777689990399
1037,18000,66.1340078559257
1038,18600,64.2249812597053
1039,19200,58.6343179641626
1040,19800,60.8484851753216
1041,20400,59.8112625817162
1042,21000,55.3797282059182
1043,21600,47.2354434859392
1044,600,46.1713888888889
1045,1200,46.7089196466984
1046,1800,47.6536934343294
1047,2400,55.0144507327795
1048,3000,37.2563914381091
1049,3600,44.5139065662
1050,4200,44.9832944634222
1051,4800,47.404087584927
1052,5400,45.2643575639659
1053,6000,45.080339963219
1054,6600,46.1150405778913
1055,7200,40.6152498664867
1056,7800,38.5846682287621
1057,8400,40.8175451859203
1058,9000,40.7829997973099
1059,9600,36.3387783833972
1060,10200,31.688735366582
1061,10800,38.079564594017
1062,11400,44.0329239965063
1063,12000,45.4065541770142
1064,12600,46.545536898937
1065,13200,42.2313641043108
1066,13800,38.7445156949851
1067,14400,48.3804653522202
1068,15000,44.2988531838894
1069,15600,46.1096490245986
1070,16200,48.01520191607
1071,16800,46.8108335220308
1072,17400,45.5981236775717
1073,18000,42.6168855542938
1074,18600,38.7189323836449
1075,19200,40.3842797389647
1076,19800,43.5453817141375
1077,20400,52.8022914108467
1078,21000,56.4694899277457
1079,21600,54.8013582097848
1080,600,49.7224388843655
1081,1200,40.2877398107023
1082,1800,49.3233161924016
1083,2400,55.305268340585
1084,3000,50.1620418516655
1085,3600,44.2706496346968
1086,4200,51.1700819061114
1087,4800,42.3018206685147
1088,5400,56.241961141916
1089,6000,40.3940019731504
1090,6600,44.3015332888979
1091,7200,50.9121041328269
1092,7800,52.0936053727998
1093,8400,54.0851099541409
1094,9000,43.0091653943276
1095,9600,50.3848186969795
1096,10200,57.446306920807
1097,10800,46.1325196279248
1098,11400,53.4921707636918
1099,12000,42.1192894288829
1100,12600,51.174551667166
1101,13200,48.296414744491
1102,13800,52.8790427845582
1103,14400,49.4641376604743
1104,15000,41.1767039717661
1105,15600,51.2640375887995
1106,16200,54.7797071748116
1107,16800,45.1828892822229
1108,17400,56.6623471120427
1109,18000,50.1190183619523
1110,18600,55.2953239140686
1111,19200,49.0650538401708
1112,19800,57.3638318150686
1113,20400,51.075210579866
1114,21000,56.4369337123768
1115,21600,49.9539983254558
1116,600,26.3551404394281
1117,1200,26.261646897592
1118,1800,25.2949288578948
1119,2400,27.0068271861392
1120,3000,26.8644091006058
1121,3600,29.8531829271692
1122,4200,27.1611524770932
1123,4800,32.7442785096851
1124,5400,36.1623442356914
1125,6000,36.7422374250379
1126,6600,34.6967377078475
1127,7200,43.1824605354778
1128,7800,38.4678814442731
1129,8400,43.8442663912289
1130,9000,51.874200284107
1131,9600,47.7925324477192
1132,10200,52.5962140228205
1133,10800,60.9846953127121
1134,11400,66.8191453460931
1135,12000,54.9774996202947
1136,12600,56.3042229842208
1137,13200,64.0134925526269
1138,13800,55.4183992694037
1139,14400,63.0678439126873
1140,15000,46.6347198855623
1141,15600,39.360363730556
1142,16200,46.1713888888889
1143,16800,45.9688322805124
1144,17400,36.9522710842831
1145,18000,43.2798136492789
1146,18600,54.8336168889873
1147,19200,54.4635759578039
1148,19800,56.3813347606113
1149,20400,51.1245113628447
1150,21000,38.4562669760485
1151,21600,35.5178290703847
1152,600,48.2697617426429
1153,1200,45.9084571384338
1154,1800,39.7154501100984
1155,2400,37.5215940613697
1156,3000,38.9632758020526
1157,3600,30.9542510233199
1158,4200,32.6164166612473
1159,4800,30.5169966721463
1160,5400,36.1400635757983
1161,6000,42.2376238813343
1162,6600,47.540085247902
1163,7200,50.0771209506495
1164,7800,52.9257689199034
1165,8400,54.0559490103483
1166,9000,52.192420013044
1167,9600,53.2546956317575
1168,10200,42.7385346556183
1169,10800,43.3441443277343
1170,11400,45.6782453082262
1171,12000,47.9545959585106
1172,12600,45.7127284901824
1173,13200,38.8815709310676
1174,13800,39.2149309318011
1175,14400,34.4160017771126
1176,15000,39.612102842287
1177,15600,42.3662751604071
1178,16200,50.3370737402128
1179,16800,51.3839173097279
1180,17400,39.8115614903018
1181,18000,49.707174319235
1182,18600,61.5720912124224
1183,19200,62.494591538616
1184,19800,48.699674628859
1185,20400,46.736435503429
1186,21000,50.3758340645482
1187,21600,60.408626902795
1188,600,43.8400173828138
1189,1200,38.4946779353368
1190,1800,39.2246114149441
1191,2400,38.6167978156601
1192,3000,30.9816867372444
1193,3600,43.7722434430779
1194,4200,39.866287989244
1195,4800,38.7308093555518
1196,5400,48.1847537403138
1197,6000,53.6074458724966
1198,6600,42.639167173981
1199,7200,57.1523162337559
1200,7800,54.7898368415865
1201,8400,62.0717715306893
1202,9000,62.7617137500469
1203,9600,47.9431802876359
1204,10200,52.7859106051951
1205,10800,51.6777165178591
1206,11400,45.3794311160129
1207,12000,45.2496393616184
1208,12600,49.9489771626993
1209,13200,56.1929099053995
1210,13800,55.7605303483845
1211,14400,60.047437192665
1212,15000,51.8236532085087
1213,15600,51.8393007314792
1214,16200,49.3537560618126
1215,16800,53.7670025211118
1216,17400,52.4995973110313
1217,18000,66.8225718109771
1218,18600,77.6075072840649
1219,19200,76.5417884040709
1220,19800,65.6922395931697
1221,20400,55.7739213954607
1222,21000,57.9532979906206
1223,21600,54.9583997179998
1224,600,43.4927418075365
1225,1200,30.8858676143399
1226,1800,35.7883383951422
1227,2400,37.512006678253
1228,3000,31.2105717121164
1229,3600,36.2322009285921
1230,4200,35.7205097471434
1231,4800,40.6985758296816
1232,5400,41.3642093442442
1233,6000,42.3684970837142
1234,6600,34.4140514755315
1235,7200,47.3588029403235
1236,7800,44.9233636010275
1237,8400,41.8539058844372
1238,9000,43.8461015175197
1239,9600,38.4662771484597
1240,10200,44.107356027811
1241,10800,34.1814223439333
1242,11400,42.7317229969959
1243,12000,43.4160775351382
1244,12600,38.6874554567248
1245,13200,48.9511805106273
1246,13800,47.0148396744212
1247,14400,57.6132179915998
1248,15000,49.0739074607094
1249,15600,48.2113870663831
1250,16200,51.8295295477951
1251,16800,51.1358450912994
1252,17400,40.3426472308295
1253,18000,38.151048137892
1254,18600,37.8754624622181
1255,19200,36.6220846426922
1256,19800,38.9833748499901
1257,20400,39.9707428594297
1258,21000,45.1213151323801
1259,21600,45.1163026077703
1260,600,41.1847038554659
1261,1200,39.4035794190347
1262,1800,38.3018193113486
1263,2400,32.0457010229431
1264,3000,36.5036690876407
1265,3600,36.0802242537645
1266,4200,38.133872622738
1267,4800,38.4004808644363
1268,5400,36.2000439875627
1269,6000,35.5473072261224
1270,6600,43.2944075582924
1271,7200,43.2150721789551
1272,7800,38.4464655588507
1273,8400,46.6236112288206
1274,9000,47.4155735607185
1275,9600,46.1713888888889
1276,10200,54.5062388048896
1277,10800,50.0062192819386
1278,11400,64.2987356763858
1279,12000,59.119151227726
1280,12600,59.0576677784243
1281,13200,47.6945672252403
1282,13800,53.1778804317394
1283,14400,49.5424484596257
1284,15000,45.4045201333992
1285,15600,53.249020849229
1286,16200,57.6479961302758
1287,16800,41.7239982349069
1288,17400,56.166714245433
1289,18000,63.1911678546903
1290,18600,74.3221858790076
1291,19200,66.5546030611631
1292,19800,58.8988045810357
1293,20400,48.4200035896616
1294,21000,65.7410374440477
1295,21600,63.0247338015579
1296,600,26.4763624323847
1297,1200,30.3296151131051
1298,1800,35.5517817861474
1299,2400,36.9494512092609
1300,3000,37.1489885603908
1301,3600,34.3613299864333
1302,4200,37.0975599139253
1303,4800,42.8447416299065
1304,5400,43.0196045946949
1305,6000,44.6077828259276
1306,6600,39.7861120702366
1307,7200,44.9820250157703
1308,7800,41.8482843704804
1309,8400,44.7826924607034
1310,9000,44.9743860146464
1311,9600,48.1914022339417
1312,10200,52.0748855489627
1313,10800,53.9410760552651
1314,11400,51.0366753272436
1315,12000,46.6156804502949
1316,12600,38.1243457066486
1317,13200,38.3642188841046
1318,13800,34.2367669502663
1319,14400,40.1887620054635
1320,15000,47.9248899716519
1321,15600,49.058271935165
1322,16200,51.7244474521747
1323,16800,50.9190333662247
1324,17400,58.7843721714376
1325,18000,51.1552866802885
1326,18600,50.6440777953677
1327,19200,45.9331540799362
1328,19800,41.6085273281087
1329,20400,39.5100560954609
1330,21000,36.3489915522574
1331,21600,56.4703095918944
1332,600,41.9802560571908
1333,1200,46.1713888888889
1334,1800,35.6260525720458
1335,2400,35.9173289614241
1336,3000,42.0905229604593
1337,3600,40.2523944337219
1338,4200,49.6120035372351
1339,4800,46.1713888888889
1340,5400,33.4437025348101
1341,6000,40.6433564764767
1342,6600,39.9128250451544
1343,7200,47.778296301951
1344,7800,60.8107739059213
1345,8400,56.8952373076322
1346,9000,60.0244578026779
1347,9600,67.6528244080572
1348,10200,47.8150448978839
1349,10800,52.4515778531563
1350,11400,47.6574169554828
1351,12000,40.6426567865887
1352,12600,50.1578000417061
1353,13200,45.4324760557178
1354,13800,45.0263396684765
1355,14400,33.1065700634248
1356,15000,40.1971846784579
1357,15600,44.622009853652
1358,16200,50.359085177865
1359,16800,46.243610754364
1360,17400,50.2923281399623
1361,18000,48.4007484406735
1362,18600,46.9258314303065
1363,19200,49.3082248701034
1364,19800,46.7813110358038
1365,20400,50.3951196869985
1366,21000,50.253229968109
1367,21600,42.8472164589551
1368,600,26.8732430453657
1369,1200,24.5137562911538
1370,1800,15.7453481910016
1371,2400,19.7957061046401
1372,3000,24.558678493516
1373,3600,21.2462832169043
1374,4200,26.8852078384314
1375,4800,30.2058151132358
1376,5400,34.4367870778209
1377,6000,32.151317723869
1378,6600,42.8410804953687
1379,7200,44.0433593576973
1380,7800,47.4750028107294
1381,8400,50.7759885351537
1382,9000,59.9343292989044
1383,9600,70.4060954795313
1384,10200,40.0793186055201
1385,10800,46.3475520447335
1386,11400,43.9329717603226
1387,12000,43.4150999848625
1388,12600,34.106769559989
1389,13200,41.0900211287583
1390,13800,37.4557464283628
1391,14400,47.5169146189434
1392,15000,50.1345855021681
1393,15600,50.0548458095725
1394,16200,38.6253457417826
1395,16800,47.3121247946825
1396,17400,37.0295268297864
1397,18000,37.9308828922838
1398,18600,39.1325585240298
1399,19200,41.578440662921
1400,19800,33.3540654456082
1401,20400,34.5203697859336
1402,21000,40.3899703580956
1403,21600,34.3707570839378
1404,600,34.9509602867738
1405,1200,25.7875508504594
1406,1800,25.97068915985
1407,2400,26.8300043218289
1408,3000,31.6217849301712
1409,3600,31.5516441382212
1410,4200,41.7437277621216
1411,4800,38.3691661427166
1412,5400,45.8521440998689
1413,6000,55.3707147796644
1414,6600,49.1292914185999
1415,7200,56.8600954069978
1416,7800,67.6551202355089
1417,8400,51.6204935945014
1418,9000,49.8611588832888
1419,9600,46.5885549898084
1420,10200,40.2386645793336
1421,10800,47.3695355977323
1422,11400,51.57967019278
1423,12000,42.8913665069758
1424,12600,43.8032114391844
1425,13200,41.4281896978585
1426,13800,41.8626529678324
1427,14400,51.4703160536865
1428,15000,53.6860222946611
1429,15600,62.3044313756982
1430,16200,63.4247395040802
1431,16800,71.6576746449415
1432,17400,55.8616734490794
1433,18000,53.1443639423883
1434,18600,58.1643999006826
1435,19200,48.5108169065148
1436,19800,44.22987902165
1437,20400,54.1300158400036
1438,21000,41.4969291904441
1439,21600,41.1590260044084
1440,600,46.1713888888889
1441,1200,51.3332238655317
1442,1800,54.1848431173247
1443,2400,38.2361290845716
1444,3000,46.1713888888889
1445,3600,55.5369722306852
1446,4200,46.4282293061825
1447,4800,51.280339211439
1448,5400,54.249804860391
1449,6000,52.2077037740562
1450,6600,38.4566077029487
1451,7200,42.1698036315337
1452,7800,42.2728353670397
1453,8400,35.3553906400288
1454,9000,43.2146733845127
1455,9600,48.1813174375404
1456,10200,38.786866608993
1457,10800,40.476884991375
1458,11400,44.9944133179761
1459,12000,45.0380861083878
1460,12600,48.3360520806717
1461,13200,47.6739225343655
1462,13800,52.4578126755335
1463,14400,48.0198764731875
1464,15000,37.5881720976755
1465,15600,45.9683607666713
1466,16200,43.4323170111107
1467,16800,48.1856746627385
1468,17400,41.1589074698389
1469,18000,38.7277917629481
1470,18600,45.5125360795894
1471,19200,45.5510431982477
1472,19800,46.4520946460973
1473,20400,42.7489632982507
1474,21000,42.5100931056137
1475,21600,39.6645282349099
1476,600,34.117193883548
1477,1200,35.3759801427438
1478,1800,29.5399905996502
1479,2400,31.711375949257
1480,3000,33.8458169049375
1481,3600,35.3729049624949
1482,4200,38.3291724829818
1483,4800,42.0538439495976
1484,5400,40.0535135817463
1485,6000,41.7333763829131
1486,6600,45.1674470352124
1487,7200,51.8926556846736
1488,7800,50.0770554447032
1489,8400,42.311785730604
1490,9000,48.8984758179256
1491,9600,52.9188579225931
1492,10200,44.074043494703
1493,10800,47.8820705581561
1494,11400,40.8244883363324
1495,12000,55.5396222221543
1496,12600,58.4789321007445
1497,13200,48.0892163169733
1498,13800,45.7571623973037
1499,14400,42.9745225866176
1500,15000,45.5780287087591
1501,15600,43.6365347980969
1502,16200,40.6658434920981
1503,16800,40.8319339389481
1504,17400,49.1237687634338
1505,18000,51.2058337558868
1506,18600,57.7671718422428
1507,19200,65.3964310561212
1508,19800,54.080377209507
1509,20400,32.9880796444346
1510,21000,48.2993713901703
1511,21600,45.6203677453153
1512,600,39.3506285391502
1513,1200,39.0016142968876
1514,1800,33.7824685757283
1515,2400,41.9529192020571
1516,3000,47.199513114464
1517,3600,51.8780413800358
1518,4200,49.6489752852928
1519,4800,48.2556038200926
1520,5400,37.0998183094077
1521,6000,41.2125882731252
1522,6600,39.7663153574359
1523,7200,46.1154376926941
1524,7800,40.076792427488
1525,8400,40.1045880641944
1526,9000,33.6582577839905
1527,9600,33.1424510055047
1528,10200,40.6882470056341
1529,10800,42.740982370484
1530,11400,38.3675743242264
1531,12000,43.8111892476203
1532,12600,37.5773734544233
1533,13200,46.7969332442052
1534,13800,51.3327305313719
1535,14400,63.6764704575614
1536,15000,43.2819681470516
1537,15600,43.6387572013011
1538,16200,31.1253151231192
1539,16800,34.1812706964678
1540,17400,37.5887441349503
1541,18000,41.2915534118942
1542,18600,44.4122931664034
1543,19200,43.0024972249209
1544,19800,38.7196061590927
1545,20400,43.9518031602221
1546,21000,39.4092431639313
1547,21600,49.5748986177481
1548,600,33.0298364459039
1549,1200,29.6152941239842
1550,1800,46.1713888888889
1551,2400,46.1713888888889
1552,3000,39.00519192934
1553,3600,38.4718333964187
1554,4200,40.5288122508677
1555,4800,53.434146412273
1556,5400,50.1147868697793
1557,6000,49.6554337396918
1558,6600,58.1428467647061
1559,7200,53.7722343586701
1560,7800,46.3136313321047
1561,8400,50.255427896564
1562,9000,43.3691068922498
1563,9600,46.2153192040511
1564,10200,43.9761622542066
1565,10800,53.4930561737353
1566,11400,46.8847205702565
1567,12000,45.5344028282832
1568,12600,45.338374124406
1569,13200,53.0735162620947
1570,13800,61.0762308746145
1571,14400,48.0004094496551
1572,15000,68.4870889444132
1573,15600,60.5462201034622
1574,16200,53.2380513626296
1575,16800,60.7331083283437
1576,17400,60.3890758972801
1577,18000,56.500056489976
1578,18600,60.7490773823327
1579,19200,42.586809446841
1580,19800,41.8506377855772
1581,20400,48.0181534028561
1582,21000,50.6737627867308
1583,21600,50.5920267224379
1584,600,25.3661590161314
1585,1200,31.9305420492226
1586,1800,29.1464059195577
1587,2400,28.5919328765568
1588,3000,35.0821650980102
1589,3600,39.7580505705686
1590,4200,38.5760439990098
1591,4800,46.1741156638848
1592,5400,54.9354721568934
1593,6000,43.0747869958275
1594,6600,39.2381905816611
1595,7200,39.0028970616824
1596,7800,42.8791670442562
1597,8400,50.5762357102517
1598,9000,49.9137090491428
1599,9600,45.3192678634754
1600,10200,45.3952216483021
1601,10800,55.5945109262968
1602,11400,46.8694970363232
1603,12000,50.8231787309391
1604,12600,50.2487410111727
1605,13200,45.9722093010043
1606,13800,52.3914885047633
1607,14400,46.5280843632151
1608,15000,48.5020638244066
1609,15600,52.4343692251063
1610,16200,51.3205257897849
1611,16800,41.7811237391649
1612,17400,46.5090155342538
1613,18000,42.6307200262374
1614,18600,57.4047008070091
1615,19200,43.4458923386513
1616,19800,38.961138820522
1617,20400,36.6334188510439
1618,21000,34.5898224055245
1619,21600,38.0086981977387
1620,600,42.559310866404
1621,1200,37.3765989287177
1622,1800,43.7739629141815
1623,2400,43.4101577651694
1624,3000,43.6601699673926
1625,3600,49.7066968216776
1626,4200,36.5206123326261
1627,4800,35.8145004623156
1628,5400,39.6462494364549
1629,6000,36.5928819478569
1630,6600,40.9455725988377
1631,7200,49.3406001642872
1632,7800,45.1645406587482
1633,8400,51.247511374344
1634,9000,53.128875745236
1635,9600,59.1088315217223
1636,10200,58.4950547217871
1637,10800,43.0873852529894
1638,11400,36.7758014241962
1639,12000,29.9609025369356
1640,12600,35.6348049343084
1641,13200,37.0161760940617
1642,13800,36.8802020660161
1643,14400,38.9451102592997
1644,15000,38.1385890508725
1645,15600,36.9614246404734
1646,16200,43.8792328894941
1647,16800,36.3635180357364
1648,17400,47.8957227891978
1649,18000,43.0623245495286
1650,18600,44.8029815478697
1651,19200,45.6518421527759
1652,19800,43.3285685493717
1653,20400,44.2756430833991
1654,21000,45.7586887698348
1655,21600,51.5919867503779
1656,600,24.6521509198822
1657,1200,27.6932066498528
1658,1800,26.1004667572818
1659,2400,17.6413599794272
1660,3000,21.6940348359873
1661,3600,21.9502691433161
1662,4200,24.5853934020825
1663,4800,24.6254820814318
1664,5400,28.0988002735389
1665,6000,20.5810499364751
1666,6600,26.8146706515243
1667,7200,26.6747019604963
1668,7800,27.3183513915382
1669,8400,35.3454529320709
1670,9000,46.1713888888889
1671,9600,49.6357661191956
1672,10200,58.7710243150952
1673,10800,56.5642715132441
1674,11400,47.6231748618034
1675,12000,56.9178615738077
1676,12600,45.4490205062609
1677,13200,45.1429409727586
1678,13800,46.1773752445723
1679,14400,53.873581415608
1680,15000,42.492065773209
1681,15600,45.4063481812086
1682,16200,47.9485414574471
1683,16800,48.5169855031002
1684,17400,53.88961813508
1685,18000,47.6729099516056
1686,18600,59.7823746993408
1687,19200,46.6420551118582
1688,19800,49.2013330827354
1689,20400,55.7485319625258
1690,21000,50.5754822718949
1691,21600,44.030317675668
1692,600,46.1713888888889
1693,1200,34.8104243574415
1694,1800,35.3705707432798
1695,2400,38.2633517242092
1696,3000,40.1951081639546
1697,3600,46.1713888888889
1698,4200,41.4232630748194
1699,4800,33.083514849705
1700,5400,34.4124332627039
1701,6000,36.4690857871639
1702,6600,27.6641805571291
1703,7200,23.4222112719161
1704,7800,32.1538026307555
1705,8400,41.0217879275527
1706,9000,37.3363566823148
1707,9600,36.4008175534742
1708,10200,35.8433566714862
1709,10800,35.9023379376079
1710,11400,37.03666769778
1711,12000,40.1279057815965
1712,12600,36.8923933704859
1713,13200,41.9608730156409
1714,13800,42.6166748794921
1715,14400,44.3796691655773
1716,15000,44.4493560948992
1717,15600,38.3217124834548
1718,16200,43.1174728779712
1719,16800,49.5198193944797
1720,17400,50.0718835942753
1721,18000,41.9783935767686
1722,18600,41.08734666254
1723,19200,36.1263164451165
1724,19800,40.8145698242563
1725,20400,39.4574804950636
1726,21000,42.6273235549185
1727,21600,40.7215964908143
1728,600,42.4023811741999
1729,1200,41.1622878646068
1730,1800,46.2004596120375
1731,2400,47.4836181623864
1732,3000,42.8400623937928
1733,3600,43.2498639946969
1734,4200,43.6673825799942
1735,4800,46.1334695841206
1736,5400,48.0040048382981
1737,6000,35.5161321544421
1738,6600,42.8980663495873
1739,7200,52.4205318737804
1740,7800,40.920219158181
1741,8400,47.0262164136483
1742,9000,38.644588173499
1743,9600,47.4894911423935
1744,10200,46.0583322241376
1745,10800,44.3256903462275
1746,11400,50.230477089526
1747,12000,44.6628541308948
1748,12600,46.1713888888889
1749,13200,49.5318542525136
1750,13800,45.3864448112903
1751,14400,30.6014374361711
1752,15000,37.9129030696863
1753,15600,39.0184692408172
1754,16200,40.1521151477037
1755,16800,35.922759476358
1756,17400,41.7334824401595
1757,18000,44.5498381374179
1758,18600,40.0007167488124
1759,19200,41.0888429815188
1760,19800,39.7760236746074
1761,20400,49.350125400737
1762,21000,46.1713888888889
1763,21600,51.3686191518045
1764,600,46.1713888888889
1765,1200,46.1352310462154
1766,1800,35.7970312501715
1767,2400,49.7120270381296
1768,3000,48.7599261824524
1769,3600,51.5883222565607
1770,4200,58.0564537795121
1771,4800,49.2828287186099
1772,5400,47.8458202153277
1773,6000,44.9762396169734
1774,6600,53.7382062990716
1775,7200,46.2560964756694
1776,7800,48.5597200947937
1777,8400,53.1369869650497
1778,9000,44.8764515055783
1779,9600,43.2387838918292
1780,10200,42.8568004827926
1781,10800,42.7908311958853
1782,11400,44.256514507256
1783,12000,43.3739044229845
1784,12600,44.4698268230961
1785,13200,45.439944453443
1786,13800,42.0423005061353
1787,14400,58.7686939350564
1788,15000,57.3360697711552
1789,15600,57.0232680798289
1790,16200,52.9153047648898
1791,16800,43.6399382279229
1792,17400,52.4025904429464
1793,18000,45.8097807085378
1794,18600,61.4036492700638
1795,19200,57.0890830798369
1796,19800,41.2008547904341
1797,20400,47.70636261465
1798,21000,53.5336880965368
1799,21600,57.8147737896907
1800,600,36.7805005760372
1801,1200,33.7541460120691
1802,1800,31.4514022841723
1803,2400,30.3878928501624
1804,3000,32.9956428218257
1805,3600,45.2087221400251
1806,4200,46.1713888888889
1807,4800,39.2626163813345
1808,5400,51.1811204978849
1809,6000,42.8690882465679
1810,6600,42.2950802746031
1811,7200,43.9578942534351
1812,7800,42.358746535603
1813,8400,43.8779738796029
1814,9000,47.5608890246465
1815,9600,43.1760399929451
1816,10200,42.0087571425499
1817,10800,43.9513638144796
1818,11400,44.0871206891134
1819,12000,39.5322292584164
1820,12600,46.1713888888889
1821,13200,38.4238787246445
1822,13800,47.7355249981337
1823,14400,52.5951390534451
1824,15000,46.9842291416244
1825,15600,54.1378208855042
1826,16200,59.476723473949
1827,16800,60.1158033253514
1828,17400,44.1075263912611
1829,18000,65.6041285765632
1830,18600,47.6938708946316
1831,19200,49.7186294616415
1832,19800,52.2611878195551
1833,20400,42.2694415351546
1834,21000,46.1713888888889
1835,21600,59.9964126195094
1836,600,25.4559688682686
1837,1200,22.1655874287943
1838,1800,46.1713888888889
1839,2400,44.2270658651864
1840,3000,51.8733873385168
1841,3600,49.8869583882466
1842,4200,48.6118361937727
1843,4800,50.5561035494183
1844,5400,49.8522632717589
1845,6000,58.9879915268116
1846,6600,38.1425611586939
1847,7200,44.0737046873909
1848,7800,47.6326657856145
1849,8400,49.2534064708777
1850,9000,51.8628027293456
1851,9600,50.338957336105
1852,10200,56.015825977098
1853,10800,50.4559826294241
1854,11400,51.179747512446
1855,12000,47.9742874538847
1856,12600,54.3975286876272
1857,13200,49.1833611784392
1858,13800,55.8666413432642
1859,14400,55.2417309319411
1860,15000,57.1223015531246
1861,15600,48.3196815928065
1862,16200,42.9158710097642
1863,16800,47.876625646311
1864,17400,45.5511833881713
1865,18000,43.2020041025885
1866,18600,42.2821100972332
1867,19200,41.2514368985164
1868,19800,41.9803290015413
1869,20400,44.7992971383253
1870,21000,40.5972042979944
1871,21600,39.7789088156274
1872,600,44.2644008953053
1873,1200,45.5938534337126
1874,1800,53.7297893848417
1875,2400,41.0765115471125
1876,3000,37.4622279178199
1877,3600,26.0449599457484
1878,4200,30.0137699147348
1879,4800,36.5407305764453
1880,5400,34.7663496532565
1881,6000,35.6407623761951
1882,6600,46.1713888888889
1883,7200,42.2425749791226
1884,7800,48.1521323789214
1885,8400,56.051065776729
1886,9000,59.9570591424294
1887,9600,45.590601171455
1888,10200,41.2039611639907
1889,10800,44.0455616052257
1890,11400,46.4137280172982
1891,12000,38.8556694479882
1892,12600,50.2520148687972
1893,13200,49.5155135182651
1894,13800,52.4750357004948
1895,14400,43.9685952376391
1896,15000,46.000192397493
1897,15600,48.0395923233365
1898,16200,50.8662015008067
1899,16800,47.6727902172935
1900,17400,44.9687405058375
1901,18000,50.2894799510146
1902,18600,42.1212498083018
1903,19200,41.807832888967
1904,19800,39.4788344737675
1905,20400,38.5886964845375
1906,21000,41.2549684608528
1907,21600,43.8526237982254
1908,600,31.5792199820822
1909,1200,27.6875764977492
1910,1800,28.3903914753771
1911,2400,34.1649186846388
1912,3000,37.2059878517266
1913,3600,38.4803342926311
1914,4200,41.3198203074964
1915,4800,43.7555770986861
1916,5400,39.4685728353059
1917,6000,48.0730641822626
1918,6600,47.4950656264402
1919,7200,58.1421480346121
1920,7800,47.2739206710195
1921,8400,51.1324023099159
1922,9000,34.764270739268
1923,9600,36.7090842177481
1924,10200,43.3657816856418
1925,10800,52.3627119585018
1926,11400,37.7172557639837
1927,12000,40.3208397494204
1928,12600,43.9263422226278
1929,13200,44.0241821919786
1930,13800,47.1052896492261
1931,14400,38.1435934172325
1932,15000,34.9198399233564
1933,15600,38.8141981852593
1934,16200,39.0408113275317
1935,16800,44.372106828006
1936,17400,31.4705703318472
1937,18000,39.4013747720211
1938,18600,39.040521469718
1939,19200,43.3837101592556
1940,19800,45.9640442127475
1941,20400,52.753396140869
1942,21000,36.3985044497289
1943,21600,35.6480433741252
1944,600,40.858687239278
1945,1200,27.8085719793016
1946,1800,31.4367183944634
1947,2400,37.6594473662341
1948,3000,42.1973797153432
1949,3600,45.7059852168885
1950,4200,46.3053681049027
1951,4800,36.1957959389417
1952,5400,40.9371720011073
1953,6000,49.6633453223359
1954,6600,54.7557612721808
1955,7200,56.6866817312781
1956,7800,54.0157681907669
1957,8400,44.0878213387956
1958,9000,41.0538464896884
1959,9600,47.9493388063834
1960,10200,44.4196219140892
1961,10800,41.8180902083551
1962,11400,46.1713888888889
1963,12000,44.0980671406547
1964,12600,46.3549487278444
1965,13200,49.2990142061651
1966,13800,46.3313851231951
1967,14400,52.3003138254369
1968,15000,52.9430672887003
1969,15600,51.094481805405
1970,16200,60.6979126792406
1971,16800,53.6645512210789
1972,17400,45.7319687623622
1973,18000,47.4068246777094
1974,18600,53.8868731239965
1975,19200,47.4815546051033
1976,19800,43.2116766674303
1977,20400,40.8184166789496
1978,21000,50.2426770321426
1979,21600,44.9427538410331
1980,600,46.1713888888889
1981,1200,36.9894429494076
1982,1800,43.9979140675587
1983,2400,47.0538617226062
1984,3000,42.148895237234
1985,3600,46.7816337665649
1986,4200,53.9210537908545
1987,4800,52.6321405551194
1988,5400,54.6240775236959
1989,6000,39.7394252864489
1990,6600,39.8919101722445
1991,7200,46.4641143273872
1992,7800,43.2633131093153
1993,8400,33.4994358577476
1994,9000,41.6572949454731
1995,9600,38.0871488868779
1996,10200,41.0009128860973
1997,10800,44.5004095818516
1998,11400,40.8383040922913
1999,12000,30.8743385677889
2000,12600,37.5423016187572
2001,13200,41.0123075614764
2002,13800,43.2238036656964
2003,14400,51.9666946803004
2004,15000,50.9245828956251
2005,15600,56.5329783868913
2006,16200,52.45231881419
2007,16800,62.9776482233278
2008,17400,57.6231307449114
2009,18000,46.7610191892294
2010,18600,44.6703158100614
2011,19200,40.5466922548803
2012,19800,37.0967095363658
2013,20400,48.2155050629055
2014,21000,41.3584601776741
2015,21600,43.1604428591641
2016,600,20.8211616227613
2017,1200,22.0996495751433
2018,1800,22.4906908009102
2019,2400,24.8515327843703
2020,3000,30.213424360743
2021,3600,35.0543809788328
2022,4200,36.0566411532979
2023,4800,37.3471917977422
2024,5400,45.292633577612
2025,6000,40.0426170394974
2026,6600,36.2940443006757
2027,7200,41.812464855222
2028,7800,39.2543602326139
2029,8400,42.2594097673764
2030,9000,38.6869318890514
2031,9600,38.1839110074711
2032,10200,45.4930884918872
2033,10800,51.7635811364092
2034,11400,39.8761114817056
2035,12000,42.599921433787
2036,12600,44.7089633585918
2037,13200,42.2854784945751
2038,13800,49.2806094347365
2039,14400,40.4095184842282
2040,15000,44.1696055127669
2041,15600,48.1677197947873
2042,16200,41.5516019409174
2043,16800,49.4545087662634
2044,17400,49.1345486907014
2045,18000,63.1775848487971
2046,18600,57.4195708967706
2047,19200,52.1783945420775
2048,19800,44.6551196302595
2049,20400,47.2198245168428
2050,21000,45.6408897025216
2051,21600,58.1709466561376
2052,600,46.1713888888889
2053,1200,41.7412049433688
2054,1800,33.4975824953691
2055,2400,41.0955601004238
2056,3000,32.7513454735341
2057,3600,21.4196489029198
2058,4200,27.1245209760387
2059,4800,26.4429596786327
2060,5400,28.8880869394759
2061,6000,28.0056369008681
2062,6600,30.5511231106385
2063,7200,36.3826899225876
2064,7800,31.4100207621904
2065,8400,34.4866618176626
2066,9000,38.7291719468425
2067,9600,38.0087404286784
2068,10200,49.9603406447706
2069,10800,42.0663443077628
2070,11400,43.3046377634977
2071,12000,50.5701434172961
2072,12600,46.7982740765422
2073,13200,44.2830504142256
2074,13800,40.4630730745924
2075,14400,47.0770784216808
2076,15000,36.1157356751216
2077,15600,44.7356861854595
2078,16200,32.3902248685783
2079,16800,32.8804435367536
2080,17400,41.3008518969913
2081,18000,42.9893053351173
2082,18600,45.8868756885318
2083,19200,38.9430807747066
2084,19800,47.8636476706141
2085,20400,42.9418747109136
2086,21000,42.2248091906061
2087,21600,47.3225937486665
2088,600,46.4614031490452
2089,1200,38.7094956881996
2090,1800,40.1951859072755
2091,2400,46.1713888888889
2092,3000,51.4521730660946
2093,3600,53.5631907270237
2094,4200,56.2541390092686
2095,4800,50.2135079301003
2096,5400,36.316372950273
2097,6000,40.7539204360146
2098,6600,38.5275398451218
2099,7200,46.1424894889845
2100,7800,45.1723347865911
2101,8400,42.5538709934778
2102,9000,52.4445257661155
2103,9600,39.0391384064412
2104,10200,36.2755980181529
2105,10800,39.9387337266894
2106,11400,40.8493815557253
2107,12000,41.6477138010179
2108,12600,44.7745953978524
2109,13200,47.6611251199309
2110,13800,44.9613460122569
2111,14400,47.1372894839612
2112,15000,47.8804095145175
2113,15600,64.800132106477
2114,16200,50.299773742578
2115,16800,51.9645020307129
2116,17400,48.1237804215684
2117,18000,46.1713888888889
2118,18600,47.7530150857992
2119,19200,47.5196388744799
2120,19800,50.4310558172383
2121,20400,50.9063458482129
2122,21000,46.8170718836487
2123,21600,55.9652390700452
2124,600,37.5112733955719
2125,1200,28.1850204957976
2126,1800,25.931210909539
2127,2400,28.7234995301633
2128,3000,30.2666862139112
2129,3600,32.2267536997868
2130,4200,38.7420576623329
2131,4800,30.1940605150748
2132,5400,33.8741365892144
2133,6000,36.5415751952402
2134,6600,35.9341368754435
2135,7200,43.5391454520691
2136,7800,42.1608948228352
2137,8400,53.1007950496862
2138,9000,36.8663148053979
2139,9600,41.3038858060945
2140,10200,40.5737306140535
2141,10800,49.243594495945
2142,11400,45.7090932700848
2143,12000,45.8234701915874
2144,12600,45.069118410698
2145,13200,47.9726606029103
2146,13800,48.7567612614566
2147,14400,59.0850036737639
2148,15000,59.1776564359814
2149,15600,53.8062868930177
2150,16200,58.6632164042729
2151,16800,54.1689949973904
2152,17400,68.5245074766175
2153,18000,60.5682915282447
2154,18600,65.9988477332644
2155,19200,57.4672534669217
2156,19800,58.7431490154796
2157,20400,48.1038790912124
2158,21000,54.8588297198105
2159,21600,66.0547442211963
2160,600,39.5476238756455
2161,1200,41.7186900937189
2162,1800,35.8959197945603
2163,2400,39.3073043939398
2164,3000,32.3643843324233
2165,3600,33.0533437226378
2166,4200,39.7273505969604
2167,4800,47.3703958131812
2168,5400,44.6858131252576
2169,6000,41.0339202046862
2170,6600,47.7683931465803
2171,7200,44.4476489811444
2172,7800,50.0762321813267
2173,8400,38.543939366758
2174,9000,44.5130988994774
2175,9600,46.4772848617724
2176,10200,51.7589146175671
2177,10800,57.3232325252661
2178,11400,46.1713888888889
2179,12000,49.6798043512054
2180,12600,50.8898882590345
2181,13200,51.6869468575761
2182,13800,51.374022792504
2183,14400,54.0708608511525
2184,15000,53.5915396850202
2185,15600,52.6608599936328
2186,16200,38.6029297509235
2187,16800,45.3214909865251
2188,17400,46.198248606388
2189,18000,44.3888884676624
2190,18600,44.9958582879713
2191,19200,47.0591150355571
2192,19800,51.2715638141183
2193,20400,56.5423354194276
2194,21000,50.8442682863725
2195,21600,46.9867713962074
2196,600,36.3287610125303
2197,1200,20.5301923674903
2198,1800,20.9557708236178
2199,2400,26.6876668589987
2200,3000,46.1713888888889
2201,3600,40.4561558386206
2202,4200,37.368027007743
2203,4800,37.745872984427
2204,5400,39.0261183197789
2205,6000,38.9549207945412
2206,6600,41.9548167149635
2207,7200,41.3209998944271
2208,7800,33.4352419499493
2209,8400,37.715839107914
2210,9000,38.7192587136339
2211,9600,42.2932909784798
2212,10200,47.1702389149693
2213,10800,36.5312919614118
2214,11400,47.5908182836042
2215,12000,48.687413259421
2216,12600,41.7264735438526
2217,13200,49.8402022593362
2218,13800,42.1275834894699
2219,14400,35.6090776538556
2220,15000,42.1236924842486
2221,15600,40.7626545621896
2222,16200,38.8652957027654
2223,16800,40.0497977389456
2224,17400,37.6873217060555
2225,18000,44.8942820801955
2226,18600,44.1686957479484
2227,19200,43.8328112488224
2228,19800,40.5808801201939
2229,20400,45.3496362282271
2230,21000,48.9927655089553
2231,21600,48.655395488534
2232,600,46.1713888888889
2233,1200,39.2795740232312
2234,1800,52.9189951731473
2235,2400,52.5815589269341
2236,3000,47.7240242655082
2237,3600,63.52582501713
2238,4200,65.4313848371149
2239,4800,66.736639526944
2240,5400,68.6219880030834
2241,6000,59.7328003750479
2242,6600,61.0731115438377
2243,7200,46.1713888888889
2244,7800,52.9346705301463
2245,8400,47.4018381875142
2246,9000,49.2790320131575
2247,9600,51.3308109432016
2248,10200,53.5707702209142
2249,10800,59.1812585431831
2250,11400,52.2303515551869
2251,12000,46.1761081964057
2252,12600,43.1246737330952
2253,13200,33.7427091057503
2254,13800,39.2836334723144
2255,14400,40.9403412411765
2256,15000,40.0752802719068
2257,15600,49.6012639213191
2258,16200,46.6628609281652
2259,16800,47.3091223188356
2260,17400,47.6964587394337
2261,18000,33.9300436348813
2262,18600,37.8928462526886
2263,19200,43.276693358708
2264,19800,44.5523890301478
2265,20400,48.6669888412887
2266,21000,36.8457838501221
2267,21600,42.7263275145461
2268,600,40.1512551722034
2269,1200,41.3145097668232
2270,1800,40.8398863128407
2271,2400,45.570203627557
2272,3000,47.0547457529457
2273,3600,54.4039823430559
2274,4200,50.3449142980946
2275,4800,44.159827010653
2276,5400,48.5288787915066
2277,6000,47.872067824149
2278,6600,35.4933274469785
2279,7200,39.0757473523347
2280,7800,38.0665996955145
2281,8400,37.3160464796786
2282,9000,41.2824387273644
2283,9600,43.1373583717247
2284,10200,43.0578509492977
2285,10800,49.0301634055868
2286,11400,50.6263667151141
2287,12000,40.8808858367768
2288,12600,41.669364356094
2289,13200,50.3057681365369
2290,13800,48.3138602017315
2291,14400,49.3955255805535
2292,15000,45.4805550208261
2293,15600,52.2957879164283
2294,16200,42.5841071465943
2295,16800,40.6525681002091
2296,17400,45.7548521729407
2297,18000,51.2255047356623
2298,18600,49.4917475770252
2299,19200,40.9293482396221
2300,19800,34.5818445970885
2301,20400,42.0517228046694
2302,21000,34.8113112071762
2303,21600,37.2476361964642
2304,600,33.3408826738484
2305,1200,23.4665384019455
2306,1800,24.239468257083
2307,2400,46.1713888888889
2308,3000,46.1713888888889
2309,3600,48.5092826756697
2310,4200,46.1713888888889
2311,4800,54.2071060210272
2312,5400,59.1242362167892
2313,6000,36.1699237295819
2314,6600,36.8399492618783
2315,7200,33.8623311219669
2316,7800,40.3756972602551
2317,8400,46.9916188362346
2318,9000,44.8420779201092
2319,9600,51.5803511666834
2320,10200,51.5401247568829
2321,10800,51.7011489306543
2322,11400,53.4352194620602
2323,12000,69.804567571711
2324,12600,51.6733912058143
2325,13200,49.559385226001
2326,13800,54.5802293309151
2327,14400,63.0783421403908
2328,15000,54.8479015043568
2329,15600,55.0811688990217
2330,16200,42.495018579712
2331,16800,50.9127572727018
2332,17400,41.0213588995966
2333,18000,35.7934473790575
2334,18600,39.7214550617923
2335,19200,38.8385443220236
2336,19800,43.7094815480548
2337,20400,49.5581432524548
2338,21000,54.9389082197183
2339,21600,52.0008062419843
2340,600,42.7380864317805
2341,1200,34.1589343685178
2342,1800,38.5866583617977
2343,2400,34.9168760792214
2344,3000,37.7102876589254
2345,3600,42.1167714091005
2346,4200,39.2331583812725
2347,4800,49.1610159723939
2348,5400,36.6913683385241
2349,6000,36.8039675414195
2350,6600,41.0771848426633
2351,7200,42.6153978734618
2352,7800,44.4813551498016
2353,8400,43.7236893798975
2354,9000,44.5938619725163
2355,9600,44.3322333824804
2356,10200,39.2832490747833
2357,10800,44.672232758798
2358,11400,43.0115579210334
2359,12000,40.9610046480361
2360,12600,45.7215154050321
2361,13200,41.417815763489
2362,13800,46.4399680677411
2363,14400,54.1279047729133
2364,15000,43.2721489736633
2365,15600,44.8851077684581
2366,16200,42.0882151355815
2367,16800,44.6488972852054
2368,17400,46.1783216615274
2369,18000,52.268860893369
2370,18600,46.1078514802449
2371,19200,44.6296757290103
2372,19800,49.3833160399961
2373,20400,46.1665275318475
2374,21000,39.4530289700966
2375,21600,46.1713888888889
2376,600,46.1713888888889
2377,1200,49.5855597704976
2378,1800,44.4294993949682
2379,2400,42.3940230473577
2380,3000,49.3709059024749
2381,3600,51.6743068493715
2382,4200,59.1301197545313
2383,4800,42.2581841103296
2384,5400,42.3470859972623
2385,6000,48.7773881961409
2386,6600,49.2612395903552
2387,7200,51.1670998258888
2388,7800,48.1207804651809
2389,8400,46.1713888888889
2390,9000,49.6726721213585
2391,9600,42.9549305499056
2392,10200,48.0532084421257
2393,10800,47.9566917888698
2394,11400,53.3340926778648
2395,12000,65.0753741758684
2396,12600,69.1762594893264
2397,13200,63.0426685138333
2398,13800,71.1228351497468
2399,14400,56.0530074401633
2400,15000,56.7696108196187
2401,15600,54.1495423707693
2402,16200,46.1713888888889
2403,16800,45.3638097474313
2404,17400,46.6758975712755
2405,18000,39.980404626588
2406,18600,39.0611978337977
2407,19200,41.7512400704262
2408,19800,43.5577112289555
2409,20400,43.87035743364
2410,21000,48.505995380928
2411,21600,52.5187797556174
2412,600,45.7860027698718
2413,1200,41.8270450871697
2414,1800,40.8690136638403
2415,2400,47.2643961544153
2416,3000,44.8527541896155
2417,3600,54.7082044350549
2418,4200,62.1000355469093
2419,4800,54.6500620289636
2420,5400,47.5945538021837
2421,6000,56.2816140747506
2422,6600,47.0645425511344
2423,7200,47.4654322240092
2424,7800,46.1713888888889
2425,8400,54.0668681077582
2426,9000,50.2111060454021
2427,9600,67.5798493441738
2428,10200,59.4171231406424
2429,10800,59.4317283272364
2430,11400,63.0710246702855
2431,12000,55.9289358185679
2432,12600,55.0019282993503
2433,13200,40.674564661053
2434,13800,43.823797102723
2435,14400,36.2671998199077
2436,15000,39.1045474135513
2437,15600,39.8940505130544
2438,16200,42.822319880283
2439,16800,50.6624943242739
2440,17400,56.5106420589413
2441,18000,56.5525217140534
2442,18600,52.9288546578872
2443,19200,50.1858226697136
2444,19800,47.1070206378587
2445,20400,59.9522390565336
2446,21000,50.9480373836844
2447,21600,50.2800278988639
2448,600,35.184186410293
2449,1200,29.4524189873196
2450,1800,31.5037753680176
2451,2400,28.9289914437975
2452,3000,32.0881661524473
2453,3600,30.299918124316
2454,4200,35.8647600795854
2455,4800,37.4612949979691
2456,5400,47.7880046191225
2457,6000,48.705162731438
2458,6600,36.440393702782
2459,7200,38.2471451211841
2460,7800,37.3311440406382
2461,8400,29.4214521909557
2462,9000,33.7304890074579
2463,9600,38.4732750071347
2464,10200,48.8205414980041
2465,10800,59.8901163843712
2466,11400,40.4239437094313
2467,12000,46.1713888888889
2468,12600,53.1984013091773
2469,13200,57.6559700995354
2470,13800,62.1990786181458
2471,14400,57.8380747106963
2472,15000,51.0108175147951
2473,15600,42.834806801331
2474,16200,53.4227143049246
2475,16800,56.8523076377908
2476,17400,47.2141926850996
2477,18000,54.8371278157508
2478,18600,49.2035041369561
2479,19200,42.2041760172603
2480,19800,39.4627612821202
2481,20400,41.7600375430109
2482,21000,40.1058962635325
2483,21600,37.185166078843
2484,600,41.0997903928542
2485,1200,49.0387900348243
2486,1800,45.823506363827
2487,2400,45.7167984070198
2488,3000,42.5653714861548
2489,3600,40.98579708905
2490,4200,45.9551741557352
2491,4800,37.8575968551168
2492,5400,42.7644778897404
2493,6000,36.8821782820375
2494,6600,36.2832494965998
2495,7200,38.1015553960963
2496,7800,41.9087446792873
2497,8400,40.6731043343524
2498,9000,40.4051720567136
2499,9600,45.209098139358
2500,10200,43.5020011810246
2501,10800,52.7941259626671
2502,11400,54.1527072917651
2503,12000,54.1787436259135
2504,12600,49.9503585463363
2505,13200,47.8465640557437
2506,13800,47.3782591661724
2507,14400,62.0292900846857
2508,15000,63.4434170969776
2509,15600,64.1234350454946
2510,16200,63.825641654278
2511,16800,49.7560096020824
2512,17400,51.6538795518569
2513,18000,57.9383031276281
2514,18600,47.5962468789499
2515,19200,46.9086270013556
2516,19800,45.1491249260493
2517,20400,51.5567426316735
2518,21000,41.5878005748395
2519,21600,40.9630192558208
2520,600,29.5427874396144
2521,1200,34.0156236744852
2522,1800,34.9894182759724
2523,2400,42.6593612415329
2524,3000,41.5902883611083
2525,3600,47.6439947150988
2526,4200,49.5044293362725
2527,4800,46.1713888888889
2528,5400,49.8879817686899
2529,6000,54.0915967224655
2530,6600,52.7687427683937
2531,7200,52.8350535020468
2532,7800,51.1698515555309
2533,8400,45.9379175379809
2534,9000,40.0950189171653
2535,9600,41.1560923937871
2536,10200,41.9541477384861
2537,10800,45.8979999419274
2538,11400,57.1176321549002
2539,12000,59.7724657852055
2540,12600,63.824931406655
2541,13200,58.9012549353351
2542,13800,67.3827114782568
2543,14400,56.4557322393289
2544,15000,54.1457694202205
2545,15600,61.8998052244499
2546,16200,64.0566295379906
2547,16800,58.3079236690021
2548,17400,56.2503727772784
2549,18000,55.2919771120937
2550,18600,60.4696736457879
2551,19200,41.878639778012
2552,19800,48.428792664048
2553,20400,52.8774116145104
2554,21000,54.0605401853547
2555,21600,53.2055853679047
2556,600,38.2529082047685
2557,1200,37.0091859137394
2558,1800,29.2413621875796
2559,2400,31.2718027355737
2560,3000,32.170284214786
2561,3600,30.7305566148605
2562,4200,31.8430769740354
2563,4800,33.3269541420845
2564,5400,38.2117032848982
2565,6000,46.1414826649892
2566,6600,39.5295970231379
2567,7200,34.3279790615619
2568,7800,41.760455533335
2569,8400,35.7304858468647
2570,9000,49.318160178576
2571,9600,44.0493585506266
2572,10200,39.4294002794109
2573,10800,44.2287865360326
2574,11400,48.1418766191986
2575,12000,52.9352454468033
2576,12600,58.8375639596375
2577,13200,57.9585471044724
2578,13800,52.5060557654303
2579,14400,42.1382530404176
2580,15000,39.3732532852228
2581,15600,46.7132603154486
2582,16200,54.1521770055331
2583,16800,57.1290776993658
2584,17400,64.2237699995698
2585,18000,56.2852891263027
2586,18600,51.0216103992828
2587,19200,31.8830552770648
2588,19800,47.2829168209798
2589,20400,40.9984505343718
2590,21000,42.5361973451935
2591,21600,48.4705017157615
2592,600,41.8384767146211
2593,1200,35.2367312972796
2594,1800,35.9486931125392
2595,2400,40.6456187111355
2596,3000,44.6964795568745
2597,3600,51.5951219177571
2598,4200,40.3755000225706
2599,4800,41.5938938275892
2600,5400,45.8959380642839
2601,6000,44.9185105222101
2602,6600,51.7359270693304
2603,7200,47.1946136056077
2604,7800,43.2634182067676
2605,8400,39.8573302310471
2606,9000,36.9368443139523
2607,9600,29.9701799065628
2608,10200,34.882251507599
2609,10800,41.4396693150142
2610,11400,40.9234301492929
2611,12000,42.7534623330249
2612,12600,56.2967960975898
2613,13200,50.6702096290275
2614,13800,41.1178642752719
2615,14400,47.7777826921412
2616,15000,46.6282758880617
2617,15600,41.1792421472243
2618,16200,36.0144034949919
2619,16800,42.1870588095969
2620,17400,38.8518840201163
2621,18000,49.6174652454767
2622,18600,57.1536484279461
2623,19200,56.6099327570518
2624,19800,42.0024728907772
2625,20400,50.7296861488971
2626,21000,49.9968872040485
2627,21600,56.0580204446701
2628,600,42.1177120073039
2629,1200,34.4413173059029
2630,1800,38.4875735395184
2631,2400,35.4809269073982
2632,3000,33.8699873993843
2633,3600,34.2569878920526
2634,4200,38.0239186123412
2635,4800,38.8154982263477
2636,5400,40.0526353701584
2637,6000,46.6429736347977
2638,6600,45.1290173599393
2639,7200,42.5685090530192
2640,7800,42.7602403988544
2641,8400,45.9243086176473
2642,9000,54.3079165530715
2643,9600,61.7872175390835
2644,10200,62.0083176241307
2645,10800,65.1912328394771
2646,11400,57.9128637854007
2647,12000,57.1215106827984
2648,12600,44.3711487135605
2649,13200,46.2602557433374
2650,13800,46.1713888888889
2651,14400,49.1441427923767
2652,15000,43.7756281569193
2653,15600,36.4764877191487
2654,16200,38.9629830648567
2655,16800,38.8778286939295
2656,17400,41.9168467810573
2657,18000,40.8209025456302
2658,18600,45.8150163852724
2659,19200,51.8167623668742
2660,19800,57.9650641063107
2661,20400,53.7538907741144
2662,21000,45.6683598490589
2663,21600,50.7942361403009
2664,600,46.1713888888889
2665,1200,42.6208360667484
2666,1800,36.4823319053333
2667,2400,48.5320811444717
2668,3000,47.2254136377492
2669,3600,40.9597655538721
2670,4200,46.0532895859884
2671,4800,42.7369102041292
2672,5400,52.5002461318328
2673,6000,37.7843981592115
2674,6600,41.5098168255227
2675,7200,45.9078023189192
2676,7800,36.0625861178614
2677,8400,41.2123727993531
2678,9000,46.1718433513882
2679,9600,44.0038273589174
2680,10200,48.4218665499809
2681,10800,48.0555529791272
2682,11400,41.1863561409835
2683,12000,44.5237838071305
2684,12600,39.7575226838217
2685,13200,47.0640518564084
2686,13800,50.8406786564939
2687,14400,53.0874126407567
2688,15000,57.1121987605841
2689,15600,50.7219588467174
2690,16200,57.1154870151199
2691,16800,49.0460931080183
2692,17400,57.7702297461981
2693,18000,45.1963431958117
2694,18600,56.4787509808734
2695,19200,52.6707348350781
2696,19800,51.1194374114135
2697,20400,49.4578322932318
2698,21000,42.9079982987806
2699,21600,27.5079414367693
2700,600,42.318097336508
2701,1200,38.3623103335663
2702,1800,49.7316836209938
2703,2400,50.8961019659419
2704,3000,60.7547468859938
2705,3600,43.7884860383812
2706,4200,35.5380615297
2707,4800,38.6746686000252
2708,5400,42.8381317679905
2709,6000,34.3074375485512
2710,6600,37.0631148237968
2711,7200,35.6539144345441
2712,7800,47.1359003619843
2713,8400,36.3071666054081
2714,9000,42.309255953344
2715,9600,37.8955691885082
2716,10200,48.9884049244779
2717,10800,48.7745116932677
2718,11400,52.3196512767678
2719,12000,45.8003113800935
2720,12600,46.2992425790769
2721,13200,51.4736311824567
2722,13800,41.3706361254385
2723,14400,37.1306238603652
2724,15000,42.0467697872929
2725,15600,39.5136082933701
2726,16200,49.1490982092384
2727,16800,47.3116496966104
2728,17400,53.9651212965838
2729,18000,45.9414371028912
2730,18600,41.5073165619308
2731,19200,49.222187968515
2732,19800,51.3103706884668
2733,20400,40.711934723656
2734,21000,47.2997548485386
2735,21600,41.5436961170379
2736,600,41.1924253988811
2737,1200,38.9632321314217
2738,1800,38.3364405236917
2739,2400,36.2342020992597
2740,3000,40.0198440052387
2741,3600,42.7748460653454
2742,4200,37.0207255180254
2743,4800,34.7087543297938
2744,5400,43.3076738321376
2745,6000,44.5095987703973
2746,6600,50.0397494483554
2747,7200,54.4426121353957
2748,7800,44.1920410594305
2749,8400,44.9702678981498
2750,9000,47.7738153832901
2751,9600,41.7835467393329
2752,10200,50.3981502368224
2753,10800,56.3536638971359
2754,11400,51.8553235339369
2755,12000,42.5412916922491
2756,12600,44.0817249667151
2757,13200,46.1713888888889
2758,13800,47.0548318344777
2759,14400,26.911675120124
2760,15000,41.7104435429392
2761,15600,44.7305184141565
2762,16200,33.0879164653796
2763,16800,40.0905155633177
2764,17400,37.1684455060853
2765,18000,38.9165419883547
2766,18600,46.2740940544574
2767,19200,55.3425486624411
2768,19800,52.0650970889851
2769,20400,52.103232587371
2770,21000,53.2520355624505
2771,21600,45.9176989956798
2772,600,32.9775670198198
2773,1200,23.2721589842293
2774,1800,29.0885917630435
2775,2400,20.7220264112926
2776,3000,27.9272313220508
2777,3600,29.9244917885207
2778,4200,35.2981504403776
2779,4800,41.3113232504604
2780,5400,32.2340404564813
2781,6000,35.7775339931254
2782,6600,38.0819986318169
2783,7200,38.0303722677699
2784,7800,44.6514920885146
2785,8400,32.0721174355492
2786,9000,30.8311987030429
2787,9600,41.7955801576757
2788,10200,40.7575187040399
2789,10800,46.105975802654
2790,11400,45.6728588838331
2791,12000,35.8486422575132
2792,12600,36.8255494712186
2793,13200,39.1082661357343
2794,13800,37.5527480175802
2795,14400,42.4121845109858
2796,15000,47.7494760850587
2797,15600,42.1159589434074
2798,16200,43.531926120909
2799,16800,37.9800473845023
2800,17400,37.0723413243375
2801,18000,44.7891707108555
2802,18600,42.3732811773317
2803,19200,39.6901508978075
2804,19800,35.2651987898456
2805,20400,33.6298248440116
2806,21000,36.4488744433185
2807,21600,36.6007685758547
2808,600,50.2999489049986
2809,1200,43.8631935305883
2810,1800,40.8521879936303
2811,2400,38.9260602662973
2812,3000,39.9139724789832
2813,3600,42.6405399194713
2814,4200,39.9226581355569
2815,4800,32.4435932588899
2816,5400,45.7665928540875
2817,6000,38.9742280123585
2818,6600,32.1781948376359
2819,7200,36.0729960445091
2820,7800,37.7393646207355
2821,8400,33.8367977199192
2822,9000,44.537313544452
2823,9600,39.2993006710636
2824,10200,53.6229575846041
2825,10800,58.9922069424337
2826,11400,52.4843591402381
2827,12000,52.7150245331381
2828,12600,47.1536987834997
2829,13200,46.1713888888889
2830,13800,39.0189088265082
2831,14400,51.8863205638145
2832,15000,43.4252010977633
2833,15600,52.5144741193513
2834,16200,50.1837149619026
2835,16800,56.513388989613
2836,17400,46.3677939520218
2837,18000,41.5844921646279
2838,18600,55.826328072099
2839,19200,46.6648761358212
2840,19800,48.9535140099969
2841,20400,49.2587016548455
2842,21000,48.882455414953
2843,21600,37.6667168466351
2844,600,28.5773459260504
2845,1200,25.2019036955723
2846,1800,21.0687616225
2847,2400,23.9289806292961
2848,3000,28.942599404337
2849,3600,37.6308147890854
2850,4200,37.407605076639
2851,4800,34.9880678456946
2852,5400,43.1641140715399
2853,6000,48.7975942611189
2854,6600,40.4839423572832
2855,7200,44.9993898503077
2856,7800,51.8294527642683
2857,8400,47.3673417484022
2858,9000,42.6164037376631
2859,9600,41.2603245917451
2860,10200,37.8504041582425
2861,10800,46.0613465774363
2862,11400,41.971107299971
2863,12000,46.8071178591915
2864,12600,41.5059478955653
2865,13200,43.6487198639051
2866,13800,53.011029827974
2867,14400,48.7890556929887
2868,15000,53.0611747498505
2869,15600,48.6855630163734
2870,16200,44.3125484856906
2871,16800,37.8583829264725
2872,17400,43.719885236041
2873,18000,46.1713888888889
2874,18600,43.149036666256
2875,19200,53.1841051762787
2876,19800,48.6206137506301
2877,20400,39.74516293549
2878,21000,40.5139460002826
2879,21600,50.903417516459
2880,600,34.1726584641416
2881,1200,35.1528817664112
2882,1800,42.0211600816154
2883,2400,42.3768972015476
2884,3000,56.2099654462929
2885,3600,57.4327085582084
2886,4200,50.6544454910756
2887,4800,38.553213857003
2888,5400,44.8550058665393
2889,6000,46.1713888888889
2890,6600,38.0369036665195
2891,7200,41.536315300523
2892,7800,48.6642899003212
2893,8400,48.1498540677117
2894,9000,52.1597668584726
2895,9600,43.5801968048858
2896,10200,50.6536733367341
2897,10800,47.092474478601
2898,11400,39.7848724961756
2899,12000,39.0440914238178
2900,12600,37.504365757541
2901,13200,40.6185841911386
2902,13800,46.2158527895754
2903,14400,48.9066801377656
2904,15000,52.6442008476966
2905,15600,50.3405400365514
2906,16200,53.7560099994544
2907,16800,55.0455202271104
2908,17400,48.2077076957576
2909,18000,52.8852411347602
2910,18600,49.6756395647213
2911,19200,42.4937842845185
2912,19800,47.1928133918267
2913,20400,46.9124590392277
2914,21000,41.0293045549306
2915,21600,44.3787999520589
2916,600,35.9841306297517
2917,1200,30.7030182029689
2918,1800,30.8102204837234
2919,2400,33.4158934609865
2920,3000,39.3841618248977
2921,3600,42.360318918263
2922,4200,50.0736553741565
2923,4800,54.3815730707554
2924,5400,46.6446883069309
2925,6000,50.7192934985429
2926,6600,32.6524626879098
2927,7200,35.0238105774262
2928,7800,39.938266786867
2929,8400,35.6304801021607
2930,9000,36.4139772901759
2931,9600,45.3770594648285
2932,10200,46.0892962610934
2933,10800,42.7214359239911
2934,11400,54.2106375833635
2935,12000,41.374586157996
2936,12600,44.8016458744259
2937,13200,43.6221470048632
2938,13800,40.7215163480082
2939,14400,44.8270079532294
2940,15000,47.9968771674732
2941,15600,54.2897332541281
2942,16200,50.9414781509063
2943,16800,62.5994164094216
2944,17400,45.7298154643321
2945,18000,48.3027145929175
2946,18600,51.3261933738579
2947,19200,34.9996458417439
2948,19800,41.0552813818457
2949,20400,42.2777053622279
2950,21000,40.0259031852983
2951,21600,43.6737971238139
2952,600,46.1713888888889
2953,1200,47.0015195921201
2954,1800,44.3684478530048
2955,2400,49.886298049916
2956,3000,47.2153288413479
2957,3600,47.8673510360917
2958,4200,46.5616042118454
2959,4800,58.0120009164576
2960,5400,53.0586850439936
2961,6000,41.4608298952098
2962,6600,57.0143036030734
2963,7200,50.8886717200316
2964,7800,32.1700951353512
2965,8400,39.9644139772321
2966,9000,34.2052098805401
2967,9600,42.0999020682596
2968,10200,38.0013548131931
2969,10800,31.348766703675
2970,11400,35.6502710561968
2971,12000,50.8054484548038
2972,12600,49.9587356291117
2973,13200,56.0930798030131
2974,13800,60.4473757096013
2975,14400,61.0276864093749
2976,15000,59.1179524449136
2977,15600,47.5641081740081
2978,16200,39.5974179927839
2979,16800,43.6657660468062
2980,17400,40.0027807859926
2981,18000,52.457254555273
2982,18600,46.4922770853312
2983,19200,45.1030490511968
2984,19800,56.5555719396561
2985,20400,50.1732635241607
2986,21000,57.3202917161891
2987,21600,59.1278834343129
2988,600,31.3180504135674
2989,1200,23.276359043146
2990,1800,18.9643190309513
2991,2400,19.6140689131986
2992,3000,27.800574974984
2993,3600,46.1713888888889
2994,4200,44.4791982525437
2995,4800,40.2714381880628
2996,5400,47.1613224279181
2997,6000,46.6736179703425
2998,6600,43.7443395895884
2999,7200,42.6430581792023
3000,7800,53.0403712130546
3001,8400,44.5568635901728
3002,9000,53.4456999335732
3003,9600,53.38036770999
3004,10200,58.0334417565261
3005,10800,57.9147920117178
3006,11400,56.0340169543942
3007,12000,55.4541400815471
3008,12600,42.4021292282525
3009,13200,45.9662313885094
3010,13800,39.6621647419752
3011,14400,37.4615359062845
3012,15000,39.3286684504816
3013,15600,37.1891703397663
3014,16200,32.6568921376129
3015,16800,30.0771835099417
3016,17400,32.307740164899
3017,18000,46.1713888888889
3018,18600,52.4678300464004
3019,19200,39.124007238628
3020,19800,43.9183243427888
3021,20400,42.4606042029943
3022,21000,42.6455728397054
3023,21600,43.5975901932972
3024,600,37.7422583999023
3025,1200,32.8487060257394
3026,1800,35.0311606805304
3027,2400,31.7980031242078
3028,3000,29.3794976719049
3029,3600,31.4069148685308
3030,4200,35.3991150193726
3031,4800,31.6569335493641
3032,5400,38.039794566304
3033,6000,43.9447270783292
3034,6600,50.0121378521648
3035,7200,48.9777828833373
3036,7800,48.379961700274
3037,8400,46.7882400292531
3038,9000,40.0135132034529
3039,9600,38.7340760147207
3040,10200,42.5350995807086
3041,10800,37.2101552776444
3042,11400,41.0314688905927
3043,12000,41.8234324222332
3044,12600,41.1202661599701
3045,13200,44.5828899664575
3046,13800,48.8114724036934
3047,14400,51.5158026149707
3048,15000,54.5050448210476
3049,15600,56.7893413066275
3050,16200,51.7586977041039
3051,16800,48.0144735523336
3052,17400,60.1468747392705
3053,18000,58.0387878095805
3054,18600,47.3142680148747
3055,19200,45.9359058095784
3056,19800,52.0115909682223
3057,20400,44.3289345702096
3058,21000,46.2588578182492
3059,21600,48.765860589281
3060,600,44.7244753106477
3061,1200,37.014995547337
3062,1800,43.5437898956472
3063,2400,38.0820466215212
3064,3000,43.249453922674
3065,3600,38.5264557577026
3066,4200,46.1713888888889
3067,4800,38.3855752622937
3068,5400,38.3498301310768
3069,6000,40.0586360027789
3070,6600,41.1387786682848
3071,7200,42.175091617046
3072,7800,44.1864635760273
3073,8400,49.3936770171455
3074,9000,38.107423577133
3075,9600,42.4408677172725
3076,10200,45.4135976259082
3077,10800,51.2909305391688
3078,11400,40.7983291485412
3079,12000,44.4649455503275
3080,12600,45.8223068311755
3081,13200,52.0146575103244
3082,13800,52.5502840366689
3083,14400,54.341369216116
3084,15000,67.4186653646872
3085,15600,62.7590263266085
3086,16200,39.5153455206643
3087,16800,36.3627645973796
3088,17400,43.4046919778029
3089,18000,37.2242652104904
3090,18600,37.8100928066655
3091,19200,38.8121672609751
3092,19800,44.825216737518
3093,20400,42.0735864340325
3094,21000,29.1371707808702
3095,21600,30.0388858063554
3096,600,33.4356968923457
3097,1200,25.5447690170282
3098,1800,27.5455692040842
3099,2400,33.0980346146254
3100,3000,38.3324612174146
3101,3600,30.092423120426
3102,4200,26.817574988426
3103,4800,32.2534350155603
3104,5400,38.0032168137183
3105,6000,46.1713888888889
3106,6600,45.6418145241098
3107,7200,42.6481585249708
3108,7800,38.6794704498333
3109,8400,42.6721970477309
3110,9000,33.7695631844592
3111,9600,37.4861056750707
3112,10200,45.7585329832573
3113,10800,48.1457106366461
3114,11400,50.2995045203371
3115,12000,44.3645045390059
3116,12600,44.4698484184631
3117,13200,51.2165263418926
3118,13800,49.4063470189153
3119,14400,51.7255334591821
3120,15000,57.4218379303998
3121,15600,51.5953335523529
3122,16200,46.2671533035305
3123,16800,48.4605085796953
3124,17400,39.4236295174739
3125,18000,47.9683621650999
3126,18600,46.5190202478362
3127,19200,42.9157774298409
3128,19800,43.2763451934037
3129,20400,47.4236946184216
3130,21000,54.2544742586154
3131,21600,45.7462528978347
3132,600,44.6688446856774
3133,1200,36.9164525288188
3134,1800,38.2379800474649
3135,2400,28.6427424558373
3136,3000,34.6590705889752
3137,3600,38.2854145108449
3138,4200,43.4528100545202
3139,4800,32.8007547132444
3140,5400,42.9879788996916
3141,6000,39.9203930215159
3142,6600,49.6926336787933
3143,7200,49.7282506774997
3144,7800,57.1352510949216
3145,8400,52.1307436451312
3146,9000,52.2090268502026
3147,9600,49.5069216815632
3148,10200,46.0533382955382
3149,10800,49.6313661831607
3150,11400,54.1378400813859
3151,12000,51.3408926202722
3152,12600,41.3211971321116
3153,13200,38.0865461361925
3154,13800,40.859262155935
3155,14400,46.2568655106801
3156,15000,34.000508837232
3157,15600,38.5517132189508
3158,16200,35.8800659158616
3159,16800,37.0046288114231
3160,17400,46.1713888888889
3161,18000,54.5962780478132
3162,18600,51.3167528392362
3163,19200,45.9955589315597
3164,19800,49.987172408267
3165,20400,45.7502749149486
3166,21000,50.78412854879
3167,21600,52.9198421914275
3168,600,41.1578872087264
3169,1200,33.6599249463165
3170,1800,36.214382351401
3171,2400,45.0198255460205
3172,3000,44.0609346270878
3173,3600,52.3368512666711
3174,4200,31.8855353849809
3175,4800,38.3734991331141
3176,5400,35.7036759186837
3177,6000,42.3655068452419
3178,6600,35.7846643033841
3179,7200,34.1618271878905
3180,7800,38.8213299352091
3181,8400,47.6742546231189
3182,9000,40.5828822506556
3183,9600,46.3354817642991
3184,10200,43.0477073655086
3185,10800,49.1543857148536
3186,11400,39.0740523559803
3187,12000,46.1713888888889
3188,12600,54.0252773506657
3189,13200,51.4336250453987
3190,13800,45.1363186335195
3191,14400,54.0736485730729
3192,15000,47.9013769361535
3193,15600,43.5307254185085
3194,16200,43.2666411953056
3195,16800,49.0519802449882
3196,17400,50.6984064596615
3197,18000,55.0600044796497
3198,18600,51.7211515192863
3199,19200,51.6332746924366
3200,19800,45.9140728936261
3201,20400,47.8897677467964
3202,21000,53.8505257219912
3203,21600,52.0648859342864
3204,600,33.5192488870477
3205,1200,19.1867052400727
3206,1800,23.8551590270295
3207,2400,29.5205432518965
3208,3000,46.1713888888889
3209,3600,50.1848321622177
3210,4200,42.3993239900901
3211,4800,43.7016318721293
3212,5400,39.9518190793495
3213,6000,44.727977359316
3214,6600,52.3888581890729
3215,7200,50.4723154453714
3216,7800,61.4370059536997
3217,8400,60.6696659393141
3218,9000,59.0364803239943
3219,9600,55.6194118240424
3220,10200,71.1942956585638
3221,10800,60.5257189018031
3222,11400,63.1980169452821
3223,12000,52.1469598460971
3224,12600,42.9201492918988
3225,13200,44.8799324387767
3226,13800,50.0885446597997
3227,14400,56.5929271254508
3228,15000,62.5767825453052
3229,15600,59.3161288080307
3230,16200,54.6991123056861
3231,16800,46.1713888888889
3232,17400,37.4236912255064
3233,18000,44.9033039046475
3234,18600,41.8585810414261
3235,19200,48.3378812082495
3236,19800,45.0550499889461
3237,20400,45.622331244065
3238,21000,42.8582044215906
3239,21600,47.1052925286084
3240,600,51.4471235894125
3241,1200,46.1063383648697
3242,1800,53.451614184726
3243,2400,43.7356316178022
3244,3000,50.7370631262357
3245,3600,50.3056692777462
3246,4200,54.7728081749275
3247,4800,38.4088531482412
3248,5400,46.6935252694179
3249,6000,44.3105938650362
3250,6600,43.8600432464523
3251,7200,46.1713888888889
3252,7800,45.7897727810513
3253,8400,55.7684707248511
3254,9000,50.9178230658833
3255,9600,49.6486542341713
3256,10200,45.1486303921469
3257,10800,47.5093799954263
3258,11400,59.2168486676551
3259,12000,45.271074682871
3260,12600,51.8749138910093
3261,13200,55.4946731455578
3262,13800,43.2142484356815
3263,14400,52.4477617118736
3264,15000,53.0621662171405
3265,15600,48.8574155870136
3266,16200,51.2455102036765
3267,16800,49.0306029912778
3268,17400,47.4911975363027
3269,18000,45.6439762803252
3270,18600,49.0931806058366
3271,19200,62.9757766248617
3272,19800,54.5469907019517
3273,20400,49.6651840478545
3274,21000,50.4732944353383
3275,21600,50.3776922258971
3276,600,23.417487165429
3277,1200,22.4042939765398
3278,1800,22.9328928905927
3279,2400,24.410269373303
3280,3000,30.4272242519784
3281,3600,31.1108779004901
3282,4200,36.661852750817
3283,4800,35.6174758521008
3284,5400,35.6769216585597
3285,6000,40.2927768100612
3286,6600,36.2529238426849
3287,7200,38.4868263398231
3288,7800,39.6857430434714
3289,8400,41.7216150661935
3290,9000,44.6902044231457
3291,9600,50.2657783159785
3292,10200,52.3821060376837
3293,10800,48.1520871486251
3294,11400,52.5693124343044
3295,12000,55.2926076968076
3296,12600,62.8240389387613
3297,13200,58.2922819047962
3298,13800,53.0248950133283
3299,14400,64.9901982095744
3300,15000,54.637996457519
3301,15600,53.5688040827308
3302,16200,56.0487881853649
3303,16800,60.0250701513043
3304,17400,51.7684756063465
3305,18000,56.6434065355661
3306,18600,45.4143469851402
3307,19200,44.3279385438978
3308,19800,48.8609845813193
3309,20400,52.8376809383549
3310,21000,40.9197661353728
3311,21600,44.301500176002
3312,600,43.9071319440132
3313,1200,46.1713888888889
3314,1800,47.1829377105617
3315,2400,36.704902394919
3316,3000,44.4621067193721
3317,3600,28.9493582742847
3318,4200,37.7747762235077
3319,4800,41.496601420764
3320,5400,45.4242813338187
3321,6000,50.0193161521278
3322,6600,54.1081310951707
3323,7200,51.0076804278278
3324,7800,36.4368136708443
3325,8400,39.225601442543
3326,9000,51.7259202561984
3327,9600,46.1713888888889
3328,10200,42.7686870667009
3329,10800,43.3154104923096
3330,11400,50.5352827363288
3331,12000,45.0947873836602
3332,12600,51.8550044024036
3333,13200,51.9392061777012
3334,13800,44.7907150195385
3335,14400,49.6850421874766
3336,15000,51.571500425527
3337,15600,48.6973874395541
3338,16200,54.1294543604638
3339,16800,52.817566053815
3340,17400,50.4487361840811
3341,18000,55.373245756667
3342,18600,60.1786842348411
3343,19200,29.8863534107525
3344,19800,42.5595767293656
3345,20400,44.945508690006
3346,21000,48.3773016309669
3347,21600,57.5826783036039
3348,600,34.2451545907765
3349,1200,30.507650197345
3350,1800,46.1713888888889
3351,2400,44.2867768147613
3352,3000,43.0275113783685
3353,3600,44.1700842100669
3354,4200,51.1283649360966
3355,4800,47.8155354726357
3356,5400,56.2655557599117
3357,6000,47.2579002680469
3358,6600,49.317145196331
3359,7200,49.279566618463
3360,7800,45.9433634096202
3361,8400,45.6047488961931
3362,9000,35.0560270256889
3363,9600,33.9468073983728
3364,10200,38.3548930448761
3365,10800,47.4939553846322
3366,11400,40.2792557108864
3367,12000,41.1462261904886
3368,12600,44.719545208355
3369,13200,37.4280285349772
3370,13800,34.9907879021319
3371,14400,37.7578377774927
3372,15000,38.092457507963
3373,15600,35.5358799177444
3374,16200,46.1614588592837
3375,16800,42.0119163047812
3376,17400,48.1762266897127
3377,18000,46.1713888888889
3378,18600,40.1290709716159
3379,19200,56.5883277921947
3380,19800,55.5061810766389
3381,20400,57.6202935935956
3382,21000,52.2533328647621
3383,21600,46.6234437447527
3384,600,44.7210123735885
3385,1200,36.0930077511848
3386,1800,35.2395319764201
3387,2400,32.3761130161441
3388,3000,35.5204262731791
3389,3600,35.7024924925767
3390,4200,36.9894928587
3391,4800,31.7477137533214
3392,5400,35.0644511383744
3393,6000,33.3855102194264
3394,6600,42.0098541871892
3395,7200,37.8807778018617
3396,7800,42.4367194872364
3397,8400,45.0528928517397
3398,9000,52.6775757674201
3399,9600,54.2771657103769
3400,10200,52.1233378739701
3401,10800,46.1713888888889
3402,11400,43.4565940427009
3403,12000,62.5548435721064
3404,12600,54.9669025338003
3405,13200,50.9495049088406
3406,13800,41.4810762715394
3407,14400,45.3086597393491
3408,15000,53.7852251716128
3409,15600,52.5572727773
3410,16200,46.1713888888889
3411,16800,50.631482417588
3412,17400,52.1011320780156
3413,18000,40.2122913574614
3414,18600,48.3254106037009
3415,19200,48.4488502008913
3416,19800,53.0417792309775
3417,20400,47.0822519517484
3418,21000,41.0092885291815
3419,21600,46.1130000556663
3420,600,33.2461452388779
3421,1200,30.4575834986863
3422,1800,29.1109300105817
3423,2400,34.7380299689796
3424,3000,34.7657833747463
3425,3600,45.6006857279078
3426,4200,51.7427617630108
3427,4800,48.7464518732393
3428,5400,51.9839383408345
3429,6000,43.3172655343277
3430,6600,47.832220892935
3431,7200,41.7080464572115
3432,7800,46.029852494197
3433,8400,48.219618980303
3434,9000,46.8607668692987
3435,9600,48.6427103700073
3436,10200,51.5033833594057
3437,10800,47.675697673526
3438,11400,52.7316678424719
3439,12000,52.339183086401
3440,12600,57.8362050318184
3441,13200,51.8936817045506
3442,13800,49.0046141669367
3443,14400,41.7455940817202
3444,15000,45.9145688672196
3445,15600,43.4876995293101
3446,16200,49.0004342636958
3447,16800,58.2222994788703
3448,17400,55.4211279639878
3449,18000,65.1643739617978
3450,18600,52.5505753341738
3451,19200,51.362855108426
3452,19800,45.2833067785894
3453,20400,50.12320690334
3454,21000,50.6502382337033
3455,21600,53.9371845701468
3456,600,46.1713888888889
3457,1200,27.2155555254286
3458,1800,29.069393961752
3459,2400,26.0266566725443
3460,3000,46.1713888888889
3461,3600,50.526100386316
3462,4200,44.3251877740497
3463,4800,60.7357420033134
3464,5400,55.3675215447431
3465,6000,60.6594902024232
3466,6600,56.7400981112939
3467,7200,52.4838806828866
3468,7800,36.1935097094308
3469,8400,46.1713888888889
3470,9000,53.1608541645655
3471,9600,53.2476387457463
3472,10200,56.2742025448249
3473,10800,43.9330367863718
3474,11400,49.5856027212829
3475,12000,47.0513128694387
3476,12600,59.2382827891651
3477,13200,48.238083738862
3478,13800,55.8574138829294
3479,14400,48.5717208801376
3480,15000,37.7291216982586
3481,15600,44.0936336118268
3482,16200,43.0018253690613
3483,16800,54.6042923284243
3484,17400,57.1062979465485
3485,18000,55.222988073046
3486,18600,45.8562841716552
3487,19200,47.5698830150701
3488,19800,42.3728535890668
3489,20400,51.1418505228903
3490,21000,37.4243899556004
3491,21600,42.2782637224369
3492,600,29.613635599805
3493,1200,46.1713888888889
3494,1800,43.2580112067888
3495,2400,39.6005901122354
3496,3000,41.0743846434198
3497,3600,39.9765678497326
3498,4200,42.3449470961435
3499,4800,46.0218575294418
3500,5400,49.5380235689445
3501,6000,40.5597377760859
3502,6600,51.5664341524485
3503,7200,56.1172032675497
3504,7800,54.1923966967749
3505,8400,49.7907027989819
3506,9000,46.3339261780356
3507,9600,54.3027749361573
3508,10200,48.5468180628039
3509,10800,42.5793559259242
3510,11400,40.2899142242022
3511,12000,44.5065150719759
3512,12600,46.1713888888889
3513,13200,58.3513601101205
3514,13800,53.4876803670643
3515,14400,57.2814488495624
3516,15000,54.3388699123182
3517,15600,49.281224182848
3518,16200,58.1471667978835
3519,16800,49.5383014293322
3520,17400,43.3809224373353
3521,18000,49.0702468060686
3522,18600,56.2615486196061
3523,19200,46.1713888888889
3524,19800,37.6519120228714
3525,20400,50.7350633952592
3526,21000,48.4467885631963
3527,21600,51.8706692016676
3528,600,46.1713888888889
3529,1200,37.4858916409897
3530,1800,44.495885952354
3531,2400,58.0844058626544
3532,3000,45.8550781903872
3533,3600,30.0649691704139
3534,4200,34.2772347482791
3535,4800,36.0358021041207
3536,5400,38.1604925116901
3537,6000,44.9003873303712
3538,6600,46.2538929084241
3539,7200,56.1814624413457
3540,7800,52.7023432537878
3541,8400,51.1359890604122
3542,9000,50.9642343887686
3543,9600,39.7084364148211
3544,10200,41.3086766182706
3545,10800,41.5739464271172
3546,11400,47.0571744518911
3547,12000,47.4516128688224
3548,12600,45.0094657686137
3549,13200,53.0036288557832
3550,13800,60.3417282952648
3551,14400,62.6034629012846
3552,15000,52.085539263308
3553,15600,49.4629350384856
3554,16200,58.5918307593945
3555,16800,62.2518576948891
3556,17400,49.3126504806301
3557,18000,49.9376419945534
3558,18600,53.5485245935053
3559,19200,57.7872603324453
3560,19800,62.2375529238438
3561,20400,56.8693670178605
3562,21000,60.5583154285235
3563,21600,50.1312833306181
3564,600,46.1713888888889
3565,1200,36.9294577386728
3566,1800,43.3281265641954
3567,2400,38.0428572692298
3568,3000,33.9159788123573
3569,3600,41.5284617854211
3570,4200,43.3520820647671
3571,4800,39.6760884747687
3572,5400,45.5125943870801
3573,6000,48.1058601062042
3574,6600,42.2149614633438
3575,7200,37.6604561098176
3576,7800,48.1399088013755
3577,8400,50.7729445482126
3578,9000,47.7946822664958
3579,9600,41.3610074711761
3580,10200,40.7020685203575
3581,10800,44.6326710064015
3582,11400,38.7254090741316
3583,12000,48.1044876006624
3584,12600,48.8601138081355
3585,13200,44.746667669485
3586,13800,50.1268725968997
3587,14400,40.7454085021703
3588,15000,44.5781506232392
3589,15600,38.8147946972832
3590,16200,31.3323369485251
3591,16800,28.4839925141507
3592,17400,30.9578944016672
3593,18000,30.8290670003797
3594,18600,30.6736801771676
3595,19200,28.6189088491145
3596,19800,31.7411478019848
3597,20400,30.8473395601731
3598,21000,32.8823890393642
3599,21600,39.9764459558838
