time,density,stop_time,speed,delay_time,travel_time,mean_queue,seed,,,,,
900,1.44581130705,16.7553145825,47.3639009404,23.8897,81.6837,10.2018,1994,,,,,
1800,1.39066056516,18.2171002701,46.562498221,25.5665,83.0026,10.0533,1994,,,,,
2700,1.85618287367,19.3858171007,46.1770431001,26.9817,84.4697,13.8649,1994,,,,,
3600,2.09598076405,22.5156505149,45.4453561819,29.7808,87.813,18.0702,1994,,,,,
4500,2.65692162866,23.7221289192,44.1705512474,31.5207,89.1155,23.7493,1994,,,,,
5400,2.72224810476,23.1535948992,43.6183070869,31.3811,89.3165,23.6907,1994,,,,,
6300,3.76859396181,29.0356250557,42.5804257534,37.5098,94.165,38.392,1994,,,,,
7200,3.80796354949,30.0691170239,42.401121751,38.2919,95.3744,39.6276,1994,,,,,
8100,6.81354273898,40.276131245,37.5414061681,50.8793,109.2273,84.704,1994,,,,,
9000,8.12044153445,45.0839767729,35.4912846795,57.4857,116.0915,108.5484,1994,,,,,
9900,9.8264937249,50.9119748322,34.54755104,64.6831,122.9578,137.2693,1994,,,,,
10800,10.153173674,54.3549950447,33.3024458795,68.6239,126.6621,139.4924,1994,,,,,
11700,10.1756798499,56.8936751938,33.5707214978,72.1892,130.587,147.0898,1994,,,,,
900,1.36146637977,16.5243116835,47.3937300106,23.5419,81.9418,9.4889,2939,,,,,
12600,10.1214227692,55.4836574617,34.0264718052,69.9683,128.2058,151.0453,1994,,,,,
1800,1.44218341409,16.7499167388,47.291733178,23.7734,81.7555,9.9644,2939,,,,,
2700,1.80015665368,17.9177595976,46.4284084078,25.2738,83.7144,13.5351,2939,,,,,
13500,10.6068685899,63.987133837,32.9434304543,79.2398,137.6987,167.1467,1994,,,,,
3600,1.89301841789,20.9031888597,46.3383584865,27.9403,85.5519,14.992,2939,,,,,
4500,2.77518917818,23.6542597186,44.1665375484,31.7565,89.085,25.0702,2939,,,,,
14400,9.57198101729,55.4987788612,34.0271188084,69.2543,127.8888,140.1787,1994,,,,,
5400,2.54736405697,22.0112968585,45.2701412359,29.61,86.7254,20.7067,2939,,,,,
6300,3.44322638201,29.7626842498,42.932208651,37.5515,94.1817,36.1298,2939,,,,,
15300,7.43561473174,42.8051339852,36.6166078227,55.7551,113.5432,92.8213,1994,,,,,
7200,3.63406737759,29.8615762118,42.3658709574,37.9388,95.1596,36.6809,2939,,,,,
16200,7.01715124584,34.3706059373,38.5425309068,46.7732,104.2975,79.4542,1994,,,,,
8100,6.95009774581,39.5155314613,37.6424969791,50.5661,108.9972,86.2622,2939,,,,,
17100,6.09541563634,29.4522323499,39.8051280771,40.5228,98.4968,62.5164,1994,,,,,
9000,7.63194030504,41.5714473064,36.5416802282,52.9177,111.2531,97.0391,2939,,,,,
18000,5.70781274385,28.1648439838,40.6451547102,39.0981,96.5233,56.656,1994,,,,,
9900,9.48908296333,45.9307946339,35.7593100996,58.279,116.596,124.1253,2939,,,,,
18900,5.1781132792,25.9640495831,41.8902390656,35.9112,93.7301,47.7076,1994,,,,,
19800,5.02147295149,26.5790994184,41.6857627824,36.8547,94.4338,46.9547,1994,,,,,
10800,9.93067618117,51.1792532076,34.0775843887,64.9288,123.0338,135.1671,2939,,,,,
20700,5.37833977562,29.2526527271,40.7905770353,39.29,96.8973,53.8782,1994,,,,,
11700,9.21122529011,46.7660266745,34.877986678,60.8256,118.9798,120.9867,2939,,,,,
21600,4.94315134356,26.9207292224,41.5949052821,36.7532,94.4729,46.8089,1994,,,,,
12600,9.2756391386,48.4786289257,34.328882778,62.5841,121.2219,127.2853,2939,,,,,
900,1.35501120921,17.2180179821,47.1161567868,24.7665,82.1745,10.0169,1182,,,,,
13500,9.25295057734,47.7460435223,35.5777439485,60.5192,118.7308,125.9813,2939,,,,,
1800,1.46927252596,16.4573554815,47.4067885538,23.4053,80.6109,9.7556,1182,,,,,
2700,1.96391157494,21.112634553,44.3933828366,29.6042,88.1423,16.3511,1182,,,,,
14400,9.99436667736,54.7875676239,33.3402013548,70.6105,128.7807,147.1369,2939,,,,,
3600,1.86077079734,22.357463498,45.4605788398,29.8208,86.9591,15.6089,1182,,,,,
4500,2.53128237612,20.9785465365,45.6020498352,28.6388,86.1267,20.8933,1182,,,,,
15300,7.76668593095,45.0289441197,35.9380483786,59.1633,117.093,94.952,2939,,,,,
5400,2.8633661081,23.9955879186,44.3323170458,31.9737,89.0352,25.8569,1182,,,,,
16200,7.17106638733,35.4106730716,37.9928742644,48.2587,106.1352,85.3209,2939,,,,,
6300,3.85078201926,31.4496233068,41.7388561397,39.6999,96.8633,40.8391,1182,,,,,
7200,3.84704676519,28.1678667836,43.2168902665,36.1303,92.9563,39.4773,1182,,,,,
17100,6.41923389441,31.3990375082,39.2129281022,43.1522,101.0197,66.728,2939,,,,,
8100,7.00745485583,39.8001317574,37.0678882894,51.2474,109.458,85.8409,1182,,,,,
18000,5.99401084235,28.0139213176,40.762183738,38.6494,96.4177,60.2844,2939,,,,,
9000,6.96640206825,38.106143995,37.6800245857,48.7376,106.8991,83.6107,1182,,,,,
18900,5.01067713095,28.6914391067,41.2383993429,38.9363,96.5422,48.8418,2939,,,,,
19800,4.9791809547,26.7401130698,41.8174029534,36.5564,94.3006,47.5493,2939,,,,,
9900,9.45370434693,45.1955497977,35.6863577531,58.0392,116.4319,122.6107,1182,,,,,
20700,4.78855357917,25.2401527842,42.6497738428,34.9068,92.3618,43.7733,2939,,,,,
10800,10.9605495381,55.0649364473,32.9124079782,70.353,128.6103,163.1209,1182,,,,,
21600,5.17549337701,28.0787104701,41.2497733257,38.0739,95.6839,51.2764,2939,,,,,
11700,11.3730078749,69.0270685569,31.3051659531,86.5821,144.9921,184.5644,1182,,,,,
12600,9.95585297312,56.8278324182,33.5168265455,71.4786,130.0313,147.0213,1182,,,,,
13500,10.0459311905,58.4703449105,33.5703206923,73.4868,131.6571,152.3876,1182,,,,,
14400,9.06686419376,54.9894976862,34.8444609511,68.1966,126.8198,126.5671,1182,,,,,
15300,8.17306290058,45.3512138022,36.2052232135,58.9526,116.4624,108.128,1182,,,,,
900,1.25073739908,15.7491990698,47.940691938,22.4687,80.2152,8.5093,2524,,,,,
1800,1.48177944224,18.2829227776,46.3185394989,25.8913,83.6884,10.6276,2524,,,,,
16200,6.64179029138,33.9650481249,38.6766109421,46.2866,104.0049,74.4489,1182,,,,,
2700,1.94743804797,21.8462131069,44.9413283795,30.0552,87.8231,16.5236,2524,,,,,
3600,1.99914717401,22.5597732473,45.3729028928,29.8521,87.72,16.9902,2524,,,,,
17100,6.14685251551,28.7495444737,40.6353304815,39.826,97.5353,60.6427,1182,,,,,
4500,2.69718932306,24.751379761,43.7628873121,32.6468,90.2852,24.6124,2524,,,,,
5400,2.76682947666,22.9094954078,44.6097619033,31.0559,88.3888,23.9244,2524,,,,,
18000,6.34046975966,32.4929035722,39.2380833456,44.0438,102.0245,69.4267,1182,,,,,
6300,3.68204516036,31.1968938719,41.8018530746,39.5615,96.3602,40.0613,2524,,,,,
18900,5.60495873703,28.0315073918,40.7666640378,39.0203,96.8343,54.6311,1182,,,,,
7200,3.91238304765,31.2870372095,41.6881569053,39.7284,96.5269,41.7164,2524,,,,,
19800,5.50563011574,28.2779632914,41.0709650459,39.0911,96.5855,54.416,1182,,,,,
8100,6.57075358774,38.6123872885,38.3216128584,48.9319,107.4403,80.1778,2524,,,,,
20700,5.42330629996,27.646752311,41.0317071094,38.1603,95.9581,52.744,1182,,,,,
9000,7.72228214569,44.9450119457,36.2217412854,56.5901,115.0199,106.8382,2524,,,,,
21600,5.05788934191,27.8000347527,41.0031491858,38.2789,95.9651,48.3636,1182,,,,,
9900,10.868311313,56.8605486205,33.1832951592,70.9681,129.2583,168.4364,2524,,,,,
10800,11.9064568047,79.6950128211,31.9960341437,94.5963,152.9205,203.208,2524,,,,,
11700,10.7713870763,79.3642124823,32.3800541986,94.1975,152.7317,180.5324,2524,,,,,
12600,10.6542508756,75.656201174,32.8194672845,91.0056,149.5678,174.1289,2524,,,,,
900,1.37485894636,15.757079458,47.7800944622,22.4828,80.3985,9.0924,2366,,,,,
1800,1.70716151692,18.9333151229,45.8052002995,26.3122,83.7572,13.656,2366,,,,,
2700,2.01909636148,21.1907846111,45.0452869682,29.1013,86.6626,16.5787,2366,,,,,
13500,10.4554320088,69.0696687994,32.8776142003,83.358,141.7017,167.6178,2524,,,,,
3600,1.9232331145,22.7928719,45.0935631304,29.9923,87.757,16.6311,2366,,,,,
4500,2.63191313349,22.1289332917,44.7846362658,29.8464,87.279,22.7164,2366,,,,,
14400,10.5033861078,65.1314272334,33.3674485353,78.8831,136.985,167.1582,2524,,,,,
5400,2.58603695146,22.456474112,44.8647656718,29.9943,87.7687,21.9253,2366,,,,,
6300,3.71513106252,29.8401222866,42.9859171996,37.7573,94.7721,38.256,2366,,,,,
15300,8.34842718054,58.1149213824,35.0297611508,72.8331,130.8465,119.8569,2524,,,,,
7200,3.81439262376,29.461567175,42.5465312205,37.5152,94.2707,38.8204,2366,,,,,
16200,7.43629282898,37.9423789471,37.5686983796,51.0966,108.7607,92.0062,2524,,,,,
8100,7.22564423767,38.3348238094,38.0795553481,49.602,107.786,88.6444,2366,,,,,
17100,7.15218206599,38.4238327741,37.3725792123,52.1171,109.9006,86.4853,2524,,,,,
9000,7.92764628015,46.5144717122,34.9554167153,59.3563,117.9408,107.424,2366,,,,,
18000,5.84208234391,28.9610333064,40.6390943422,39.7209,97.3934,58.1102,2524,,,,,
18900,4.93568232305,29.4253889826,40.7265202113,40.0264,98.0862,47.9191,2524,,,,,
9900,9.89694884733,50.7002908637,33.725042797,65.3645,123.8487,137.4356,2366,,,,,
19800,5.10670375415,27.819899824,41.7043992975,37.4701,95.255,49.6649,2524,,,,,
10800,10.6886216363,55.262961258,33.5368531049,69.6474,127.7409,159.8444,2366,,,,,
20700,5.39261041517,28.8915735617,40.7081604719,39.2689,97.1075,53.0267,2524,,,,,
21600,5.36630357853,27.6952872765,41.4136707829,37.9616,95.4341,52.0142,2524,,,,,
11700,9.65191926928,59.8601999461,33.207694984,74.2983,132.851,141.9022,2366,,,,,
12600,9.54611599271,54.7281119548,33.8535944811,68.2973,126.4054,139.6267,2366,,,,,
13500,9.47793307385,55.6703379251,33.7284089077,70.2275,128.6541,138.3671,2366,,,,,
14400,9.5745023877,51.1042881705,34.7866228995,64.2876,122.5254,134.2853,2366,,,,,
15300,7.59134234567,44.3144323072,35.9878675572,58.5692,116.7148,97.3191,2366,,,,,
16200,7.4712699319,39.293854318,37.0697299004,52.6004,110.2697,94.0009,2366,,,,,
17100,7.37973248755,39.1933536658,37.1441523431,52.339,110.0776,91.4693,2366,,,,,
18000,7.20267066722,38.4551895704,37.3524592441,51.7135,109.3554,89.0462,2366,,,,,
18900,5.23909085874,27.6207727941,41.3250500509,37.6856,95.6437,50.2916,2366,,,,,
19800,5.3232608762,26.6570123319,41.6253639149,36.6439,94.3363,49.296,2366,,,,,
20700,5.07973019073,27.2772035831,40.9183931603,37.7632,95.5536,49.1413,2366,,,,,
21600,5.22574122109,27.318954282,41.246615975,37.7887,95.5415,50.4009,2366,,,,,
900,1.37341265746,16.52560099,47.2468352191,23.8231,81.6828,9.6329,1115,,,,,
1800,1.56836183963,18.5004794999,46.9361363266,25.6749,83.0951,11.7404,1115,,,,,
2700,1.9940526049,20.0290977278,45.4484069665,27.9863,85.9883,15.3253,1115,,,,,
900,1.32808931757,14.8885487151,48.199823737,22.2365,79.3565,8.8871,1445,,,,,
3600,2.07255816257,22.453238919,44.8149673877,29.7298,87.8676,17.816,1115,,,,,
1800,1.47436635659,19.4089767247,45.7386584095,26.7705,84.8641,11.0409,1445,,,,,
4500,2.71140722006,20.4420183683,45.7069209613,27.7668,85.2828,21.5884,1115,,,,,
900,1.39859292027,18.0831969559,46.7461706856,25.4182,83.3643,9.9653,1310,,,,,
2700,1.84230586509,15.9571179154,47.1001695534,23.3938,81.759,12.0436,1445,,,,,
1800,1.44650189973,17.0044414977,46.6815254399,24.1277,82.2018,10.536,1310,,,,,
3600,1.83800190077,21.1052881139,45.8815982666,28.529,86.2009,15.1751,1445,,,,,
5400,3.0229817555,23.4287526583,44.0969226875,31.6181,89.0127,26.6373,1115,,,,,
2700,1.8496533948,19.3453928954,45.4525847491,27.376,85.127,14.224,1310,,,,,
4500,2.59876661485,23.8466641522,44.6481938377,31.5432,88.7906,22.8889,1445,,,,,
6300,3.70002996945,29.7882238292,42.7243268345,37.9172,95.1806,38.5493,1115,,,,,
3600,2.04083386955,23.2471701992,44.7321580589,30.9455,89.0773,17.6053,1310,,,,,
5400,2.61574118989,22.9796887103,43.9248604731,31.011,88.8653,22.3547,1445,,,,,
4500,2.62409465265,20.61284026,45.5056384533,28.3354,85.9086,21.6169,1310,,,,,
7200,3.69524148459,31.9110435128,42.1525498347,40.0974,96.655,39.088,1115,,,,,
900,1.34070976893,17.41505658,46.4937229077,24.6081,83.3479,9.2693,1293,,,,,
6300,3.73363646846,30.6119987105,42.1709266426,38.8342,96.0648,39.0853,1445,,,,,
1800,1.3891215728,15.6770001692,47.8283622368,22.5009,80.1637,9.3707,1293,,,,,
5400,2.8045604944,23.5948890674,44.3834351782,31.3303,88.8533,24.9493,1310,,,,,
7200,3.70229813725,29.91039863,42.0215758109,38.5227,95.7212,37.8889,1445,,,,,
2700,1.82977560706,19.8053719341,45.7051415997,27.7403,85.4375,14.2916,1293,,,,,
8100,6.98422063901,39.738976591,37.5857149771,50.5669,108.7974,85.0089,1115,,,,,
6300,3.64814568755,30.0477894877,42.1227622876,38.2131,95.8856,37.8756,1310,,,,,
3600,1.98331542199,21.9387793403,45.5016099184,29.3384,86.6886,16.0916,1293,,,,,
7200,3.50049115078,30.442236184,42.3550290639,38.4926,95.1918,36.6916,1310,,,,,
8100,6.85322658557,39.0473214365,38.3262981229,49.4081,107.6303,84.4338,1445,,,,,
9000,7.7071991826,42.8360838072,36.450918508,53.6005,112.1167,103.912,1115,,,,,
4500,2.64720031577,21.3528090072,44.99636364,29.197,86.9335,22.4676,1293,,,,,
5400,2.74558459859,23.7981016538,44.0278868777,31.8049,89.474,24.1084,1293,,,,,
8100,7.45189316793,40.4853436121,37.2543127122,51.6194,110.1496,93.9644,1310,,,,,
9000,7.54074520072,41.0549198136,36.7305434809,52.629,111.3343,95.0089,1445,,,,,
9900,10.1914412626,50.606390903,33.7246201337,65.7147,124.1265,141.9591,1115,,,,,
6300,3.7213707788,31.0038402652,42.4083521801,39.1872,95.9696,39.2302,1293,,,,,
7200,3.91549847099,30.1923417771,42.6011676146,38.3015,95.0597,41.3049,1293,,,,,
9000,8.9385041314,52.8498815578,33.4228460254,67.6189,126.2118,132.6889,1310,,,,,
9900,10.0520823275,51.3917315655,33.4781298959,65.5865,123.8634,140.5964,1445,,,,,
10800,11.0554069224,61.8915391785,32.6203590787,76.5167,134.8158,172.864,1115,,,,,
8100,7.20214791845,40.618936641,37.1456023706,51.6549,110.2498,89.8969,1293,,,,,
9900,10.8495248196,58.9658172996,32.8110786419,74.95,133.2895,159.7458,1310,,,,,
10800,11.2675305277,58.7241003762,32.9655880022,73.8256,132.1357,173.0516,1445,,,,,
11700,9.3790176408,57.6808903724,34.07752621,70.7211,129.4195,137.4418,1115,,,,,
9000,7.37048951065,43.5055584122,35.8460287579,55.0449,113.6242,92.8507,1293,,,,,
10800,10.4828262782,55.0580654429,33.3335050198,69.3541,127.5683,152.0711,1310,,,,,
11700,10.8632526751,69.5538954825,31.7415398458,86.7542,145.3053,172.2418,1445,,,,,
12600,9.57345771136,53.7770245697,34.0813378376,67.6392,125.9304,137.3067,1115,,,,,
9900,10.4942876625,50.7663463866,34.0871322165,65.0961,123.2197,148.5724,1293,,,,,
11700,9.93778280975,60.9838425937,33.0984229263,76.081,134.5955,151.6551,1310,,,,,
12600,10.4237581301,66.7653829367,32.1567807945,82.8439,141.2299,165.6942,1445,,,,,
13500,9.1550676115,52.9398133254,34.8419680872,65.5557,123.7598,131.9396,1115,,,,,
10800,11.6711692258,60.9090497933,31.747941959,77.4946,135.8286,180.8542,1293,,,,,
12600,9.23377450091,53.0226253819,34.0365878482,67.0251,125.4068,127.3636,1310,,,,,
13500,9.26921006096,52.843282245,34.6811061118,66.0763,124.4944,131.3351,1445,,,,,
14400,8.95783677313,52.8606153633,35.3229886567,65.3178,123.8012,127.944,1115,,,,,
11700,10.9762510066,62.9672041138,32.1127873614,80.0465,138.2319,172.0711,1293,,,,,
13500,8.67883944581,46.5680116275,35.1822868838,59.7673,118.2739,112.4658,1310,,,,,
15300,7.97049359861,44.1445494727,36.5520785022,57.9947,115.8703,102.4516,1115,,,,,
14400,9.5639030746,53.5519175401,33.9614974821,67.224,125.9117,140.4862,1445,,,,,
12600,9.88250295654,59.4951059503,33.02243465,74.1795,132.4612,146.9058,1293,,,,,
14400,9.57987806363,50.1706043452,34.0800011111,64.8756,123.1614,131.9236,1310,,,,,
16200,7.5033839705,38.4413022097,36.9289972145,51.8828,109.8663,93.2987,1115,,,,,
15300,8.22167840417,51.4720975394,34.8984101305,66.2943,124.1001,114.2107,1445,,,,,
17100,5.95293938896,31.551407121,39.6485222027,42.6816,100.362,60.7769,1115,,,,,
13500,9.1945436659,52.1448190049,34.9363211447,65.4702,124.0598,128.9289,1293,,,,,
15300,7.87422843347,43.1319422208,36.2001302616,58.1148,115.6165,100.5236,1310,,,,,
16200,7.40465818234,37.7669808989,37.4185199231,51.26,108.8642,90.8693,1445,,,,,
900,1.47801582606,17.9509314922,46.7973601612,25.3219,82.8893,10.8836,1838,,,,,
1800,1.45686865706,16.6423973165,47.42329037,23.674,81.4738,9.752,1838,,,,,
18000,6.01634013388,29.799796563,40.026294853,40.6279,98.2756,61.5316,1115,,,,,
16200,7.221527636,38.3919489752,37.3321697431,51.891,109.5563,88.4844,1310,,,,,
17100,7.03102729413,37.0268520439,37.9187234995,50.1119,107.4342,84.7182,1445,,,,,
2700,1.88826505637,19.3518353883,45.8894870397,27.1135,85.0395,14.1236,1838,,,,,
14400,9.0432319694,53.9446250539,34.7600661697,66.7437,125.0271,128.064,1293,,,,,
3600,2.12118095452,23.2854110606,44.8538107074,30.5655,88.8594,18.4142,1838,,,,,
18900,5.60675676137,28.8933598458,40.4361750508,40.1157,97.876,55.5156,1115,,,,,
18000,6.14068879596,31.8227206858,39.1886087414,43.3546,101.3117,62.8364,1445,,,,,
17100,6.93064726036,36.1385810437,38.0532041718,48.9343,106.5533,81.9849,1310,,,,,
4500,2.61278678152,23.4020980112,44.3900465962,31.3367,88.603,22.9751,1838,,,,,
15300,7.49453164182,41.7820786065,36.8442406888,54.6506,112.6058,93.5378,1293,,,,,
19800,5.24904008571,28.6301842381,41.3982834147,38.692,96.3627,50.6729,1115,,,,,
5400,2.75768644788,23.5863953444,44.0479854054,31.3629,88.8236,24.44,1838,,,,,
18900,4.9901861525,26.5455928629,42.0946489481,36.1651,93.8998,46.4942,1445,,,,,
18000,5.62165508547,28.3104324128,40.8864990601,39.0342,96.5332,55.7129,1310,,,,,
16200,7.47057868217,37.5053608245,37.6524753164,50.6153,108.271,92.0204,1293,,,,,
20700,4.91597536036,26.1776577674,42.1973294741,36.2316,93.8641,44.4907,1115,,,,,
6300,3.81849359063,30.7482982821,42.5423771766,38.8845,95.8687,39.5182,1838,,,,,
19800,5.13325227972,27.0764660058,41.9425675228,36.9605,94.5153,48.8338,1445,,,,,
18900,5.00171798457,25.1354113582,42.093445081,35.3399,93.1508,45.032,1310,,,,,
7200,3.66702221856,29.5309437706,42.4396566408,37.6465,94.9526,37.52,1838,,,,,
17100,5.87557374487,31.8204567776,39.7215315917,43.1297,100.7923,61.096,1293,,,,,
21600,5.15354039255,27.9668173575,41.603437332,37.9455,95.5967,50.7538,1115,,,,,
20700,4.72709430036,25.8340271714,42.4501249152,35.5915,93.5622,43.4276,1445,,,,,
19800,4.95641344739,26.7437256621,42.027828733,36.64,94.2893,46.6871,1310,,,,,
18000,5.83328651508,28.4859761632,41.076048577,38.8718,96.6361,58.8533,1293,,,,,
8100,6.71514089949,41.6656317501,37.5098301927,51.8968,110.7531,85.1493,1838,,,,,
21600,5.14763180217,27.3027048666,41.3508388351,37.3695,95.1809,48.5644,1445,,,,,
20700,5.04745823368,28.5373489399,40.8744264416,38.8435,96.6399,49.1796,1310,,,,,
18900,5.24434955116,30.2380184579,39.9872317664,41.1376,98.9799,52.1422,1293,,,,,
21600,4.9116566057,25.2643555704,42.1811806191,35.3994,92.8533,44.6027,1310,,,,,
9000,7.83465763455,45.4573804025,35.7371258741,57.8015,116.0114,100.208,1838,,,,,
19800,4.9320640746,25.5249316692,42.5632263441,35.0965,92.4836,45.3093,1293,,,,,
9900,9.71190514914,47.1653681934,35.0510054683,60.0088,118.2472,129.3653,1838,,,,,
20700,5.61014834613,28.1751056019,41.111239169,38.6468,96.4268,54.9644,1293,,,,,
21600,5.18990211658,27.1832365735,41.6288398324,37.3561,95.0905,49.0107,1293,,,,,
10800,10.4500499057,55.9683460252,32.9517382955,70.4001,128.7197,152.1653,1838,,,,,
11700,10.3337414791,55.98806407,32.9107351569,71.8136,130.2623,151.1893,1838,,,,,
12600,9.49900260257,55.6887918435,33.9619045087,69.7622,128.2382,139.4409,1838,,,,,
13500,8.80726753891,49.6386722556,35.502120132,61.8911,120.0619,117.008,1838,,,,,
14400,9.55880523207,50.8419861763,33.4588721846,67.0056,125.3986,132.952,1838,,,,,
15300,7.59699613574,43.1000173394,36.1499862038,57.621,115.4839,94.8729,1838,,,,,
16200,7.14064821512,37.9757360091,37.5907963234,50.8093,108.1581,86.4347,1838,,,,,
17100,6.70856915292,32.5963616407,39.1931027527,44.5957,102.4264,72.9556,1838,,,,,
18000,5.58691838169,28.9611077153,40.9325197129,39.5247,97.3684,56.7982,1838,,,,,
18900,5.40603100314,27.9251764769,41.0716160972,38.0426,95.848,52.7413,1838,,,,,
900,1.47698826454,17.9449945164,45.8220915392,26.1969,84.2425,10.5547,1046,,,,,
1800,1.45898169613,19.3409153934,45.5436522826,27.0385,84.6349,11.2444,1046,,,,,
2700,1.81954981413,18.7730921775,45.633680723,26.3756,84.3207,13.7182,1046,,,,,
3600,1.91280261867,21.4303727128,45.7901771097,28.5819,86.334,16.0498,1046,,,,,
4500,2.47760519253,20.3489052985,45.3892744888,27.8227,85.5226,19.64,1046,,,,,
5400,2.94160357903,23.3426849342,44.3973727574,31.4905,89.0524,25.7218,1046,,,,,
6300,4.00322565743,30.0311636147,42.0295606165,38.6528,95.6725,42.2862,1046,,,,,
7200,3.74217521177,29.0069501722,42.5734362578,37.0027,94.0975,38.3618,1046,,,,,
8100,7.57285503732,43.3210700074,36.3700876033,54.9941,113.2909,98.5893,1046,,,,,
9000,8.09742302165,45.9787072642,35.2772249545,59.1576,117.6932,109.8773,1046,,,,,
9900,10.3690021143,51.4947895673,34.023527781,65.7155,123.5358,148.696,1046,,,,,
10800,11.5662511115,62.5061532885,31.8755665069,78.6372,137.0702,180.1404,1046,,,,,
11700,11.1921806585,75.3325366426,31.6883545187,90.8348,149.343,186.8809,1046,,,,,
12600,11.4530689729,71.994620244,31.6002667022,88.2388,146.6563,192.1884,1046,,,,,
13500,10.2607450532,67.5105659905,32.823607983,82.5193,141.1471,159.0276,1046,,,,,
14400,9.60584558773,57.3211727075,34.5759351244,70.7125,129.2501,141.176,1046,,,,,
15300,7.80301830182,47.4982375408,35.7534936603,61.5075,119.2173,101.1991,1046,,,,,
16200,7.22882658345,37.2898243796,37.7833048098,49.9015,107.796,86.3902,1046,,,,,
17100,5.96858992288,30.6296333401,39.56922531,41.8625,99.7267,60.9031,1046,,,,,
18000,5.65295396988,26.4392225889,41.5634580468,36.9279,94.4937,54.0133,1046,,,,,
18900,4.97474506111,26.8007253009,42.0577765211,36.3836,94.0163,46.6507,1046,,,,,
19800,4.77285308906,26.1965506267,42.387132618,35.6149,93.1729,44.8631,1046,,,,,
20700,5.23055745491,27.2688334885,41.6494090354,37.4564,95.2357,49.9538,1046,,,,,
21600,4.98112042217,27.1318279071,41.5509729895,37.0355,94.9245,47.0498,1046,,,,,
19800,4.77285308906,26.1965506267,42.387132618,35.6149,93.1729,44.8631,1838,,,,,
20700,5.23055745491,27.2688334885,41.6494090354,37.4564,95.2357,49.9538,1838,,,,,
21600,4.98112042217,27.1318279071,41.5509729895,37.0355,94.9245,47.0498,1838,,,,,
900,1.2738601298,15.7888987517,47.7281783241,22.8717,81.1281,8.5022,1276,,,,,
1800,1.61682135572,17.756723756,46.5916954588,25.2141,83.0146,11.576,1276,,,,,
900,1.36806754541,18.1004741772,46.8315554501,25.1608,82.5961,9.8542,2117,,,,,
2700,1.93810522449,19.058475663,45.8998276856,27.068,84.579,15.232,1276,,,,,
1800,1.67505227681,18.0742750309,46.5126224077,25.5508,82.6869,12.888,2117,,,,,
900,1.34590886472,16.0032432699,47.3548933161,22.9833,80.4437,9.536,2412,,,,,
3600,1.96601228691,21.7728571632,45.2479120613,29.0715,86.7671,15.6427,1276,,,,,
2700,1.9002732212,18.1219686002,46.1573363444,25.6144,83.7363,14.6684,2117,,,,,
1800,1.51471117641,18.332492391,46.7953061571,25.6955,83.5589,11.6871,2412,,,,,
3600,1.99714323662,22.8006125931,44.4975128503,30.3127,88.6514,16.7369,2117,,,,,
4500,2.606501323,22.214706287,44.8074452499,29.7563,87.0268,22.3529,1276,,,,,
900,1.51779741621,18.579986941,46.9784659293,25.3078,83.1169,11.4347,2124,,,,,
2700,1.8648444268,18.2487018768,47.4332778168,25.193,82.7625,13.0836,2412,,,,,
4500,2.79023325763,23.6934448569,44.4051082411,31.5105,89.3098,24.0631,2117,,,,,
1800,1.79254891701,19.6979317646,45.7700791038,27.4728,84.7186,14.2178,2124,,,,,
5400,2.84851379693,22.9335054706,44.4118624712,30.8422,88.1494,24.52,1276,,,,,
3600,2.05887762477,22.1785270849,45.7867374762,29.5093,87.3122,16.9947,2412,,,,,
900,1.29888402753,15.1991087385,48.4777778825,22.1454,79.4376,8.4462,1453,,,,,
2700,1.9571361294,18.4472516356,46.5031017019,26.0823,84.0626,14.9778,2124,,,,,
5400,2.51299751588,20.9030489154,45.4984905067,28.4854,85.9134,20.4569,2117,,,,,
6300,3.5951277463,27.7058073407,43.8548096506,35.3469,92.2732,35.968,1276,,,,,
1800,1.48611216308,14.8565103998,47.8539135278,21.7642,79.7651,10.1467,1453,,,,,
4500,2.61060712614,21.6563008339,44.8832399287,29.5908,87.4098,22.0044,2412,,,,,
900,1.53886216283,17.2004043777,46.7257208461,24.6313,82.5933,11.0898,1888,,,,,
3600,2.04803974036,22.124736857,45.4032029052,29.6412,87.0865,17.0462,2124,,,,,
2700,2.07319079456,21.1894896045,44.7694896869,29.2058,87.1341,17.7689,1453,,,,,
6300,3.86489463695,30.0328028613,42.6242882293,38.1409,94.9303,41.0018,2117,,,,,
5400,2.73971939067,22.149109212,44.9210940577,29.998,87.1542,22.7618,2412,,,,,
7200,4.00869512834,30.8119133606,41.9847450544,39.0747,95.9018,42.0213,1276,,,,,
1800,1.59310230795,21.1997695062,45.2586514023,28.8897,86.5543,13.0729,1888,,,,,
4500,2.60600886338,22.2510247712,45.505585189,29.8778,86.6693,22.3147,2124,,,,,
3600,1.9788412579,24.3235574869,44.5988378719,31.9172,89.8105,17.1467,1453,,,,,
7200,3.64931311989,30.6103472904,41.8829628349,39.1896,95.656,38.3911,2117,,,,,
2700,1.82780245984,19.8405005372,45.767609901,27.5515,85.391,14.0027,1888,,,,,
6300,3.61504817657,28.8288677901,43.374228119,37.0591,93.6507,37.4204,2412,,,,,
5400,2.8261361512,22.4476694979,44.8274835092,30.0622,87.5193,24.0516,2124,,,,,
4500,2.63981022031,23.6322135778,44.2757272727,31.3547,88.9069,22.9724,1453,,,,,
3600,2.07497760036,19.8072560971,46.0925765155,26.8323,84.6715,16.8364,1888,,,,,
8100,7.17762347731,40.3550698989,37.3623768128,51.2524,109.3628,89.7182,1276,,,,,
7200,3.75719809021,29.5368410715,42.5716028707,37.5884,94.2983,39.3147,2412,,,,,
6300,3.67320838037,29.391041035,42.8250779152,37.2614,94.6398,38.5564,2124,,,,,
5400,2.9100686243,24.0460870211,43.3877323816,32.3745,89.9182,25.9591,1453,,,,,
8100,6.84530197001,38.6574836993,38.3472719046,48.7933,106.9983,83.9609,2117,,,,,
4500,2.83221375238,24.0066828833,44.3489092066,31.9393,89.0682,24.9164,1888,,,,,
7200,3.60008103153,32.7856909876,41.5104886812,41.0152,97.7188,38.5298,2124,,,,,
6300,3.70883608783,32.174134502,41.7854726051,40.4731,97.695,40.2142,1453,,,,,
5400,2.55223941534,23.7292254801,43.9666585057,31.6492,89.2123,22.5502,1888,,,,,
9000,7.8206882849,43.0233793423,35.9145238474,55.1822,113.6862,100.9796,1276,,,,,
8100,7.18255652828,37.1356361515,37.641941839,48.4559,106.8871,86.4613,2412,,,,,
9000,7.4157883136,41.5134223995,36.3079611678,53.2806,111.6888,93.4507,2117,,,,,
7200,3.54583994349,33.0157516909,41.1955278704,41.4231,98.2379,37.7476,1453,,,,,
6300,4.0798795012,31.9588997869,41.1790119936,40.4657,97.5708,44.24,1888,,,,,
8100,7.19920080097,41.4372927383,36.9345171577,52.6729,110.9504,90.4898,2124,,,,,
9000,7.99431361203,45.8811894631,35.6475507699,58.0422,116.4502,105.1396,2412,,,,,
9900,9.60385230308,48.9938348821,34.5841394294,62.1284,120.661,130.088,1276,,,,,
7200,3.72558724255,29.8773180665,42.8102154588,38.1416,94.7807,38.5022,1888,,,,,
8100,6.72283335284,38.0118998067,38.1940187445,49.1517,107.5889,80.9627,1453,,,,,
9900,10.1352918985,49.2641092766,34.835169791,62.649,120.993,142.9049,2117,,,,,
9000,7.65142568754,42.4673915315,36.0502721136,54.4186,112.5278,96.5396,2124,,,,,
9900,9.42979095837,48.0220822526,34.9736291877,60.6559,118.907,125.6613,2412,,,,,
9000,7.71884184832,41.2981141648,36.6411435969,52.5937,110.7437,104.7467,1453,,,,,
8100,7.22549555367,39.8361761336,37.1041280356,51.3713,109.8127,90.5982,1888,,,,,
10800,10.2817745856,51.6461154015,34.0542711048,66.0676,124.1746,145.2356,1276,,,,,
10800,12.0464390877,72.0930497321,31.9318702623,89.8422,147.9932,197.7093,2117,,,,,
9900,10.5319663708,53.1726444014,33.6974842573,68.2956,126.5034,152.5316,2124,,,,,
9000,7.80302621695,45.0913769279,35.819107578,57.297,115.8185,102.8569,1888,,,,,
9900,10.6600568784,57.4188576572,32.1528515729,73.3576,131.5409,154.7653,1453,,,,,
10800,10.9928528703,56.1946950994,33.0907205203,72.0528,130.4555,166.9698,2412,,,,,
11700,9.43066224989,49.506652622,33.7657970963,63.7623,122.3623,126.0862,1276,,,,,
11700,10.6318720981,73.0902076802,32.5623768752,90.029,148.6791,168.0124,2117,,,,,
10800,11.5537533788,66.5298638805,31.7518583885,82.1514,140.7799,185.2044,2124,,,,,
9900,9.19227740918,45.675909231,35.6153588503,58.0309,116.5652,118.4116,1888,,,,,
10800,11.0219867934,57.9241740844,31.8394203179,73.6673,131.9804,165.8978,1453,,,,,
12600,9.49996850711,51.7124974258,34.1747342461,65.1865,123.5212,134.9591,1276,,,,,
11700,10.0503575629,59.6506037688,32.9350492895,74.8471,133.1384,149.7698,2412,,,,,
12600,9.52277867147,56.7639320995,33.3987462734,70.9467,129.5595,143.0596,2117,,,,,
11700,9.56297458569,64.0711808706,33.2494758584,77.9446,136.3715,138.76,2124,,,,,
10800,11.1872962582,59.6636828034,32.3011361634,74.5279,132.8087,174.4258,1888,,,,,
11700,9.79117108301,58.8789118621,33.7565904883,72.5658,130.8548,142.2738,1453,,,,,
12600,9.72014925789,54.7646168635,33.3504551566,69.4903,127.9414,139.1733,2412,,,,,
13500,9.75987130608,58.4386918703,33.7942047037,72.0491,130.4374,145.5236,1276,,,,,
12600,8.84873265853,44.2622714921,35.5396401403,57.4594,115.9936,116.2791,2124,,,,,
13500,9.91191802689,57.4322330972,33.9979846264,70.2297,128.6395,152.3111,2117,,,,,
12600,9.32689063575,48.8784500059,34.8998579696,62.0519,120.2932,128.1591,1453,,,,,
13500,9.7252553592,53.545523998,33.7703854548,68.1712,126.4609,136.5653,2412,,,,,
11700,10.9731055752,74.2192988761,31.3147959088,90.1179,148.4919,182.8684,1888,,,,,
14400,9.86831950202,57.7238395182,33.8002605816,72.3289,130.8773,146.8187,1276,,,,,
13500,9.24377634905,52.2244195816,34.6009855355,65.9115,124.4373,128.6596,2124,,,,,
14400,9.60208790141,61.0924283093,33.7074224176,74.8467,133.177,140.5031,2117,,,,,
13500,9.40102880907,51.0497350186,34.5924365655,64.2228,122.3692,129.8649,1453,,,,,
14400,9.28119508389,49.3971312266,34.6138733299,63.1426,121.3339,127.6409,2412,,,,,
15300,7.99940075478,48.2134259736,35.5134442981,62.5424,120.4112,105.1289,1276,,,,,
12600,9.77175430174,61.6397956085,33.9975777506,75.0021,133.3469,150.4729,1888,,,,,
15300,7.87671454516,46.6091254895,36.0507812556,59.87,117.9515,105.3609,2117,,,,,
14400,9.57609687614,52.068714508,33.9601932771,66.7354,125.1454,138.0311,2124,,,,,
16200,7.28886957364,37.3985565228,37.4082315617,50.8188,108.6813,89.1253,1276,,,,,
15300,7.40876549459,40.2831256025,37.7354704354,52.9982,110.3719,89.7351,2412,,,,,
14400,9.53197727355,53.1251512289,33.5820302274,66.9812,125.2338,139.8338,1453,,,,,
13500,10.7194793022,57.7039434197,32.8896863968,74.6744,133.1713,164.7502,1888,,,,,
16200,6.99445387078,36.0386581472,38.507642918,47.5956,105.3431,80.3884,2117,,,,,
15300,7.58468613398,44.4202456052,36.359410382,57.7495,115.5397,97.4676,2124,,,,,
17100,5.84846371236,31.1844696789,39.5669802306,42.4291,100.2062,58.8578,1276,,,,,
16200,7.48592113824,39.1820783609,36.9747265165,52.8105,110.487,94.5502,2412,,,,,
15300,7.89116728316,45.9099534588,35.5626096379,59.8304,117.3691,100.0951,1453,,,,,
17100,5.78047727134,28.941043124,40.2619114529,39.9216,97.828,56.4684,2117,,,,,
14400,10.1995039572,64.9399282367,32.7532764043,79.9218,138.3303,154.9796,1888,,,,,
16200,6.84576323328,34.5896120934,38.5105504933,47.3217,104.8094,76.6747,2124,,,,,
18000,5.98154146507,29.5685069465,40.4201277141,40.4273,98.0191,61.3964,1276,,,,,
17100,7.0795564893,36.6249673043,37.6163597555,49.9068,108.0854,85.1769,2412,,,,,
16200,7.13910546199,37.1907017871,37.3219790712,50.5375,108.3918,84.1564,1453,,,,,
18000,5.90557309276,29.0254423116,40.3458274884,39.9024,97.5554,59.9973,2117,,,,,
17100,6.23366120352,30.4322711874,39.6186885872,41.646,99.6166,64.7742,2124,,,,,
18900,5.35238514936,28.9705936511,41.1327968099,39.6834,97.1637,53.3733,1276,,,,,
15300,7.73611553206,42.8210275205,37.0228525202,55.7906,113.6926,95.1138,1888,,,,,
18000,6.19215613643,31.5672368733,39.2586249106,43.2806,101.3623,65.0916,2412,,,,,
17100,6.11973709369,29.8124569164,40.268293407,40.8726,98.7195,63.1244,1453,,,,,
18900,5.11128774455,27.4274208579,41.5386260007,37.5943,95.1576,48.5387,2117,,,,,
18000,6.23950777766,29.5322219042,40.1794197112,40.734,98.358,64.5369,2124,,,,,
19800,4.93633119005,24.8696982727,42.1483125749,34.7373,92.3651,44.9511,1276,,,,,
18900,5.06894996994,26.3597069072,41.519250762,36.7699,94.7942,46.8524,2412,,,,,
16200,7.1678373308,35.4902866791,38.1720229276,48.5008,106.1679,83.4258,1888,,,,,
18000,6.27916388561,30.8021904435,39.4499398802,42.2128,100.1267,65.1484,1453,,,,,
19800,4.88882228245,26.9107968623,41.8249473113,36.8353,94.3859,46.2356,2117,,,,,
20700,4.86488835354,26.0449318014,41.7166294852,36.1451,94.174,46.6311,1276,,,,,
18900,5.46849765467,29.1562738926,40.2757828473,39.925,97.815,53.3938,2124,,,,,
19800,5.20411486954,28.3043207343,40.9141697282,38.6968,96.7305,51.3884,2412,,,,,
17100,5.95119517998,29.5491334788,40.2294295469,40.8586,98.3737,60.0729,1888,,,,,
18900,5.06408976233,27.233802368,41.2609699153,37.8176,95.4616,47.8738,1453,,,,,
20700,5.23261388571,27.857782008,41.0227034933,38.172,95.71,50.5191,2117,,,,,
19800,4.97252707819,26.4385021963,41.8311271007,36.5911,94.2952,46.0089,2124,,,,,
21600,5.23233347618,27.259020995,41.4363244889,37.2842,95.0894,49.8302,1276,,,,,
20700,4.79967306449,25.2595858044,42.5609660207,34.7213,92.5151,44.1849,2412,,,,,
19800,4.91062550636,26.515353545,41.7417772154,36.688,94.3801,46.784,1453,,,,,
21600,4.97511695986,27.961633037,41.4313941997,38.0185,95.7877,46.7956,2117,,,,,
18000,5.84302444081,29.6437403049,40.2716201209,40.366,98.279,60.2222,1888,,,,,
20700,4.9030803661,26.1943487105,42.1434921729,35.9188,93.5169,45.8276,2124,,,,,
21600,5.04718325529,27.6858342238,41.3606832751,37.802,95.571,48.8169,2412,,,,,
20700,4.98239748621,27.0636136674,41.790616061,36.7529,94.4124,46.9511,1453,,,,,
18900,5.45090484096,27.883738039,41.1059298485,38.2351,95.8753,52.7387,1888,,,,,
21600,5.47187462162,27.8249114156,41.2465998958,38.1177,95.9723,53.3289,2124,,,,,
21600,4.66141014203,24.8320796351,42.8214034195,34.1078,91.795,42.5724,1453,,,,,
19800,5.20259602775,27.7178137786,41.3978480997,37.9531,95.8205,49.9218,1888,,,,,
20700,5.20861913012,28.7534108426,40.9517940188,38.9339,96.8697,51.6862,1888,,,,,
21600,4.8473438813,25.6880850539,42.2336186616,35.907,93.5538,44.7467,1888,,,,,
900,1.43994965496,16.803015591,46.5604682906,24.1542,82.3111,10.08,1942,,,,,
1800,1.2577281906,16.9007310675,47.5659741036,23.5941,80.9107,9.248,1942,,,,,
900,1.48279141868,16.6443575569,47.6446194153,23.9179,81.7222,10.0418,1085,,,,,
2700,1.91495180498,18.4891326966,46.8441495209,26.0393,83.5426,13.4409,1942,,,,,
1800,1.433506424,18.8333661957,45.6070519443,26.3586,84.1778,10.6524,1085,,,,,
900,1.33693919307,14.2434063649,48.5039115533,20.9655,79.26,8.52,2481,,,,,
3600,2.10112486982,24.2919488513,44.8434520872,31.643,89.2566,19.816,1942,,,,,
2700,1.83055736945,18.0400737211,46.468501668,25.7008,83.1577,14.1004,1085,,,,,
1800,1.63694015855,18.9028829384,46.3552883807,25.9869,83.5021,12.8116,2481,,,,,
4500,2.57956009054,22.5266140464,45.0208962025,30.1742,87.1643,22.5182,1942,,,,,
3600,1.87913787777,22.2698784767,45.7998519342,29.251,86.9329,15.2444,1085,,,,,
2700,2.04360374107,20.5603118178,45.1974769502,28.6905,87.0231,16.0507,2481,,,,,
900,1.41335797598,15.5936882951,47.9645354843,22.8392,80.3338,9.3742,1585,,,,,
5400,2.83545321957,23.2265913516,44.132213058,31.1387,89.038,23.944,1942,,,,,
4500,2.5580457095,22.729829944,44.4461831847,30.4074,88.0806,21.6053,1085,,,,,
3600,1.75176679915,23.3213577682,44.860944042,30.7821,88.5861,15.008,2481,,,,,
1800,1.49813365252,16.963813643,47.2613715097,23.8969,81.8498,10.6676,1585,,,,,
6300,3.66687214148,30.4849913604,42.2041105315,38.9169,95.9729,38.8613,1942,,,,,
5400,2.80992748595,21.6181004324,45.1763397241,29.1528,86.6981,23.7689,1085,,,,,
2700,1.86004744526,19.4213833999,46.2955458549,26.6482,84.561,13.3298,1585,,,,,
4500,2.8528589125,23.06927033,44.2817059659,30.9857,88.6414,24.8489,2481,,,,,
900,1.37387105365,17.6202369628,47.0282633584,24.8801,82.2409,9.7973,1089,,,,,
6300,3.71839429911,29.7201714662,42.7947844541,37.6536,94.4849,38.2738,1085,,,,,
3600,1.99604364705,23.0449299332,45.2886289297,30.0826,88.1336,17.4382,1585,,,,,
7200,3.9133600997,31.6867469996,41.6823572555,40.1527,97.2556,41.5556,1942,,,,,
1800,1.54799771376,17.1191301958,47.009050883,24.3387,81.6221,11.6862,1089,,,,,
5400,2.66786947993,21.4571642428,45.2425291202,29.1194,86.5232,21.536,2481,,,,,
2700,1.81881128288,17.3835836788,46.891705383,24.6618,82.5702,13.0204,1089,,,,,
900,1.43920741856,16.5904058484,47.0974065115,24.0725,82.2028,9.6551,1751,,,,,
4500,2.544114091,22.2079911902,45.0039076939,29.6017,87.1551,21.3191,1585,,,,,
7200,3.73341979763,28.915409936,42.9948565944,36.9773,93.4699,39.1573,1085,,,,,
6300,3.57967350002,30.5472772096,42.1889430923,38.8764,95.8923,36.3058,2481,,,,,
1800,1.6090953656,17.569327491,46.4196254075,24.9019,82.7837,11.6764,1751,,,,,
8100,6.72342615469,38.062929397,38.0571069711,48.3578,106.5922,80.7218,1942,,,,,
3600,1.96065944332,22.0932313068,45.6479295883,29.1685,87.0712,16.1191,1089,,,,,
5400,2.7978843819,22.9819852146,44.5092804703,30.9292,88.4665,25.144,1585,,,,,
2700,1.95294521725,19.5491274944,45.6321508712,27.3304,84.7729,15.3351,1751,,,,,
7200,3.65505556152,29.40257088,42.4471953929,37.7615,94.6527,38.0764,2481,,,,,
8100,6.31117818769,34.3937238142,39.2453227041,44.491,102.8742,70.9058,1085,,,,,
4500,2.68857891288,24.6314275966,44.3736475588,32.3533,89.3905,24.7733,1089,,,,,
6300,3.83784182991,31.6555739562,41.8244149785,40.0979,96.7366,40.6818,1585,,,,,
9000,7.28665183508,42.7516435527,36.337709119,53.6982,112.1293,97.9813,1942,,,,,
3600,2.04309961106,22.5355830065,44.863744845,29.7656,87.4166,17.9484,1751,,,,,
5400,2.58197657105,23.5803357775,44.4036594895,31.0353,88.4953,22.6871,1089,,,,,
7200,3.76542671279,29.3866465699,42.6345766568,37.4301,94.4566,39.2196,1585,,,,,
9000,7.15712477297,40.2055815543,37.0199591396,51.5301,110.1664,88.376,1085,,,,,
8100,7.04046914299,39.199190636,37.7279973187,49.8371,107.9991,88.2791,2481,,,,,
4500,2.81998744638,21.995618737,44.7122315402,29.9078,87.3079,24.1493,1751,,,,,
6300,3.46624974329,30.2202117981,42.3787803118,38.3852,95.1511,36.2693,1089,,,,,
5400,2.67078999283,24.232147418,44.2539066088,32.3643,89.2729,23.7076,1751,,,,,
9900,10.3997170463,50.9139253152,33.8224092447,65.4015,123.7577,146.736,1942,,,,,
8100,6.96285382515,39.1378123877,37.6835098256,49.651,108.0874,84.9156,1585,,,,,
7200,3.83519227682,31.5781968703,42.376377412,39.5479,96.3877,41.1307,1089,,,,,
9000,8.16474334127,47.538510744,34.6600516828,60.9087,119.172,108.6569,2481,,,,,
9900,9.95586135681,52.4719284857,34.6438349146,65.816,124.1229,143.6196,1085,,,,,
6300,3.80048746167,32.1855423535,41.965046922,40.6756,97.5121,41.5147,1751,,,,,
9000,7.4889510966,39.4720714017,36.6966252587,51.1569,109.6613,91.8942,1585,,,,,
7200,3.8710273489,30.4818748158,42.0288128064,38.7154,95.7196,40.2578,1751,,,,,
8100,6.9866225755,38.8912618772,37.6920747229,49.9061,108.2395,84.8684,1089,,,,,
10800,11.6138241383,63.0473589986,32.0016852688,80.8883,139.0779,184.3947,1942,,,,,
9900,9.61147928068,47.9479357172,34.9597819038,61.4046,119.7892,128.8178,2481,,,,,
10800,12.0469896862,70.3240335762,31.7931261234,86.1811,144.4793,199.4818,1085,,,,,
9000,6.79745765298,38.8176624161,37.4735082936,49.8272,108.4243,81.3662,1089,,,,,
8100,6.63247245753,38.1440421659,38.098773445,48.5689,107.1049,79.2702,1751,,,,,
9900,10.4380261761,51.0760738793,33.8369679577,66.1444,124.2426,154.0791,1585,,,,,
11700,11.3048979731,72.163321339,31.7427659029,88.8575,147.1931,182.6062,1942,,,,,
10800,11.0669277575,58.868827572,32.7758245466,74.226,132.7437,170.5449,2481,,,,,
11700,11.3959806138,78.0844810319,31.5473299503,94.738,153.3016,192.392,1085,,,,,
9000,7.89226251414,43.0296385316,36.0098044492,55.1036,113.5902,102.6658,1751,,,,,
9900,9.57284929188,47.0843987622,34.9106373999,60.3827,118.862,132.1413,1089,,,,,
10800,11.1728899821,63.8455516356,32.5889926462,80.0779,138.2961,173.8836,1585,,,,,
12600,9.78196391779,57.8724117674,33.9859631291,72.0488,130.3428,144.1858,1942,,,,,
11700,10.0059196342,63.98847096,33.3017420037,78.0101,136.1453,150.8204,2481,,,,,
12600,11.1572674313,70.3606038589,31.7982310072,86.7702,145.0945,186.0542,1085,,,,,
9900,10.2449542426,56.6407369472,33.8276186703,70.8397,128.7573,149.5404,1751,,,,,
10800,10.6614255776,60.25431358,33.0156331999,75.2119,133.7733,157.5742,1089,,,,,
11700,10.4559814725,65.3386930576,33.2604927491,80.0513,138.4628,165.1191,1585,,,,,
13500,10.4272458852,61.4641566172,32.8710917046,77.2459,135.4203,160.152,1942,,,,,
12600,9.91717861796,54.8941919333,33.243736829,70.6966,129.054,142.9893,2481,,,,,
13500,9.9264945243,66.5333601253,33.1441521107,82.122,140.3699,151.7627,1085,,,,,
11700,10.5072106688,57.9964864784,33.2567463792,72.8202,130.9679,160.5084,1089,,,,,
10800,11.3358094564,60.9940728151,32.4481773883,75.9989,134.5266,173.112,1751,,,,,
12600,10.0935559751,60.4060215042,33.493474283,75.7586,134.3237,155.9831,1585,,,,,
14400,8.89247362232,52.4688187245,34.9885525799,65.6093,124.0442,122.7031,1942,,,,,
13500,8.56231421793,46.0279122159,35.1693502599,59.6564,118.2328,109.2107,2481,,,,,
14400,9.46504205903,57.0060447151,33.9809977173,70.2892,128.5701,138.5013,1085,,,,,
12600,9.26923692928,52.6267106985,34.5759026542,65.9985,124.3974,131.8036,1089,,,,,
11700,10.4871891626,61.6804126247,32.3820901466,77.5527,136.0851,165.512,1751,,,,,
15300,8.59831802666,51.6062951264,34.6649747552,67.7961,125.9225,122.0818,1942,,,,,
13500,10.0345717423,57.4923599197,33.6257829855,71.3026,129.5184,151.568,1585,,,,,
14400,9.39525805085,49.5013634495,34.7375437824,63.6634,122.0905,133.2756,2481,,,,,
15300,8.00502768122,43.368745112,36.0642990065,57.775,115.677,102.84,1085,,,,,
13500,9.63855276599,53.2668911462,34.4043058404,66.6134,124.7923,140.8036,1089,,,,,
12600,10.6006537726,65.4684537066,32.8598314927,81.3862,139.9113,167.3742,1751,,,,,
16200,7.53009465725,41.0020949144,36.4554343492,55.3697,113.3304,95.5502,1942,,,,,
15300,7.32985402206,41.7815901865,36.8793910022,55.0948,113.0534,87.5724,2481,,,,,
16200,7.53730922756,39.6379097539,36.6838365312,53.2332,110.7507,93.0933,1085,,,,,
14400,9.50822646299,52.9429574169,34.3556856274,66.807,125.2886,134.0489,1585,,,,,
14400,10.1449872199,59.1354345549,33.123501837,73.7976,132.1746,155.8782,1089,,,,,
13500,9.88752202534,64.1120523295,32.9314108707,79.7064,138.3076,150.9298,1751,,,,,
17100,6.85939320828,34.3107790093,38.4518483339,46.7886,104.4864,76.7351,1942,,,,,
16200,5.85190963688,28.4779903571,40.0242322082,39.684,97.4284,57.304,2481,,,,,
17100,6.7786463992,35.2620604666,38.2622256491,48.0926,105.7564,77.56,1085,,,,,
15300,8.13125118572,46.2648977619,36.4619986798,60.0839,117.6699,105.3742,1585,,,,,
18000,5.9810469237,29.7389380974,40.2071346327,40.6145,98.241,61.1244,1942,,,,,
17100,5.62135649931,27.4110957433,41.3173826422,37.923,95.5436,54.136,2481,,,,,
15300,7.71550974966,44.8927192013,36.2190822028,58.5595,116.4789,97.9493,1089,,,,,
18000,6.29339508925,31.4294836561,39.2674640146,42.8059,100.6037,64.6036,1085,,,,,
14400,9.31851241867,53.3919371849,34.675243925,66.6058,125.0407,135.376,1751,,,,,
16200,7.51524670124,39.7522391543,37.0535174602,52.9987,110.7068,93.44,1585,,,,,
18900,5.43149406418,27.7860458422,41.2446553919,37.9363,95.7966,53.9938,1942,,,,,
18000,6.44832351773,30.5627283868,39.9075663436,41.5628,99.1551,67.4622,2481,,,,,
18900,5.230106392,27.0035726092,41.1544646094,37.5648,95.4044,50.9902,1085,,,,,
16200,6.88509020695,36.4306277291,37.6220735332,48.9908,106.6396,80.0382,1089,,,,,
15300,8.14655348271,46.1495019632,36.2398668855,59.71,117.6561,107.5004,1751,,,,,
17100,7.3608995338,39.1833370396,37.1077916107,53.2196,110.5743,92.8987,1585,,,,,
19800,5.19914243521,28.4174300169,41.3192214374,38.3036,96.1016,49.3351,1942,,,,,
19800,4.91042891394,26.5242224303,41.9009606799,36.2352,93.9307,46.3422,1085,,,,,
18900,5.13951112153,25.7159945315,41.934701754,35.6417,93.3376,46.3991,2481,,,,,
17100,5.79703534087,30.30094248,39.9014056179,41.1536,98.9202,59.7733,1089,,,,,
16200,7.48835337145,37.234744491,38.0014080965,50.3032,107.8437,94.5538,1751,,,,,
20700,5.20198477903,26.397908157,41.7846322845,36.4569,94.4263,48.6978,1942,,,,,
18000,6.75063097366,34.5806402496,38.1763895085,46.8573,104.646,76.0907,1585,,,,,
20700,4.96801892111,26.0775991504,42.0274125904,36.1733,93.6017,46.8676,1085,,,,,
19800,4.90470683648,26.3339289195,42.0144378632,36.4785,94.314,46.8889,2481,,,,,
18000,6.15479937253,29.183657779,40.3786247461,40.2425,97.6239,62.5031,1089,,,,,
17100,6.95892233807,38.9487354949,37.3502391095,51.779,109.4269,85.4302,1751,,,,,
18900,4.85558991914,27.294956232,41.7713515333,37.3247,94.8559,46.3387,1585,,,,,
21600,4.83718069864,26.9678768822,41.8653801655,36.6242,94.3702,45.944,1942,,,,,
21600,4.8343461176,25.2825703174,42.4818416426,34.6512,92.5433,44.5893,1085,,,,,
20700,5.25975068878,27.9822770412,41.1720117678,38.2322,95.9212,51.4969,2481,,,,,
18900,5.1071112605,26.4745257956,41.9185335132,36.4555,93.8453,47.968,1089,,,,,
18000,5.71284298712,28.5271674126,40.5736043176,39.2822,97.0038,56.5067,1751,,,,,
19800,4.86649990215,26.2262533883,42.173942521,35.8896,93.6088,46.232,1585,,,,,
21600,4.78052898567,26.636634097,42.2568346691,36.2653,93.9278,44.9973,2481,,,,,
19800,5.03355321879,25.7139340054,42.7019064826,35.1439,92.5636,46.0409,1089,,,,,
18900,5.25857952096,28.3261116325,41.0880469284,38.5413,96.1005,51.8684,1751,,,,,
20700,5.02138669323,26.0773629742,42.1005813527,35.7873,93.4461,47.384,1585,,,,,
20700,5.32701026466,28.5118108257,40.9097164556,38.9955,96.5377,53.0053,1089,,,,,
19800,5.24315383846,26.6037022877,41.6237656939,37.1586,95.3035,48.9547,1751,,,,,
21600,5.00471849605,27.1913903974,41.9962471673,37.2426,95.1899,46.8987,1585,,,,,
21600,5.03253516537,25.5115973331,42.5874379929,35.384,93.0334,45.5724,1089,,,,,
20700,5.25468822123,28.443848765,40.4915242574,39.365,97.1868,50.8364,1751,,,,,
21600,5.06905096965,29.1048829778,41.1609706527,39.3844,96.8157,49.6747,1751,,,,,
900,1.49653160703,20.0557907053,45.8231635475,27.4644,85.1926,11.5467,6596,,,,,
1800,1.52156829047,17.685299464,47.4945452835,24.6458,82.0781,11.32,6596,,,,,
900,1.40259035382,17.2530511982,46.8584104294,24.5778,82.6292,9.72,4984,,,,,
2700,1.96773637247,18.382364853,46.5485398018,25.9344,83.6425,15.312,6596,,,,,
1800,1.46705166562,16.2611322968,47.3649688741,23.3921,81.4289,10.5182,4984,,,,,
3600,1.88533208555,22.4032261426,45.1016867474,29.7996,87.8129,15.3876,6596,,,,,
900,1.42340494096,18.1870079998,46.3219056314,25.8211,83.6444,10.5538,7588,,,,,
2700,2.1038916518,22.6190380391,44.4581341304,30.5568,88.325,17.6907,4984,,,,,
1800,1.48494549187,18.0395723052,46.7907521392,25.3175,82.8301,10.3404,7588,,,,,
4500,2.5257347037,22.1305432368,45.1481453471,29.6082,87.2179,21.4942,6596,,,,,
3600,2.02650996987,22.3245868669,44.9110278211,29.9555,88.2272,17.224,4984,,,,,
900,1.45812236414,16.7673089061,47.1806105249,24.2237,82.2297,10.4,5743,,,,,
2700,2.01377441321,16.3551037197,47.2432457236,23.5449,81.7878,13.6,7588,,,,,
5400,2.66092742618,21.4946077009,45.5045125067,28.9063,86.2437,22.5849,6596,,,,,
1800,1.45400137053,19.0812144577,45.8370494172,26.4891,84.5373,10.8569,5743,,,,,
4500,2.75070709848,23.3151525903,44.2976833335,31.2536,88.5184,24.0693,4984,,,,,
3600,2.27721718728,23.3401924178,44.3807124478,30.9256,88.9159,19.9511,7588,,,,,
900,1.43234440803,17.2512839111,47.2074383939,24.2865,81.9252,10.1324,1686,,,,,
2700,1.79701297766,20.1682691289,45.8151171106,27.6012,85.0654,14.3787,5743,,,,,
6300,3.69639248526,32.3445294756,42.0451310484,40.5428,97.3613,40.3858,6596,,,,,
5400,2.74978771772,24.3396237918,43.7368262851,32.601,90.0761,24.2053,4984,,,,,
4500,2.55343248294,23.6139475309,44.3046169522,31.7639,89.2853,21.5058,7588,,,,,
1800,1.5850280037,18.4749829262,47.1147129506,25.7361,82.4111,12.6942,1686,,,,,
3600,1.92704845905,20.6502756842,46.1147845824,27.7933,85.4111,15.4107,5743,,,,,
7200,3.79771939849,30.2026860727,41.9751273884,38.5054,95.5481,39.904,6596,,,,,
6300,3.52647084799,28.008280313,43.5010911618,35.9774,92.8343,35.6356,4984,,,,,
5400,2.67548795618,21.9967427249,44.8163505337,29.6743,87.1807,22.1129,7588,,,,,
900,1.46618722813,15.8582367775,47.6905550835,22.9118,80.8461,9.8462,1601,,,,,
2700,1.86190977744,19.2036641091,46.2512170121,26.729,84.5706,14.2036,1686,,,,,
4500,2.94436610238,22.5715993951,45.012458555,30.4077,87.5283,25.2631,5743,,,,,
1800,1.60304017708,18.2128540853,46.6760780159,25.6174,82.8883,11.0453,1601,,,,,
7200,3.52821438053,29.7261142619,42.5971506487,37.6145,94.7451,37.3716,4984,,,,,
3600,2.01576821631,21.6809280853,45.4385377882,28.9611,86.7187,17.0587,1686,,,,,
6300,3.69064534545,30.047299736,42.0224934934,38.3881,95.7682,38.952,7588,,,,,
900,1.45161721904,19.16411305,45.7138241595,26.7033,84.9265,10.9449,6550,,,,,
8100,7.23580896644,41.2110158543,37.0810248552,52.2007,110.3549,91.1867,6596,,,,,
2700,1.86613712506,19.0631045782,45.9742673039,26.4124,84.7775,14.9831,1601,,,,,
5400,2.84052030586,21.8728216181,44.9141495946,29.7426,87.0534,24.3707,5743,,,,,
1800,1.51142476046,17.5621440673,47.4292070601,24.7405,81.9636,11.312,6550,,,,,
4500,2.76613088632,22.3155724151,44.9992253601,30.1272,87.4403,23.3102,1686,,,,,
7200,3.85064273371,32.9063486372,41.2345023191,41.494,98.8411,41.128,7588,,,,,
3600,2.02863312127,23.1830732362,44.7474988649,30.6263,88.2407,18.0382,1601,,,,,
8100,6.96001120018,39.3256637207,37.5719525545,50.1071,108.6902,83.3511,4984,,,,,
2700,1.73628672077,19.6009603837,46.2459415996,27.4291,85.0842,12.312,6550,,,,,
6300,3.65482681699,31.9828868803,41.9071299094,40.2081,97.2068,40.36,5743,,,,,
5400,2.90834304571,24.8093178081,43.5930606465,33.076,90.8519,25.9431,1686,,,,,
4500,2.85359507022,21.2733753928,45.3203038925,28.9941,86.2901,23.5591,1601,,,,,
9000,7.99444896317,43.6850960652,35.9160141309,55.9751,114.4415,105.7244,6596,,,,,
3600,2.00705385139,24.1702755382,45.0737799137,31.5554,88.9851,18.3822,6550,,,,,
8100,6.76486108512,36.0004877543,38.769353663,46.6855,105.1721,78.464,7588,,,,,
7200,3.73566000006,28.6252722067,42.9592341172,36.8864,93.6933,37.584,5743,,,,,
9000,7.67753817135,41.4101780777,36.3474018053,53.3469,111.8567,97.3582,4984,,,,,
6300,3.5839176268,29.7751642074,42.9614459804,37.5821,94.2788,37.648,1686,,,,,
4500,2.43506152946,20.0047727467,46.0419788594,27.355,84.8511,19.3707,6550,,,,,
5400,2.88817482077,23.8050232813,44.0174067204,31.7102,89.6012,25.4196,1601,,,,,
5400,2.48931743813,21.8011262383,45.4577614851,29.0861,86.1319,20.8587,6550,,,,,
7200,3.64110724262,28.8408608558,42.7715357836,36.7985,93.652,36.6249,1686,,,,,
9900,9.77201321461,47.5036034013,35.7574465155,59.7175,117.9462,133.8,6596,,,,,
6300,3.68972739045,31.7105481094,42.0064122807,40.0869,97.3156,40.0818,1601,,,,,
8100,6.84192104454,39.2478117437,38.5637693047,49.4397,107.79,84.2996,5743,,,,,
9000,8.16619276248,43.1684192168,36.0693343266,55.6464,113.7639,104.1938,7588,,,,,
9900,10.1131005852,50.0163686384,34.1299359243,63.7768,121.6832,141.76,4984,,,,,
6300,3.72589772892,29.4056808275,42.8516446319,37.2733,94.3113,38.8009,6550,,,,,
7200,3.92454206911,29.2199328025,42.8452473896,37.3141,93.999,39.7849,1601,,,,,
8100,7.26132785423,39.5893101201,37.4246270726,50.752,109.2131,90.3564,1686,,,,,
9000,7.54432197909,42.5813853232,36.2216156614,53.8596,112.2824,95.1333,5743,,,,,
7200,3.59437059462,31.6584909026,41.9124676186,39.8682,96.862,37.3653,6550,,,,,
9900,9.87925788191,50.5377820256,34.1188333574,64.9395,123.4305,137.6844,7588,,,,,
10800,11.6160640368,64.062628298,32.2118243965,81.0341,139.3275,186.3618,6596,,,,,
8100,7.0683694637,39.8925248684,37.2834694583,50.6051,108.9475,87.3813,1601,,,,,
9000,7.75074076458,41.5635850741,36.085098729,53.5547,111.7641,100.1956,1686,,,,,
10800,11.1169680392,59.8168748601,32.2211705294,75.2614,133.7436,171.9991,4984,,,,,
8100,6.82488931504,39.3337574587,37.668821044,50.0868,108.4952,83.3538,6550,,,,,
9900,9.29679835089,46.5718426545,35.7984171405,58.5942,116.9234,129.3342,5743,,,,,
10800,10.6421734873,59.4654110757,32.6316696771,74.2499,132.576,161.1787,7588,,,,,
11700,10.4294652487,64.2978229935,32.6540314516,79.4842,137.76,163.784,6596,,,,,
9000,7.40825876051,42.4496276647,36.4158151855,53.3517,112.1057,93.632,1601,,,,,
9900,9.41106363019,47.8057927448,34.4873679139,61.6838,119.9995,123.3084,1686,,,,,
9000,7.44622754522,42.9671709219,35.8479156735,54.839,113.2096,96.7884,6550,,,,,
11700,10.7978011271,66.2996959501,33.7464246467,81.0453,139.4655,173.7964,4984,,,,,
10800,11.4850760897,64.4498591164,31.9524121264,80.3487,138.8109,177.8382,5743,,,,,
11700,10.3913862332,61.058623301,32.8927175471,76.2313,134.2663,160.2907,7588,,,,,
12600,10.0497595902,57.9262142041,32.7855889833,73.9637,132.5226,150.9831,6596,,,,,
9900,9.88601272397,52.2234130641,33.5944092258,65.7144,123.8434,142.5262,1601,,,,,
9900,9.35615025192,46.1014327906,34.7256997529,59.0741,117.3499,122.4249,6550,,,,,
10800,11.1409871806,55.1628380788,32.6594646985,70.3233,128.6763,167.3476,1686,,,,,
12600,11.1593203874,74.4051852724,30.8716183596,92.1562,150.6729,186.3182,4984,,,,,
12600,10.0496656115,61.1653563746,32.848058229,76.5804,134.9463,156.2516,7588,,,,,
13500,9.74194425778,56.2143450757,33.8946473813,69.8567,128.3103,143.3538,6596,,,,,
11700,10.505973768,60.2269356115,33.467292777,76.1182,134.5024,158.3618,5743,,,,,
10800,11.1959892566,62.6779000367,33.1899118653,77.9634,136.3722,177.1316,1601,,,,,
13500,9.73099275071,64.0621663652,33.0750499358,79.3147,137.711,147.4711,4984,,,,,
10800,10.7180590186,54.7962653784,33.340261924,69.4814,127.9244,160.168,6550,,,,,
11700,10.7746938753,66.7237112549,31.4713683033,82.7686,141.1799,166.616,1686,,,,,
12600,9.66074907468,54.1151062451,33.9282198624,67.9898,126.2211,140.0036,5743,,,,,
14400,9.32936102484,49.3906989738,34.9151747426,62.4685,120.7464,133.0462,6596,,,,,
13500,9.78261166574,60.4496805991,33.4442025546,73.7926,132.1704,146.6471,7588,,,,,
11700,11.0599077168,71.1609630188,32.5188618726,87.7926,146.4885,181.8809,1601,,,,,
14400,9.56617830414,54.9212717203,34.5012480762,68.6506,127.031,137.2453,4984,,,,,
11700,10.4310244798,62.6358757853,32.4934921458,77.8952,136.3262,164.3022,6550,,,,,
12600,9.83355058656,54.8678004009,33.671092372,69.119,127.5033,143.4302,1686,,,,,
15300,8.69358397629,51.8691877402,34.4033968402,67.3437,125.1011,121.8942,6596,,,,,
14400,9.37191030747,52.4848586527,34.2836627392,65.8286,124.2301,130.7653,7588,,,,,
13500,9.41179791775,55.1770654724,34.0702549582,69.658,128.1075,134.2987,5743,,,,,
15300,8.81568701841,52.754458947,34.618039107,67.4064,125.5553,127.2898,4984,,,,,
12600,10.6501130332,73.0316918042,31.8822801559,89.5641,148.2586,169.5324,1601,,,,,
12600,10.471345791,56.481251396,33.481985194,71.0792,129.3867,155.1138,6550,,,,,
13500,9.62762968791,52.7011492046,34.4499912414,66.5284,125.0598,141.8551,1686,,,,,
16200,7.15349165664,37.7763799836,37.6955120819,51.1438,108.74,87.7378,6596,,,,,
15300,7.98513838396,45.4533850865,35.8727922483,59.4419,117.4882,105.0747,7588,,,,,
14400,9.4403163822,49.674574253,34.7186030509,63.9578,122.217,135.1022,5743,,,,,
16200,7.49081035999,39.7706297488,37.1441335824,53.0238,110.8395,92.9893,4984,,,,,
13500,9.37978666199,54.1042047849,34.0187282468,68.0161,126.5418,134.5164,6550,,,,,
13500,9.84219233481,55.7216068794,33.9086934823,70.1596,128.5521,142.7547,1601,,,,,
17100,7.29420199668,38.9717048924,37.208007789,52.3206,109.9953,88.2169,6596,,,,,
14400,10.0260090438,54.2473632526,33.7973109865,68.6228,127.2788,146.072,1686,,,,,
16200,7.42703061879,38.8023739546,37.4376461025,52.2035,109.8383,91.3467,7588,,,,,
15300,7.88253584181,44.9397638031,35.9560687915,58.8937,116.7668,100.0978,5743,,,,,
17100,7.34996023554,38.0358050694,37.6495769581,51.3233,108.704,91.0347,4984,,,,,
18000,6.39355690236,29.6401467681,39.6361072861,41.1275,98.972,65.512,6596,,,,,
14400,9.54563494983,51.5918044765,34.306929258,65.3276,123.6091,135.5804,6550,,,,,
17100,6.15762914205,30.5110916268,39.4598143255,42.1363,100.0016,63.0791,7588,,,,,
14400,10.7185036935,65.2669986667,31.4783289499,83.1462,141.2586,169.6747,1601,,,,,
16200,6.05178102264,30.3067169347,39.9405692243,41.3226,99.2123,60.4782,5743,,,,,
15300,8.63544507609,51.5314666712,34.8047826287,67.073,125.0175,119.2027,1686,,,,,
18000,7.23690682483,37.1953856805,37.7442992383,49.9571,107.8127,87.0622,4984,,,,,
18900,5.34629763971,28.164849487,40.6983414745,38.7143,96.8954,51.6578,6596,,,,,
15300,8.25192276829,45.6804531973,36.0460805661,59.932,117.7476,109.2089,6550,,,,,
18000,5.98896466671,29.2166746355,40.3001296319,40.2163,97.9732,59.9147,7588,,,,,
17100,5.93876685794,31.6065929817,39.7157417772,42.5663,100.4579,62.4107,5743,,,,,
15300,8.29691427736,47.5640056264,35.6231580137,62.1202,119.9934,112.0169,1601,,,,,
18900,5.01944608028,26.090837001,41.8719164383,36.0274,93.7931,45.3902,4984,,,,,
16200,7.66909340292,39.7392729774,36.8698578941,54.171,112.0045,97.0596,1686,,,,,
19800,4.99897678428,27.1256973028,41.729712165,37.0209,94.823,47.3173,6596,,,,,
18900,4.94781608882,26.4752311305,42.0408599525,36.3981,93.8641,46.8809,7588,,,,,
16200,7.22393427505,38.6112643444,37.0626011054,51.68,109.4554,87.2596,6550,,,,,
18000,6.31550706502,30.3285797714,39.3384890223,42.1061,100.0006,65.0738,5743,,,,,
19800,4.97174747614,26.8270830942,42.0843094023,36.3861,93.9265,47.0933,4984,,,,,
16200,7.53103371583,41.8393343292,36.5607648522,55.7193,113.3713,96.0142,1601,,,,,
20700,5.03690638422,27.7142669015,41.5223433389,37.8809,95.352,47.9182,6596,,,,,
17100,7.60467288087,40.3038181714,36.6639684704,54.3859,111.9704,96.3991,1686,,,,,
19800,5.19336929179,28.4902350029,41.0183508038,38.9025,96.7522,51.5858,7588,,,,,
18900,4.98500692035,27.5415336884,41.5574887426,37.8181,95.3962,47.7724,5743,,,,,
17100,6.09905398988,29.7944702288,40.0648674926,40.867,98.5799,61.4596,6550,,,,,
20700,4.88408705373,25.9880372612,42.2521645459,35.4974,93.2505,45.8951,4984,,,,,
21600,4.89914546376,27.040609305,41.654352694,36.9593,94.843,47.0196,6596,,,,,
17100,7.34655593728,38.8124923602,37.4771931942,51.7469,109.4665,91.8871,1601,,,,,
18000,6.97866622548,36.3080593848,37.857361079,48.8605,106.356,81.1191,1686,,,,,
20700,4.93880417162,26.0921722057,41.9067391371,36.3729,94.1532,46.1369,7588,,,,,
19800,4.91827063043,25.2152243156,42.5244391764,34.8003,92.5922,44.6578,5743,,,,,
21600,4.93604233431,27.9408638841,40.8789705605,38.436,96.2459,48.4018,4984,,,,,
18000,5.96436032369,30.435160882,40.5550867885,40.946,98.5509,61.2658,6550,,,,,
18000,7.57780260536,37.6248039949,37.7884681246,51.1049,108.5357,92.4889,1601,,,,,
18900,5.11104175152,25.9696484453,41.6144602349,36.5126,94.5529,48.1609,1686,,,,,
21600,5.08241098177,27.015344746,41.5523276227,36.9028,94.2789,48.4951,7588,,,,,
20700,5.1080307052,27.5868586476,41.2197029044,37.792,95.3811,48.6436,5743,,,,,
18900,5.25059724444,27.5307370876,41.470460005,37.8192,95.2301,50.2702,6550,,,,,
18900,5.61277745231,32.3866388305,39.9168499853,43.7805,101.1848,58.272,1601,,,,,
19800,5.23315229117,27.3313809069,41.1425568504,37.845,95.633,50.9547,1686,,,,,
21600,4.92826868904,26.6750630844,41.7271015521,36.6511,94.3772,46.9449,5743,,,,,
19800,4.7455934398,25.8953950251,42.3780564004,35.7282,93.2612,43.5938,6550,,,,,
20700,4.97323257946,26.5963640091,42.0285679518,36.4188,94.3604,46.8871,1686,,,,,
19800,5.06247763933,26.6769375991,41.4882742128,36.9974,94.8214,47.7804,1601,,,,,
20700,5.05333538169,26.4110620126,42.0950119961,36.2151,94.0744,48.4062,6550,,,,,
20700,4.90876687161,28.0233485636,41.2081633012,38.0707,95.9513,47.6498,1601,,,,,
21600,5.03553052613,26.407033801,41.8941300531,36.4872,93.9525,47.0258,1686,,,,,
21600,5.1389871092,27.4001943826,41.2535600041,37.7376,95.8149,49.9573,6550,,,,,
21600,4.80062574223,27.0415294012,41.6205642594,36.8744,94.6793,45.8569,1601,,,,,
900,1.39099954757,16.3917466054,47.5031215906,23.4908,81.0769,9.6178,1835,,,,,
1800,1.5818479401,18.533742213,45.7827606877,26.2144,84.3576,12.2409,1835,,,,,
2700,1.87967904529,18.5070940945,46.0578733967,26.4199,84.2325,13.7404,1835,,,,,
900,1.32405831459,14.1635185924,48.4654391729,21.1315,78.9453,8.6053,5444,,,,,
3600,1.89959037105,20.619474648,46.2460339742,27.5283,85.5757,16.0604,1835,,,,,
1800,1.5842407505,17.5468189789,47.0946333311,24.5469,82.0716,11.3156,5444,,,,,
2700,1.89742668502,21.045730542,45.2972430555,28.6975,86.664,16.1973,5444,,,,,
4500,2.93838542916,23.8747111324,44.2357453201,31.7503,89.0106,25.4187,1835,,,,,
900,1.23270811361,14.0221661587,48.6326241197,20.8551,78.7472,7.5404,9561,,,,,
3600,1.82854837941,22.9313918033,45.4242999405,29.9363,87.2377,16.2542,5444,,,,,
1800,1.41770329187,16.766990597,47.4163044061,23.8048,81.9431,9.9316,9561,,,,,
5400,2.85767151535,22.0718133954,44.8681999227,29.8936,87.1949,24.4809,1835,,,,,
2700,1.91957240713,19.6833414007,44.8408149305,27.9477,85.8644,14.4747,9561,,,,,
4500,2.7567099076,23.9474396794,43.7361191168,31.835,89.8938,23.2951,5444,,,,,
900,1.40331387429,15.8190779261,47.8752133838,22.8442,80.362,9.8764,1548,,,,,
6300,3.70453082806,29.2551659551,42.7580217782,37.3401,94.2385,38.0729,1835,,,,,
3600,1.95984086586,20.9009231644,45.8252837411,28.177,85.6621,16.3102,9561,,,,,
1800,1.51005579419,15.5412226512,48.5766373768,22.0719,79.5098,9.4276,1548,,,,,
5400,2.67879884154,23.3104410699,44.0575375437,31.0415,88.7096,23.9244,5444,,,,,
2700,1.81176486653,17.8166776272,47.1514274244,25.091,82.5825,13.1298,1548,,,,,
7200,3.88494575839,30.7974732295,42.1957570613,38.9011,95.4911,41.4569,1835,,,,,
4500,2.56667820476,24.3179332635,44.0240613288,32.231,89.5431,22.9182,9561,,,,,
6300,3.57531818171,30.4918066203,42.72334439,38.5514,95.3818,37.1707,5444,,,,,
3600,2.00411242868,23.3021113887,44.7951713491,30.4724,88.4195,17.5911,1548,,,,,
5400,2.88364243234,23.5269187237,44.2628787529,31.5879,88.6587,24.8604,9561,,,,,
7200,3.86146355619,29.386563875,42.5289042164,37.2405,93.9372,40.0631,5444,,,,,
8100,7.17104247396,40.4600110636,37.5889011205,51.4602,109.4505,89.0622,1835,,,,,
4500,2.90541585427,23.5637889565,43.3951106,31.9164,89.3075,25.112,1548,,,,,
6300,3.70206058512,31.4589457514,42.205074359,39.9581,97.0453,38.1778,9561,,,,,
5400,2.97651626063,22.5460830594,44.5686225873,30.7018,87.5691,25.3431,1548,,,,,
8100,6.67477926967,38.014576914,38.1867743325,48.4685,106.3733,79.448,5444,,,,,
7200,3.889415191,30.8959346345,42.1716222539,39.3664,95.9944,40.9929,9561,,,,,
9000,7.33630187298,40.5499853557,36.8359216641,51.7492,110.334,92.7662,1835,,,,,
6300,3.69384021501,29.9642069534,42.3907756004,38.2705,95.3521,38.8782,1548,,,,,
9000,7.05827610092,40.8101687742,36.9086109732,51.8471,110.1621,87.8329,5444,,,,,
8100,7.19641143994,38.8099669137,37.6482481616,50.1766,108.3104,89.7964,9561,,,,,
7200,4.30142413156,31.5841029375,41.5878503592,40.1068,96.7938,46.2969,1548,,,,,
9900,9.18360387825,46.8007917901,35.4900182397,59.0824,117.6814,121.3769,1835,,,,,
9000,7.21832220021,40.0040644849,36.9488193659,51.4179,109.8135,88.8116,9561,,,,,
8100,6.97848651037,40.3729204068,37.2475410712,50.8498,109.3944,87.4444,1548,,,,,
9900,10.433005705,51.8784761841,34.1726947618,66.1188,124.1069,150.6853,5444,,,,,
10800,10.4089545876,52.6581930344,33.289993845,67.0309,125.1837,149.6844,1835,,,,,
9000,7.22598546711,39.3763581601,37.0009660938,50.7122,109.2973,87.2196,1548,,,,,
9900,10.3826374822,50.4039553305,34.1146682536,64.6451,123.0743,148.7716,9561,,,,,
10800,12.1135936118,65.9832629551,31.309982637,83.5044,141.7442,199.6524,5444,,,,,
11700,9.63997776399,51.7331252047,34.3272264713,65.9251,124.1215,134.6462,1835,,,,,
9900,9.72514461387,47.5922060187,35.4644536698,60.3128,118.3313,133.7991,1548,,,,,
10800,11.2905066861,63.9802904172,32.1534101457,79.7186,137.9596,180.0044,9561,,,,,
11700,10.7166780162,69.7615806609,32.2438609013,85.7112,144.1104,170.1244,5444,,,,,
12600,9.03572646622,50.5856362728,34.3102529593,64.8897,123.4112,123.544,1835,,,,,
10800,10.4424418149,52.1184816627,33.6303795848,67.8332,126.1622,145.0524,1548,,,,,
11700,10.4132794836,63.4500447411,33.1904903409,78.0874,136.4074,161.0213,9561,,,,,
12600,9.9957072486,60.7689362394,33.2350142036,74.8376,133.3611,150.6071,5444,,,,,
13500,9.75592971881,52.8729012941,34.6913255006,66.4737,124.8578,140.6542,1835,,,,,
11700,10.0126361304,55.7816466454,33.2850588742,71.0603,129.4957,145.6267,1548,,,,,
12600,9.66378400296,57.15664624,33.9359643975,71.3968,129.9311,141.6818,9561,,,,,
13500,10.1454835704,59.5883035119,32.9231042031,75.1675,133.7175,157.2267,5444,,,,,
14400,9.47850790267,51.9761827733,34.225964286,66.3009,124.6946,135.2809,1835,,,,,
12600,9.4894762706,51.4116478756,34.032240193,65.8978,124.4825,138.2676,1548,,,,,
13500,9.19460950389,48.7416798918,35.4657803413,61.0058,119.2157,127.2204,9561,,,,,
15300,7.65578801417,42.5307847264,36.7736521976,55.3518,113.0338,97.8222,1835,,,,,
14400,9.55906821777,54.3937984262,33.8934489601,68.2294,126.32,137.8356,5444,,,,,
14400,8.96115564763,51.2141951008,35.2419092659,63.3742,121.7967,125.9449,9561,,,,,
13500,9.667091536,54.7021746535,34.2622589851,68.1971,126.4562,142.5627,1548,,,,,
16200,6.64722155408,35.0304501201,38.4083181523,47.786,105.7613,76.6133,1835,,,,,
15300,7.91935959603,43.9480217746,36.548898192,57.1635,114.9595,100.1182,5444,,,,,
17100,5.68605481532,29.7604496592,40.5671271028,40.6786,98.7316,57.2427,1835,,,,,
15300,8.27811614088,47.9789038521,35.5696997645,62.3871,120.0352,111.392,9561,,,,,
16200,7.19854282139,38.8190745303,37.0039360207,52.0947,109.8233,87.8658,5444,,,,,
14400,9.42668597529,49.4251933571,34.9708499715,62.5752,120.7922,135.8524,1548,,,,,
18000,5.99389439937,30.507288832,39.8087550482,41.7811,99.2531,61.3209,1835,,,,,
17100,6.09117599688,29.3968211271,40.3469121955,40.6352,98.1919,61.2356,5444,,,,,
16200,7.66836839105,40.6412198208,36.6181609106,54.6769,112.3648,96.6987,9561,,,,,
15300,7.87483280291,47.2395723273,35.6721713292,61.9518,119.567,100.8631,1548,,,,,
18900,5.17630148643,25.8545908781,42.0414483832,35.9085,93.5163,47.7289,1835,,,,,
18000,5.98902841639,30.7031008238,40.1390446035,41.5817,98.9724,63.0667,5444,,,,,
17100,7.00041654595,35.1982912633,38.1956340823,47.6855,104.9981,79.6329,9561,,,,,
16200,7.01575708284,37.6062768524,37.4209627591,50.6139,108.1972,84.4133,1548,,,,,
19800,5.12369243762,26.5128847704,41.8622058743,36.3651,94.2107,48.1653,1835,,,,,
18900,5.07505678073,26.9892767284,41.7013390649,36.9321,94.6933,48.1253,5444,,,,,
18000,6.99496873872,36.8056070458,37.6707392876,50.1535,107.9972,85.3129,9561,,,,,
17100,5.48705001715,26.5632583929,41.8641500697,36.4968,93.9225,52.5564,1548,,,,,
20700,4.78003681944,26.9398719121,41.9341295344,36.6074,94.307,44.8667,1835,,,,,
19800,5.37132025294,27.3357617125,41.1790119626,37.799,95.5225,52.2889,5444,,,,,
18900,5.52857374452,31.1126258708,40.127173818,41.8759,99.4033,57.0418,9561,,,,,
18000,6.08770586752,30.3507861138,40.1920183985,41.1215,98.969,62.3431,1548,,,,,
21600,5.15586027736,26.9520466988,41.5855962018,36.7775,94.3558,49.5413,1835,,,,,
20700,5.39678426448,31.0273032318,39.7068966254,42.6341,100.6364,57.3796,5444,,,,,
19800,5.39759041976,28.0684475826,41.3655473997,38.0901,95.5144,53.3084,9561,,,,,
18900,5.29483148086,26.770585311,41.6484356176,37.0362,94.6102,49.2729,1548,,,,,
21600,4.96967455348,26.117124997,42.0939339839,35.9077,93.6617,45.4302,5444,,,,,
20700,5.2220347775,28.1165760153,41.2604475601,38.2227,96.1124,50.8284,9561,,,,,
19800,5.06498134029,27.4047165158,41.4797822703,37.9797,95.4318,48.2409,1548,,,,,
21600,4.84588467967,25.5509519164,42.1399078429,35.5335,93.2024,44.584,9561,,,,,
20700,5.39897458158,28.2587351277,41.230053562,38.5011,96.3963,53.4791,1548,,,,,
21600,5.2637603917,27.5455432595,41.2646771476,37.7255,95.5466,50.64,1548,,,,,
900,1.38671311978,16.522661243,48.4890739789,23.2272,80.0631,10.0293,1109,,,,,
1800,1.55441388833,16.7497566274,47.1502972799,23.7703,81.4127,11.1858,1109,,,,,
900,1.47660250426,16.8044896149,46.9060292552,23.963,81.9929,10.2053,8216,,,,,
2700,2.03394294517,19.7816931372,46.4183808595,27.4029,84.4326,15.864,1109,,,,,
1800,1.61260750848,19.5524745376,45.8101713575,26.9412,84.9706,12.4596,8216,,,,,
3600,2.05242201097,23.5643523706,44.0714240166,31.3396,89.7338,17.4684,1109,,,,,
900,1.29288358824,14.8878219675,48.1520653943,21.6475,79.8256,8.784,9137,,,,,
2700,2.00347761426,19.9515915838,45.3241693391,27.7477,85.8295,15.9547,8216,,,,,
1800,1.38187215985,16.7597953736,47.4635026677,23.7639,81.3909,9.4844,9137,,,,,
4500,2.67836737679,23.789888878,44.5209112353,31.7696,88.8121,23.6533,1109,,,,,
3600,2.04411738579,23.4610567148,45.5989780156,30.6086,87.758,17.6604,8216,,,,,
900,1.39007534141,16.5008433827,47.5974463881,23.5181,81.4594,9.8009,1615,,,,,
2700,2.03887415393,19.392647053,45.7203178713,27.1138,85.0053,15.7911,9137,,,,,
5400,2.89370720666,24.1447635837,43.822448315,32.1681,89.5004,26.3067,1109,,,,,
1800,1.4792349626,17.9714554969,47.2228971731,24.7951,82.6962,10.8756,1615,,,,,
4500,2.75294315009,24.5048258141,43.6257274535,32.6881,90.3549,24.4044,8216,,,,,
3600,1.96214923648,24.3021022981,44.7519685766,31.6893,89.2555,17.44,9137,,,,,
900,1.31426111441,16.6080553152,47.0820692124,24.195,82.0705,8.9769,6610,,,,,
2700,1.87580921901,18.9454271493,45.6136301046,26.7867,84.492,14.0942,1615,,,,,
6300,3.64195507305,30.2024095092,42.8140652943,38.2699,95.105,38.1369,1109,,,,,
1800,1.54772849892,16.7100037518,47.4935930301,23.8789,81.3659,11.4516,6610,,,,,
5400,2.74925336428,24.2117761188,43.8991821153,32.0917,89.801,24.6347,8216,,,,,
4500,2.70382396185,22.4712376587,44.6667838165,30.5743,88.2737,22.592,9137,,,,,
3600,2.00569312337,21.5178107028,45.5854163535,28.6826,86.6155,16.792,1615,,,,,
900,1.42471743065,16.8827772563,47.5429431394,23.6732,81.3217,9.8827,7232,,,,,
7200,3.81838849322,31.4622818468,41.564368384,39.8565,96.8556,39.9742,1109,,,,,
2700,2.06977132622,20.7288263118,45.435523019,28.425,86.2998,16.2951,6610,,,,,
5400,2.71049598085,22.5926472747,44.6844210605,30.3593,87.9323,22.7058,9137,,,,,
6300,3.581241719,29.5177481501,42.865708846,37.6149,94.3607,37.8062,8216,,,,,
4500,2.62132994495,24.0515224945,44.4675551003,31.8421,89.0189,23.408,1615,,,,,
1800,1.51978603489,17.3855202545,46.5489326054,24.9699,82.9677,10.6853,7232,,,,,
3600,2.04641272129,21.9728776998,45.7460984535,29.1064,87.1754,16.9449,6610,,,,,
6300,3.77590179712,30.7874561277,42.6011784271,38.7809,95.5956,40.9422,9137,,,,,
5400,2.64239222969,21.175054836,45.5440676572,28.7878,85.6575,22.3351,1615,,,,,
8100,6.87608970191,38.1425072257,38.1634240032,48.7137,106.4917,82.0071,1109,,,,,
2700,1.94913788652,18.6643105889,46.1511399618,26.2342,83.9865,14.6996,7232,,,,,
7200,3.96115391249,31.4656202346,41.5413647041,40.0835,96.8296,42.1893,8216,,,,,
4500,2.70594403766,22.4646407192,44.9525880977,30.0351,87.6103,23.5538,6610,,,,,
3600,1.9261111943,20.7266165342,45.7575785411,27.9772,85.5202,16.048,7232,,,,,
7200,3.77905291667,28.8163874825,42.9853476801,36.7443,93.5175,38.0898,9137,,,,,
6300,3.84692446327,31.3303407824,42.3482888688,39.4138,96.2383,40.5076,1615,,,,,
5400,2.75239961426,21.9247821593,45.3593230806,29.3998,86.6326,22.6862,6610,,,,,
8100,7.23961904718,41.1523892385,37.246002017,52.2381,110.6085,90.7893,8216,,,,,
9000,7.14975401626,39.7176800613,37.2347279383,51.0707,109.3084,86.6276,1109,,,,,
4500,2.78195897261,23.0780753496,44.2232137148,31.054,88.7604,23.4053,7232,,,,,
6300,3.55960169289,28.5091863282,43.4089379096,36.1595,92.7748,36.6862,6610,,,,,
7200,3.83357553671,32.6480063699,41.6256101726,40.9261,97.9109,40.9244,1615,,,,,
8100,6.91545098464,39.405489022,37.7792931599,49.748,107.962,85.5093,9137,,,,,
5400,2.54809434005,20.5810323956,45.7740552028,28.0475,85.8385,21.0924,7232,,,,,
7200,3.80361561542,34.2222507499,40.8629600768,42.6609,99.6433,41.6356,6610,,,,,
9000,7.88527234097,44.6593843184,35.5894483007,56.2858,114.5076,103.7324,8216,,,,,
9900,9.32209134662,46.3212132285,35.3452252424,59.3353,117.7866,124.7324,1109,,,,,
6300,3.85501077526,31.4621583415,41.6851066174,40.2281,97.0616,41.4756,7232,,,,,
8100,7.2015870715,41.0562898281,37.2935655935,51.9397,110.369,90.2951,1615,,,,,
9000,7.57720828427,43.260909004,36.0328352799,55.3074,113.8615,96.4,9137,,,,,
7200,3.64663788436,32.1138611584,41.5064038486,40.8606,98.0201,39.0293,7232,,,,,
8100,7.49707267278,42.1063729923,36.2415755734,53.8914,112.305,95.3911,6610,,,,,
9000,8.03629281636,45.2540537929,35.6645554028,57.1693,115.4848,106.3538,1615,,,,,
9900,10.873014812,54.1368313239,33.2237488353,68.6816,127.1269,163.3947,8216,,,,,
10800,10.2696791209,52.9500280659,33.6131849919,67.291,125.7353,146.8196,1109,,,,,
9900,10.7979120626,54.2298621945,33.6099726171,69.7007,127.9492,160.2871,9137,,,,,
8100,6.76060428815,37.6781349416,37.9569892144,48.4171,106.8744,80.544,7232,,,,,
9000,7.84575309332,45.230209587,35.3709479944,58.2838,116.4819,103.7422,6610,,,,,
9900,10.3687223427,54.2887307994,33.900631279,67.9915,126.1692,155.9742,1615,,,,,
10800,10.7655438573,62.5516284819,32.3938872078,77.6548,136.0371,161.4311,8216,,,,,
11700,9.82354747708,56.4285837425,34.113548611,70.2893,128.9267,147.2924,1109,,,,,
9000,7.49574306352,40.2587516408,36.7686651161,51.4971,110.0174,93.3387,7232,,,,,
9900,10.9395716543,51.7686662463,33.6316254106,66.8395,124.9045,155.9947,6610,,,,,
10800,12.7442162837,74.1793656165,30.7280792893,93.1885,151.439,223.3876,9137,,,,,
11700,9.22621485337,55.6858232366,34.3517481686,68.7261,127.3274,132.0133,8216,,,,,
10800,12.6177173938,71.5980961478,30.9316038085,88.9914,147.179,216.8,1615,,,,,
12600,9.48843705095,52.2904152755,34.4520258511,66.2865,124.5666,133.5582,1109,,,,,
9900,9.28403347503,46.7590049919,35.4390864162,59.2199,117.5519,122.4356,7232,,,,,
10800,12.1597375612,62.2838943681,31.2138898949,80.1136,138.125,194.4427,6610,,,,,
11700,12.0483814581,84.5523058883,30.6673131541,100.9109,159.3099,209.0711,9137,,,,,
12600,10.1716884392,58.8601878387,33.9262561339,72.6205,130.9744,157.0249,8216,,,,,
13500,9.49236702861,48.2180971936,34.9189015314,63.0416,121.3895,131.1262,1109,,,,,
11700,11.6004440662,80.7421925653,31.7312108552,96.1753,154.6823,195.744,1615,,,,,
10800,10.493122562,53.3638458835,32.9530260313,68.3694,126.6027,150.7618,7232,,,,,
12600,10.2852484918,64.4799750516,32.5429791257,79.6601,137.9917,161.3716,9137,,,,,
11700,11.2942037964,76.231720192,31.2333448022,92.736,151.4667,191.1564,6610,,,,,
13500,9.76189812175,59.3555118255,33.7990258764,73.1873,131.5696,140.6151,8216,,,,,
14400,10.0541080779,57.7118577101,32.9945263618,73.4418,131.6739,150.9022,1109,,,,,
12600,10.7242468626,72.1312408857,32.4654429157,87.4186,145.9196,172.8844,1615,,,,,
11700,9.29238590759,55.5155528907,34.0985952832,69.1864,127.5755,132.6462,7232,,,,,
13500,9.81440189867,59.6674112406,33.1091974022,74.7332,133.1193,146.2613,9137,,,,,
12600,10.696878583,66.4132277081,32.1259199392,81.8756,140.4353,171.464,6610,,,,,
15300,7.91144678193,47.5880292284,35.9025657081,61.6731,119.5036,102.1351,1109,,,,,
14400,9.65047341728,51.14094178,34.5753913648,64.8815,123.0878,139.8773,8216,,,,,
12600,8.37481950248,42.9351863983,35.7576986997,55.5357,113.9531,107.0213,7232,,,,,
13500,9.53294713087,55.6225520144,34.1645082552,69.2375,127.5989,133.4818,1615,,,,,
14400,9.36678720541,55.5307460329,34.2480005949,69.1789,127.6136,133.1618,9137,,,,,
13500,9.90374063082,65.2989237842,33.070955283,79.4451,137.8702,153.7538,6610,,,,,
16200,7.51756327969,37.8849297826,37.2941601739,51.3109,108.8959,93.504,1109,,,,,
15300,7.72018307336,46.7663598242,36.3359198701,60.154,118.0853,95.9013,8216,,,,,
13500,8.6352226204,43.2740387526,36.0051060676,56.2621,114.5861,111.0276,7232,,,,,
14400,9.79501398146,53.6260753293,34.3281749072,67.2661,125.2774,144.648,1615,,,,,
15300,8.40393348642,46.886265297,35.4324169454,61.3178,118.948,113.1156,9137,,,,,
16200,7.30542686417,39.3481570843,37.1722421528,52.787,110.1878,90.7342,8216,,,,,
17100,7.37893243025,38.6442307861,36.7210780124,52.695,110.4548,89.9236,1109,,,,,
14400,9.53238058042,58.5819773693,33.8432350908,71.6046,129.8663,143.0524,6610,,,,,
14400,9.41173320587,50.3562423826,34.8238354741,64.5394,123.0117,135.304,7232,,,,,
15300,8.40880517981,48.8353634232,35.945450952,62.4991,120.4233,115.8791,1615,,,,,
16200,7.08207897122,37.9601409824,37.3450431641,51.4596,109.065,87.2444,9137,,,,,
17100,5.7802592097,28.6470785629,40.5294667407,39.3586,97.3136,57.7058,8216,,,,,
18000,6.27842397017,29.6709230229,39.864549449,40.9191,98.6863,63.832,1109,,,,,
15300,8.50611262375,51.2421294886,35.436824472,65.5856,123.4002,116.8516,6610,,,,,
15300,7.98754488826,50.5898143599,34.7995753964,66.2333,124.3408,104.5307,7232,,,,,
17100,7.39650526544,40.0086475103,36.6987904529,53.7659,111.5147,90.5671,9137,,,,,
18900,5.17636843375,28.6137903126,40.6646756519,39.3201,97.1466,51.1262,1109,,,,,
16200,8.11526818855,41.245738652,36.3940191719,55.3208,113.0644,103.9342,1615,,,,,
18000,6.47648664738,33.3426683118,39.0500844327,44.5991,102.3187,70.5796,8216,,,,,
16200,7.61247290218,39.8514575547,37.6119145827,53.742,111.0408,96.8933,6610,,,,,
16200,5.75179719407,30.383748248,40.102252765,41.4478,99.148,57.5609,7232,,,,,
18000,6.14196588035,31.2975221798,39.7819370975,42.7497,100.3132,63.2658,9137,,,,,
19800,4.89215159422,26.8659463186,41.2675996174,37.1071,94.9527,46.1956,1109,,,,,
18900,5.40366067438,27.7867771008,40.9308201392,38.1713,96.1745,53.3191,8216,,,,,
17100,5.9640108674,32.3183689016,40.0385366808,43.6316,101.1546,63.0133,1615,,,,,
17100,7.24203290024,38.2759059344,36.8423198405,51.9268,109.9111,87.8427,6610,,,,,
17100,6.16921330838,29.7040260943,40.0869015779,41.0452,98.8944,63.8587,7232,,,,,
18900,5.46885134632,28.234972146,41.0669819389,38.8347,96.503,52.8204,9137,,,,,
20700,5.02144956944,26.5222933446,41.8840375689,36.5847,94.4727,46.9644,1109,,,,,
19800,5.28479814615,27.5761260976,41.4039993445,37.7919,95.5416,50.0942,8216,,,,,
18000,6.02581864574,30.8174304597,39.9545961906,41.4744,99.3997,62.9396,1615,,,,,
18000,6.18977461985,30.6070279962,39.6014876314,41.9202,99.3628,63.7796,6610,,,,,
18000,5.82896896849,30.985360094,39.663405989,42.0886,99.7676,59.5902,7232,,,,,
21600,5.16519646967,27.4949118325,41.6012428022,37.6117,95.3166,49.704,1109,,,,,
19800,5.16210840113,27.2380246879,42.3929484719,37.0083,94.6562,49.36,9137,,,,,
20700,4.82895983746,25.7639940262,42.2146864336,35.8726,93.3529,45.2898,8216,,,,,
18900,5.46755292716,28.1853905996,41.0805743006,38.3838,96.3177,53.9644,1615,,,,,
18900,5.21264089447,26.3273655319,41.5808290979,36.9006,94.465,48.8622,6610,,,,,
21600,5.18300872163,27.0755884929,41.6811367729,37.2776,94.8756,49.1004,8216,,,,,
20700,5.02918751469,26.505168631,41.8473088143,36.4119,94.1959,46.7493,9137,,,,,
18900,5.29746032086,27.4067212403,40.9961174213,38.1651,95.958,50.3387,7232,,,,,
19800,5.02862148538,25.3107537821,42.4577338081,35.2498,92.9022,46.648,1615,,,,,
19800,5.34783047419,29.6568098939,40.6226495377,40.0806,98.3213,53.5209,6610,,,,,
21600,4.98103271223,27.6042582836,41.4145844825,37.5967,95.5898,47.4258,9137,,,,,
19800,5.08370983936,27.5217615858,41.0582589602,37.9632,95.7894,48.6809,7232,,,,,
20700,5.14363468392,26.7571756463,41.6091223226,36.783,94.4112,47.9582,1615,,,,,
20700,5.16777081756,27.1489010591,41.5712549135,37.1267,94.7925,50.2293,6610,,,,,
20700,5.35982090968,28.7051558279,40.5698825645,39.4136,97.2412,53.2311,7232,,,,,
21600,5.19214077349,28.5069800858,40.95917691,38.767,96.5181,50.1396,1615,,,,,
21600,4.83036613519,26.3443737742,42.0921983488,36.0527,93.7779,44.1813,6610,,,,,
21600,5.02966499463,27.4757283101,41.2529697118,37.8308,95.5081,48.2844,7232,,,,,
900,1.35777248946,15.4408954734,48.5760152597,22.2433,79.6645,9.5156,4104,,,,,
1800,1.43057020981,17.7415981174,46.2713717672,25.2572,83.4724,10.5253,4104,,,,,
900,1.3972399503,16.1372402006,47.3797067994,23.2016,80.82,9.5031,2451,,,,,
2700,1.94930512539,19.3085773928,45.751605884,26.9404,84.9168,14.6924,4104,,,,,
1800,1.46764817229,18.1705419041,47.0341543479,25.6523,82.7845,10.5707,2451,,,,,
3600,1.91103169829,22.4563441809,45.1563203966,29.6987,87.6249,15.7084,4104,,,,,
900,1.33133904779,18.1801666139,46.6691198746,25.5699,83.5053,10.0249,3039,,,,,
2700,2.00362778915,21.2790880737,44.5546940706,29.4059,87.7358,16.24,2451,,,,,
1800,1.57209219129,17.83164665,46.5644445203,25.1254,83.1483,10.9369,3039,,,,,
4500,2.63837160198,21.3167433413,45.6234754858,28.853,86.1717,22.7636,4104,,,,,
3600,1.88303815232,19.5322921001,47.1304996676,26.2119,83.661,15.2462,2451,,,,,
900,1.28095805918,15.9000167732,47.7295743982,22.9534,81.0773,8.424,7748,,,,,
2700,1.91592266568,21.1607086368,44.6212934235,29.2403,87.5274,15.6649,3039,,,,,
5400,2.61767774537,21.3126401115,45.4716154282,28.747,85.829,21.2267,4104,,,,,
4500,2.52628887772,25.6626817898,43.6730358769,33.6407,90.6951,22.4516,2451,,,,,
1800,1.4970621016,19.2137022347,46.2030928573,26.4818,84.3108,11.8836,7748,,,,,
3600,1.907753891,21.0999017678,46.2031294126,28.4308,85.9891,15.3733,3039,,,,,
900,1.23788004556,15.8535438991,48.4655086387,22.7359,79.9522,8.6018,7753,,,,,
2700,2.06682767499,19.7973806349,46.0072665794,27.4228,85.4325,15.9289,7748,,,,,
6300,3.65401562494,28.1712034144,43.1286691752,36.083,92.9648,37.4782,4104,,,,,
5400,2.6109164276,23.8997828681,44.1258811214,31.6811,89.0491,23.2702,2451,,,,,
4500,2.7238482613,20.7397045157,45.8482256818,28.3185,85.4387,22.0436,3039,,,,,
3600,1.90885827308,20.7742968191,46.3253222288,27.7137,85.1871,15.8827,7748,,,,,
1800,1.63440797584,20.3745183534,45.1433994107,28.3372,86.364,12.6782,7753,,,,,
7200,3.73209296586,31.9559305199,41.3294058843,40.5761,97.506,39.3484,4104,,,,,
6300,3.77595644922,29.3272803824,42.6301448408,37.4345,94.1928,39.9813,2451,,,,,
900,1.41558944039,16.9302211202,47.6217311375,24.1858,81.4803,9.7333,5732,,,,,
5400,2.75707317769,23.3455832143,44.8236068164,31.1286,88.1961,23.4133,3039,,,,,
2700,1.96218345717,19.0779060565,45.3266414293,26.8632,85.271,15.0427,7753,,,,,
4500,2.43734509139,21.918113388,45.0869451256,29.5105,86.8544,19.808,7748,,,,,
1800,1.51624711619,19.1039226846,46.653560975,26.1766,83.3712,11.6142,5732,,,,,
7200,3.84538193245,31.6179615929,41.5982410815,40.1083,96.7854,41.1502,2451,,,,,
3600,1.8741122427,24.5346357613,45.1909566874,31.4062,89.7761,16.5191,7753,,,,,
6300,3.79445985266,30.6584971834,42.7214274946,38.6797,95.7414,40.9511,3039,,,,,
5400,2.83614478374,21.7807199391,44.857794588,29.7492,87.174,23.5191,7748,,,,,
2700,1.71078062959,17.3779868924,46.3877190372,24.7891,83.0105,12.3413,5732,,,,,
8100,7.32677532147,41.0261972782,37.2251486603,51.9596,110.279,92.4569,4104,,,,,
4500,2.54269162477,20.6647321588,45.4389438843,28.387,86.0479,20.6124,7753,,,,,
3600,2.03257137721,24.0914935608,44.3140790921,31.4966,89.7606,17.824,5732,,,,,
7200,3.84518261917,30.3645136392,42.1134438348,38.6659,95.6234,40.8222,3039,,,,,
6300,3.62784060584,29.8563267322,42.672476357,37.9263,94.9624,38.6809,7748,,,,,
8100,7.39327454475,40.7386313604,37.1733441738,51.9884,110.0676,93.3458,2451,,,,,
5400,2.55053450124,22.2984913844,45.222226963,29.9907,87.177,21.6427,7753,,,,,
4500,2.58531846071,23.6028690822,44.1171924252,31.492,89.0546,22.576,5732,,,,,
9000,7.59509904169,43.0586567602,35.6614541948,55.176,113.7027,95.888,4104,,,,,
7200,3.51110512104,31.0665175224,42.4545309736,39.499,95.8783,38.1902,7748,,,,,
6300,3.37375817618,30.4703760712,42.4628994614,38.8446,95.5414,36.1964,7753,,,,,
5400,2.72351947604,22.9675233136,44.297346592,31.1241,89.0403,23.0151,5732,,,,,
8100,7.1196756874,38.7593801742,37.8216252889,49.306,107.5959,86.6524,3039,,,,,
9000,7.97020733563,45.842198937,35.6810700647,57.7448,116.1568,108.1218,2451,,,,,
7200,3.88890036392,28.6894131548,42.5910960284,37.121,94.2331,39.3564,7753,,,,,
8100,6.60840324991,38.1181278638,38.7882584964,48.3695,106.8032,78.6098,7748,,,,,
6300,3.76008428023,31.2688502729,42.2557669147,39.7093,96.4689,40.1431,5732,,,,,
9900,9.07897491801,45.6535104048,35.6237859841,58.1041,116.2079,116.9262,4104,,,,,
9000,7.58620683151,40.9450626927,36.5276620187,52.6746,110.8554,95.6044,3039,,,,,
7200,3.73256985482,29.818408327,42.5952287434,38.2107,94.6545,38.1929,5732,,,,,
9900,10.5017811898,59.0115722943,32.7365809705,74.9745,133.5429,161.6382,2451,,,,,
8100,6.77523347869,37.8050425348,38.4066708799,48.2826,106.4613,81.9298,7753,,,,,
9000,7.43092603633,41.0118190446,36.7625115388,52.3929,110.7084,91.6009,7748,,,,,
10800,10.9316823534,54.2657480827,33.0237608015,69.6235,127.7832,163.4756,4104,,,,,
9900,10.3099255017,51.7770014635,33.7760594842,65.4368,123.8172,149.896,3039,,,,,
8100,6.72372857779,39.3986012739,37.9848069363,50.044,108.0922,83.3556,5732,,,,,
9000,7.42277501613,42.8506061746,35.9714887401,54.7018,113.097,94.6036,7753,,,,,
9900,9.48233747731,46.7035785715,35.3652537904,59.3556,117.5086,127.7742,7748,,,,,
10800,11.7719081912,62.4271407248,32.0269959653,79.3577,137.579,192.4684,2451,,,,,
9000,7.80031889999,42.9142698541,35.9709560796,54.874,113.5073,98.3156,5732,,,,,
11700,11.5383624491,66.1525423538,31.4569473909,82.8471,141.356,187.3289,4104,,,,,
10800,12.1011894913,68.4789722415,32.3892421696,83.8449,141.8105,194.1378,3039,,,,,
9900,10.2426314245,48.3813731125,34.4480817872,61.2881,119.7322,144.8151,7753,,,,,
11700,10.5024839497,67.2946362181,32.0749982717,82.8427,141.2008,166.1618,2451,,,,,
10800,12.0449625252,64.9271750817,31.3438699787,81.4269,139.815,200.9164,7748,,,,,
9900,10.2434283698,49.7903513191,34.2285777946,63.9087,121.9281,139.4569,5732,,,,,
12600,9.81976616406,58.2509488085,33.5088916671,72.3274,130.7473,144.5787,4104,,,,,
11700,10.8413685692,70.6540669809,32.5437163444,85.2833,143.6661,178.5636,3039,,,,,
10800,11.7301528062,67.9840161845,31.9707432276,82.878,141.3476,194.4604,7753,,,,,
12600,9.97915738813,57.1762144038,33.8556017684,71.6745,130.082,146.4862,2451,,,,,
11700,11.5926383025,80.6984296293,31.3412346346,96.7365,155.2295,191.248,7748,,,,,
13500,8.94208335006,51.2900477894,35.3782555679,63.1413,121.6367,124.0124,4104,,,,,
10800,10.0230545537,51.9063013018,34.0223001181,65.7139,124.118,141.4604,5732,,,,,
12600,10.9376018144,71.6077315281,31.8918019066,87.7052,146.0496,178.7467,3039,,,,,
13500,9.64065195742,55.1301453878,34.2301111555,68.4105,126.7168,140.9911,2451,,,,,
11700,12.0265309766,85.2642815567,30.6579091812,102.2956,160.7698,207.8649,7753,,,,,
12600,10.0940614802,62.4925466687,33.4649381961,76.629,135.015,150.5022,7748,,,,,
14400,9.26596974611,48.4405185491,34.5659410111,62.1865,120.3006,125.12,4104,,,,,
11700,9.87886376101,55.3183144862,33.2888421564,69.6956,127.9104,140.5964,5732,,,,,
13500,10.1659407289,68.5046200188,33.4884845569,81.8825,140.6005,164.2364,3039,,,,,
14400,9.45830324594,54.5695735468,33.8587359793,68.4164,127.0021,136.8436,2451,,,,,
12600,10.637584896,73.5686006059,32.602964465,88.7589,147.226,172.3502,7753,,,,,
15300,7.51821255131,44.6207554516,36.0421197617,58.7187,116.5375,94.3324,4104,,,,,
13500,9.58488503516,59.908800694,34.0529868872,72.7363,131.0293,145.5796,7748,,,,,
12600,9.2511305909,49.89675166,34.8668599542,62.6208,120.984,131.2187,5732,,,,,
14400,10.2354045084,68.4780281912,32.5988935718,82.9883,141.6692,160.1707,3039,,,,,
15300,8.15109089875,46.5938571316,36.1376184043,60.1471,118.13,108.9982,2451,,,,,
16200,6.81656421852,32.6154271849,38.7895673568,45.2385,102.9075,75.0213,4104,,,,,
13500,10.0731328885,64.8320563997,33.7431294565,79.1785,137.6414,153.4631,7753,,,,,
13500,8.97189160833,52.2836732853,35.0787695739,64.692,123.0163,124.0542,5732,,,,,
14400,9.31480051612,52.646985272,34.4105961726,65.6506,124.1189,132.68,7748,,,,,
15300,8.31064032089,54.6385620393,35.3193371859,69.1382,126.9983,113.6267,3039,,,,,
17100,5.71482377889,29.1639698035,40.4780015596,40.0259,97.6626,57.6044,4104,,,,,
16200,7.7095463615,40.1325008252,36.8100842373,53.8424,111.5154,98.2853,2451,,,,,
14400,9.80702289819,56.2931511447,33.9527120304,69.86,128.237,149.5458,7753,,,,,
15300,7.69528231456,45.2653664925,36.4980876252,58.9561,116.6519,99.0702,7748,,,,,
14400,9.18045066985,50.2296900117,34.1017248888,63.1553,121.37,130.0213,5732,,,,,
18000,5.77676991458,27.6639284138,40.7881454844,38.3403,95.5247,56.7467,4104,,,,,
16200,7.3150006617,37.6953155096,37.7174600236,51.0108,108.6792,90.408,3039,,,,,
17100,7.37387122433,39.1391867353,36.9719263159,52.9646,110.6137,90.2133,2451,,,,,
16200,6.38267198234,32.65326861,39.0019921378,44.6588,102.411,70.3049,7748,,,,,
15300,7.91262327182,47.1325567282,36.0804383403,60.4933,118.3737,103.9769,7753,,,,,
18900,5.24147824281,26.7576623023,41.7758445569,37.081,94.7142,49.3422,4104,,,,,
15300,7.80151507105,44.2967824707,35.9712476315,57.8724,115.899,99.6507,5732,,,,,
17100,6.71055659044,38.3756888317,37.2431939816,51.8428,109.5782,80.0533,3039,,,,,
18000,6.07835259178,29.4408210907,40.2417605501,40.2718,98.0049,62.2444,2451,,,,,
17100,5.72973117959,27.8592266836,40.7285363249,38.9747,96.8681,54.8987,7748,,,,,
19800,5.28719016185,28.6677884781,40.8077968068,39.1094,97.1259,51.5671,4104,,,,,
18900,5.07734548407,26.6507298234,41.5394598914,36.8234,94.4065,47.5378,2451,,,,,
16200,7.19350095136,37.4307001242,37.5952785471,50.2126,107.9007,87.6924,7753,,,,,
16200,7.36120549876,37.3913457274,37.5084751162,50.3937,108.0318,90.392,5732,,,,,
18000,5.85274686854,27.358984557,41.3109366257,37.8828,95.4355,56.3947,3039,,,,,
18000,5.62520571483,28.1842275492,41.1785883798,38.7879,96.3275,55.7084,7748,,,,,
20700,5.06583539007,25.7733199273,42.0875376937,35.7994,93.5592,46.7253,4104,,,,,
19800,4.87312621078,25.3221670936,42.5958715332,35.0743,92.6982,44.1422,2451,,,,,
17100,5.87742537539,27.9618819371,40.7233243944,38.8326,96.5937,57.8747,7753,,,,,
18900,4.95001026848,27.8032864156,41.4390787065,37.7517,95.4421,47.4053,3039,,,,,
17100,6.96553076716,35.8180658534,38.1078928891,48.8465,106.346,79.776,5732,,,,,
18900,5.29822696572,28.2741786134,41.1909591385,38.5098,96.2978,52.0587,7748,,,,,
21600,5.3243937827,26.9207882085,41.5075787614,37.1335,94.8622,51.0498,4104,,,,,
20700,5.00367331143,26.1439120274,42.3579772061,35.865,93.2647,46.1253,2451,,,,,
18000,5.56251435256,29.2390842918,40.6382080013,39.8481,97.4131,55.3742,7753,,,,,
19800,5.05861160509,25.3139626679,42.175138779,35.2037,92.7779,47.312,3039,,,,,
18000,5.59054425669,27.4910762071,40.8323600581,38.3766,95.9088,53.7973,5732,,,,,
19800,5.34029745082,28.2678748175,41.2389874391,38.6835,96.2907,51.7689,7748,,,,,
21600,4.80267795763,25.1751799362,42.597050729,34.643,92.4735,43.1698,2451,,,,,
18900,5.07974714819,26.8538683742,41.6727754893,37.0075,94.5926,48.3253,7753,,,,,
20700,5.06221104401,27.5127962166,41.4443937664,37.754,95.299,48.1964,3039,,,,,
18900,5.256625691,28.5146838979,40.6744405674,39.4016,97.7021,50.6142,5732,,,,,
20700,4.97405710268,27.1291717257,41.5599473372,37.0221,94.7809,47.9938,7748,,,,,
19800,5.03969499931,26.4002019134,42.2981475026,36.2556,93.6203,47.5049,7753,,,,,
19800,4.67785557429,25.4764945993,42.5220124308,34.8252,92.4255,43.9173,5732,,,,,
21600,4.81454932078,26.049119554,41.9132225152,36.3737,94.0572,42.9938,3039,,,,,
21600,5.26406353694,29.0744137281,40.3295221923,39.8742,97.7487,52.7804,7748,,,,,
20700,5.16004363792,28.0385941417,41.1827638971,38.5844,96.2864,49.4853,7753,,,,,
20700,5.10956413582,26.3178392051,41.9307862892,36.5363,94.3786,47.1022,5732,,,,,
21600,5.19508269378,25.9286225908,42.3326770945,35.8146,93.2664,48.6036,7753,,,,,
21600,4.91576447791,26.2358199215,42.1493235588,35.8729,93.5897,46.1938,5732,,,,,
900,1.40518330697,15.8770635693,47.3351256025,23.1168,81.0231,9.8453,3496,,,,,
1800,1.81310804223,19.9241757723,45.309221886,27.786,85.2719,14.5076,3496,,,,,
900,1.24532493776,13.6512535998,48.944825808,20.3309,78.0978,7.7511,2575,,,,,
2700,1.92862812054,18.10832476,46.3325412108,25.627,83.5124,14.4364,3496,,,,,
1800,1.40934913864,16.9962258714,47.1079889645,24.0994,81.7801,10.2053,2575,,,,,
900,1.34250338625,16.6522754912,47.2198130825,23.5532,81.4186,9.5689,4068,,,,,
3600,1.92754623036,22.8150906751,45.375552168,29.8961,87.9525,16.6382,3496,,,,,
2700,1.7954269815,18.9699444414,45.8231327027,26.6242,84.7358,13.7004,2575,,,,,
1800,1.62246045879,18.3278954438,46.5001261451,25.9893,83.1742,12.8231,4068,,,,,
900,1.25948618512,16.6764764769,48.2923603751,23.7902,81.3595,8.0187,1355,,,,,
4500,2.47858274078,22.8960931845,44.5440931955,30.5295,88.4709,21.0631,3496,,,,,
3600,1.97169527888,22.0056382441,45.5395471752,29.5379,87.5724,17.1556,2575,,,,,
2700,2.04203543062,22.9667699864,44.1919051714,30.9767,89.1047,17.5378,4068,,,,,
1800,1.44315364348,18.2204602653,46.2634430797,25.3742,83.2954,11.1769,1355,,,,,
5400,2.70528947466,23.5288023138,44.7415902547,31.1285,88.1902,23.9209,3496,,,,,
4500,2.65811330944,22.4763266053,44.6832695828,30.3799,87.852,22.1698,2575,,,,,
3600,1.89402262825,20.8577461575,46.0773411123,28.1059,85.7039,15.2604,4068,,,,,
2700,1.93541772799,18.7602529361,46.4425616168,26.1141,84.1141,14.5876,1355,,,,,
5400,2.62670683125,22.4395137083,44.9384615799,30.284,87.5209,22.0204,2575,,,,,
4500,2.7858896319,22.6584899239,44.8133398157,30.3985,87.8342,23.3724,4068,,,,,
6300,3.7734272277,31.464979454,41.9583848171,39.6826,96.9548,40.8071,3496,,,,,
3600,1.93500905445,22.5652651261,45.7870171851,29.4237,87.5614,16.7147,1355,,,,,
5400,2.65813877788,21.7663295877,44.7399734076,29.5599,87.0268,22.4729,4068,,,,,
6300,3.89895738108,34.7264345324,40.1340634792,43.4145,100.715,43.3467,2575,,,,,
4500,2.57513298595,21.5738994743,45.7310869012,29.1319,86.6565,21.4347,1355,,,,,
7200,3.55567025654,31.41871897,41.9214710332,39.6419,96.2609,38.0293,3496,,,,,
6300,3.66660800918,28.4124177633,43.2135303643,36.7089,93.6232,37.032,4068,,,,,
5400,2.77819304186,22.7539344635,44.7941931458,30.487,87.359,24.096,1355,,,,,
7200,3.76819897765,29.7840461334,42.4222129415,38.0711,94.5184,39.0098,2575,,,,,
900,1.35627267723,15.0797577199,48.1611022988,22.2237,80.1119,8.9947,4951,,,,,
8100,7.01969437847,38.2248382837,37.9732774243,48.8544,106.8177,87.0178,3496,,,,,
1800,1.61056475213,18.2336793392,46.5989135192,25.4713,83.0479,11.6693,4951,,,,,
7200,3.57289384234,29.9312484,42.6051749376,37.8926,94.6441,37.6676,4068,,,,,
6300,3.88232701471,33.7679040187,41.4519178336,42.1766,98.949,43.1342,1355,,,,,
2700,1.84685937701,18.4960002177,46.1386941876,26.2047,83.8045,14.568,4951,,,,,
8100,6.87620256227,38.5058914014,38.0076786792,49.061,107.439,82.9244,2575,,,,,
7200,3.8500275495,30.5722552562,41.8833313243,38.9322,95.9462,40.7724,1355,,,,,
3600,1.8906004345,23.4896040822,45.0107239524,30.8014,88.3929,17.4116,4951,,,,,
9000,8.10404956213,46.708227495,34.9728537222,59.1829,117.6426,106.9804,3496,,,,,
8100,6.19090444444,36.6026225515,38.9293293592,46.392,104.6052,72.1689,4068,,,,,
9000,7.55280738752,42.4354891365,36.2796199896,54.5248,112.9236,96.9484,2575,,,,,
4500,2.71275323618,22.6722290956,44.7153779284,30.3775,87.862,22.2284,4951,,,,,
8100,6.99364557152,39.3064413107,37.87566387,50.0082,108.3204,85.3289,1355,,,,,
9000,7.91535011195,43.2852713163,36.4156617339,55.1812,113.456,103.2907,4068,,,,,
5400,2.74175083639,23.1607311067,44.4470186025,30.8824,88.4409,24.6276,4951,,,,,
9900,9.93538355548,50.9154446808,34.1377546874,64.5021,122.7183,138.3973,3496,,,,,
9900,9.90648990957,46.3007136222,35.1863902352,60.0302,118.1829,133.6809,2575,,,,,
6300,3.56216494988,28.6470612308,43.0335178414,36.6777,93.8069,36.3831,4951,,,,,
9000,7.80134128944,44.0627973378,35.9274313639,55.5051,114.0517,99.4231,1355,,,,,
9900,10.0733973686,49.9836111421,34.1486622375,64.7731,123.1192,138.1431,4068,,,,,
7200,3.7587999616,30.693421419,42.0039008805,38.9413,95.842,39.1307,4951,,,,,
10800,11.0995189987,62.9737444003,32.8456951022,77.247,135.4219,173.4213,3496,,,,,
10800,11.6269263534,65.5389386161,31.3408980254,82.36,140.8171,186.4702,2575,,,,,
9900,9.67111301704,46.797495695,34.8647958617,59.8866,117.8758,130.1547,1355,,,,,
8100,7.07087919378,39.4964959114,37.6464525506,50.4827,108.6015,89.1298,4951,,,,,
10800,10.3557276011,53.5367480605,33.939456918,68.6308,126.9706,150.8107,4068,,,,,
11700,10.5154042531,62.334640161,32.8447458012,76.8824,135.27,162.6516,3496,,,,,
10800,11.1495441785,57.3888499219,32.4706760781,73.2666,131.7307,164.0596,1355,,,,,
11700,11.3641727531,72.6299871682,31.3130489119,88.8918,147.3522,187.7378,2575,,,,,
9000,8.11224480842,44.9404503642,35.48248578,57.6925,116.0841,107.1404,4951,,,,,
11700,10.1780253091,58.7425347142,33.7928730232,73.2459,131.7154,150.4987,4068,,,,,
12600,9.36143736731,54.278975903,33.921705577,67.7926,126.1109,130.0818,3496,,,,,
11700,10.842771652,61.762703848,31.8263194738,79.9308,138.4298,165.2507,1355,,,,,
12600,10.1687672897,64.1818012308,32.8465992979,78.0965,136.4562,158.8987,2575,,,,,
9900,9.4955456188,47.9991838882,34.3239378514,61.9286,120.261,127.9289,4951,,,,,
12600,9.72516566974,55.5398809309,33.9181795463,70.1598,128.7095,143.0196,4068,,,,,
13500,8.59959979787,45.7689569895,35.6047916067,58.6507,117.0403,112.5484,3496,,,,,
12600,9.27813442846,48.7407470059,34.9277864721,62.1219,120.4729,128.9182,1355,,,,,
13500,9.75173894719,59.8256109331,34.3707459339,72.8986,131.2607,141.1493,2575,,,,,
13500,9.58912959258,57.1339938307,33.744155431,71.9417,130.3795,140.7484,4068,,,,,
10800,11.7786188085,61.4064676617,32.2477430939,77.5473,135.4446,182.9111,4951,,,,,
14400,8.30679695946,43.6539469571,36.0169163056,56.045,114.3273,106.8293,3496,,,,,
13500,9.79390808966,57.1461539115,34.0339798884,70.6396,129.1845,148.408,1355,,,,,
14400,9.0164778258,50.3434044817,34.6318728364,63.2466,121.9481,129.2436,4068,,,,,
14400,9.21372762782,52.7361401011,35.1663569848,65.9018,124.1294,129.8862,2575,,,,,
11700,9.79517481733,61.2722177219,33.1172440517,76.2054,134.704,143.1218,4951,,,,,
15300,7.65818368778,40.086311869,36.6050423005,53.2427,111.2061,94.9307,3496,,,,,
15300,7.46795370479,43.2009481249,36.541441288,57.368,115.3495,89.8133,4068,,,,,
14400,9.16706368721,52.5586660576,35.286155151,64.9544,123.2209,129.5502,1355,,,,,
15300,8.25742760407,46.2977470083,36.1216999073,59.7737,117.7053,110.6364,2575,,,,,
16200,7.6347938369,37.8538405895,37.6392613441,50.9351,108.3876,96.5902,3496,,,,,
12600,9.26971510378,52.2337941675,34.6259476426,65.9196,124.3434,127.1431,4951,,,,,
16200,7.38289924821,36.9134445902,37.7935918315,49.8554,107.6385,90.568,4068,,,,,
15300,8.05051669749,46.9652471645,35.7326267264,61.1121,119.1627,105.2178,1355,,,,,
16200,7.41269356219,38.2937842732,36.974423089,52.3367,110.1579,90.5867,2575,,,,,
17100,6.91255195801,37.490222928,37.586569887,50.8374,108.3228,81.1831,3496,,,,,
13500,9.73508184701,54.9902000602,34.1022575533,69.3016,127.6707,141.9129,4951,,,,,
17100,7.06358887552,37.0755217368,37.6261502045,50.2668,108.33,81.8684,4068,,,,,
17100,6.38056571725,30.8287346693,39.6742367973,42.2176,100.1972,65.4249,2575,,,,,
18000,5.93558964174,29.0455990882,40.3831810018,40.3551,97.9288,60.7164,3496,,,,,
16200,6.73879412827,33.4190383903,38.8208772391,45.6577,103.4446,75.08,1355,,,,,
14400,9.49007777636,51.7865514846,34.0267002979,65.9604,124.2078,131.1093,4951,,,,,
18000,6.04694108155,29.2213828923,40.5073600526,40.0379,97.5871,60.4924,4068,,,,,
18900,4.9586967036,27.7032148633,41.2201386548,38.1602,95.7388,47.0471,3496,,,,,
17100,6.00369283902,28.5200619409,40.7831644614,39.1559,96.6694,59.0604,1355,,,,,
18000,6.29746523977,31.6092313831,39.1744204896,43.2204,100.8183,65.2818,2575,,,,,
19800,5.20955933634,27.2564597667,41.4990306124,37.6065,95.4102,49.6151,3496,,,,,
15300,7.85410053566,41.8847249847,36.200789772,55.3016,113.0846,98.9147,4951,,,,,
18900,5.19452127829,28.1975974165,41.3132861831,38.4222,96.053,50.6604,4068,,,,,
18000,5.95188993649,27.8171233875,41.1972542966,38.3555,95.6128,59.696,1355,,,,,
18900,5.51175093132,28.5664395487,40.7450416329,39.0532,96.7761,55.2764,2575,,,,,
19800,5.06614847261,25.4201449664,42.1635478218,35.3406,92.9439,46.3831,4068,,,,,
20700,5.40259850426,30.791667929,40.4488334419,41.4667,99.2189,55.1431,3496,,,,,
16200,6.23440176899,29.5533489479,40.3137865983,40.548,98.1191,62.0053,4951,,,,,
19800,4.99491656191,27.5690728783,41.7773376768,37.1651,94.9635,48.3707,2575,,,,,
18900,5.07654131561,26.6989441516,41.7582965196,36.5877,94.2267,47.0613,1355,,,,,
20700,5.21894014547,27.0687983646,41.694738674,37.1575,94.8965,49.9547,4068,,,,,
21600,5.06758262151,26.4059397013,41.7216844817,36.5581,94.4236,47.8978,3496,,,,,
20700,5.27176201026,26.7446756027,41.8036807952,36.8263,94.4651,50.0987,2575,,,,,
19800,4.95989046895,26.525082246,41.7552545079,36.4987,94.3616,46.6213,1355,,,,,
17100,6.11637126088,31.7046306546,39.605512083,42.9531,100.5365,66.1467,4951,,,,,
21600,5.14878002453,26.9232048556,41.5701985238,36.743,94.6031,49.6222,4068,,,,,
20700,5.22403030549,26.1160733879,41.5869489241,36.2133,94.2901,48.4782,1355,,,,,53.2608695652174
21600,5.52807409573,29.8992007907,40.4252395738,40.4624,98.0215,55.6009,2575,,,,,
18000,5.96380790127,29.8963732085,39.9218393389,40.9085,98.4499,61.1191,4951,,,,,
21600,4.89682734881,25.7549728293,42.3086025516,35.244,93.3195,44.9564,1355,,,,,
18900,5.14046974929,27.0881745051,41.6953754222,37.1789,94.8158,48.5529,4951,,,,,
19800,5.31669406841,26.5387565372,41.5452426924,37.3394,95.2642,49.7387,4951,,,,,
20700,5.27456051598,27.6580156237,41.3009217579,37.8806,95.7097,50.6889,4951,,,,,
21600,5.17076198241,26.9240284906,41.38853716,37.2098,94.9815,49.0409,4951,,,,,
