time,density,stop_time,speed,delay_time,travel_time,mean_queue,seed,
900,4.81944838926,27.0458572925,41.9205129433,36.7872,94.4041,46.64,8041,
900,4.94312563603,26.5982310425,42.107618852,36.5567,93.8868,47.288,5098,
1800,5.73610198164,29.2674865822,40.8514119388,39.4822,96.8905,58.2373,8041,
2700,5.87528947879,29.0391536269,40.6313424002,39.8496,97.484,58.6347,8041,
1800,6.24843662208,37.2839913809,38.2717733467,48.46,105.8533,73.6044,5098,
3600,5.52540639051,26.9639258185,41.220540662,37.3128,94.8461,52.2631,8041,
2700,5.75129830491,27.8800852103,40.721217339,38.5421,95.9043,56.8844,5098,
900,5.20490130726,27.8283084154,40.899690076,38.5102,96.4465,50.4,1448,
4500,5.53090521625,25.1444948703,42.7938824349,34.4616,91.6911,50.7529,8041,
900,4.94042347213,26.0270942168,42.2073812286,36.1012,93.4578,45.9787,8704,
3600,5.37210184464,27.4365542859,41.410557476,37.9474,95.2301,51.9022,5098,
1800,5.33389826187,32.4552519365,39.9380587281,42.9216,100.4291,57.1538,1448,
900,5.00503563011,28.1410217852,41.4920811654,38.2583,95.7844,49.6347,3217,
5400,5.33511279816,26.0036415399,42.6365900365,35.2454,92.5711,49.3307,8041,
4500,5.11817165749,25.6654245554,42.984596784,34.5593,91.6839,46.992,5098,
1800,5.87963986983,35.9063499416,38.8699498086,47.528,104.8148,68.4542,8704,
2700,5.28786461046,26.4350948823,41.40709228,36.8848,94.4023,50.5698,1448,
1800,5.6657722677,27.3391789156,41.6299784034,37.3546,94.2867,54.8622,3217,
6300,5.5251894325,32.7685358783,40.4789564111,42.2833,99.351,59.3351,8041,
5400,5.1209523043,26.0959391812,42.5976800254,35.4636,92.7018,47.432,5098,
3600,5.2555313598,25.1675787685,41.9942079883,35.0659,92.7784,48.4436,1448,
2700,5.64303891564,29.3946593041,40.2703227336,40.4305,98.0053,56.4364,8704,
2700,5.43485718577,26.8735778502,41.2707119158,37.2795,94.9527,52.1262,3217,
7200,5.15923040392,30.2715649463,41.158057291,39.3151,96.4389,53.4009,8041,
6300,5.67036663163,31.2091795523,40.6154091581,40.9908,98.0825,60.2587,5098,
4500,5.10915590715,25.1997912693,43.0775449587,34.1802,91.4324,46.8373,1448,
3600,5.845280799,27.4973499851,40.7088630297,38.2708,95.9728,57.5769,8704,
3600,5.71977917575,28.3764323172,40.9421362468,38.631,96.0851,57.6373,3217,
8100,6.22585876102,33.2311359164,39.6601012035,43.2896,100.7542,67.9209,8041,
7200,5.88696634798,33.0388544937,39.705259284,42.8809,100.2375,64.5591,5098,
5400,5.55543389418,26.4820298421,42.3318651266,35.8389,93.0028,52.6276,1448,
4500,5.40253170667,26.8111260351,42.0186745435,36.4824,93.9018,50.3991,8704,
4500,5.22230994295,26.5130723155,42.4350751654,36.1331,93.3849,48.7191,3217,
9000,6.18887108423,34.8823402811,38.7716668191,45.3597,102.4694,67.72,8041,
8100,5.9107933232,34.0493978869,39.2477603508,44.7247,101.8752,64.024,5098,
6300,5.58840699388,32.0056476521,40.596961718,41.711,99.0552,59.6978,1448,
5400,5.52372004348,25.6633320738,42.7744240131,34.9994,92.1441,50.8942,8704,
5400,5.04177657947,26.0309299675,43.112601697,35.0242,92.4068,46.312,3217,
9900,6.07015539844,35.1998249626,38.6456943434,45.9725,103.4274,64.8782,8041,
9000,6.16450399132,34.0722418889,39.2387499026,44.2202,101.6344,66.6764,5098,
7200,6.07874922963,34.2588494554,39.3755010271,44.1403,101.5367,65.712,1448,
6300,5.64215286187,31.7734887634,40.3474713209,41.3866,98.4699,61.704,8704,
6300,5.50572815474,34.9139456568,39.9122051934,44.7525,101.8154,61.176,3217,
10800,5.71472693269,33.3705643971,39.4664684375,43.6651,101.0077,59.7289,8041,
9900,5.74551110035,34.2501532161,38.9453940715,44.6358,102.2474,62.1538,5098,
7200,5.87198588708,32.2820793357,40.2824438549,42.0204,99.3147,64.096,8704,
8100,6.10101304182,34.2586485794,39.0446711559,44.8529,102.0365,66.488,1448,
7200,5.77747577601,34.7573334072,39.2238165755,44.4978,102.0502,64.2027,3217,
11700,5.77631739414,31.6061341904,40.3100212742,41.0953,98.5049,60.0604,8041,
10800,5.84337435426,33.0336926735,39.4223836724,43.2242,100.6186,62.4764,5098,
8100,6.00342696963,32.4004085326,39.9117118759,42.5203,99.8717,63.6729,8704,
9000,6.09435355919,38.2578783832,38.3802211907,48.6825,105.6565,71.3449,1448,
8100,5.87125120915,33.2054421395,40.0389058229,43.1745,100.1289,63.7982,3217,
12600,6.07718496301,34.9327375189,39.3631139862,44.8608,102.1324,67.0071,8041,
11700,6.14694860165,33.6276595942,39.6248404522,43.4421,100.81,65.5902,5098,
9000,6.17921497951,36.1428722466,38.7910473259,46.5526,103.888,69.6284,8704,
9900,6.10119543931,35.0269028076,39.2195267127,45.0005,102.6597,66.8293,1448,
9000,5.87117946787,35.0551519277,38.7741821001,45.2747,102.5282,65.6196,3217,
13500,5.62186497989,31.0941536633,40.4064840527,40.6145,97.9589,58.5307,8041,
12600,5.91920068489,34.3383556528,39.2232272864,44.3045,101.5715,65.1547,5098,
9900,5.95567044495,35.0287488552,39.0472388946,45.4353,102.8176,65.4169,8704,
10800,6.23727781851,34.6227438296,38.6737696925,45.3997,102.2619,68.4773,1448,
9900,5.53096564321,31.3906960567,40.5797632238,41.217,98.5336,56.8969,3217,
14400,6.27886863152,34.8513661746,39.4310122568,44.582,102.0407,69.9173,8041,
13500,6.24966689532,35.2532193823,39.0547395902,45.2878,102.207,69.0587,5098,
10800,6.23019749252,33.2056282898,39.254457221,43.6482,100.8805,66.7529,8704,
11700,6.0691017632,33.7580378757,39.846381673,43.5478,100.7563,65.1796,1448,
15300,0.419178344178,35.9085059894,37.8225168375,45.1278,102.1744,3.7609,8041,
10800,6.12279814425,34.665371819,39.1792858397,44.7774,101.8731,66.704,3217,
14400,5.99230680478,32.8955499925,40.1535270593,42.5329,99.922,66.2862,5098,
11700,6.07508601407,34.1129765813,39.3340095867,44.0848,101.3783,66.0969,8704,
12600,5.97388313535,34.9717708006,39.0945366166,45.1794,102.3787,65.1342,1448,
11700,5.99945079363,34.7803830472,39.308919036,44.7434,102.1002,64.8098,3217,
12600,6.09474464385,35.2834763749,39.1125147094,45.2027,102.2843,69.7271,8704,
13500,5.55409534479,33.4425244208,40.0560529542,42.8492,100.3636,59.3556,1448,
12600,5.5450878148,29.6710040987,41.4946412703,38.4629,96.1019,56.5911,3217,
13500,5.87833368452,35.0567078247,39.4156231465,44.8809,102.235,65.16,8704,
14400,5.9566007091,34.2072788412,39.7660518364,43.632,101.0197,65.8569,1448,
13500,6.30174342699,37.8002664793,38.2428225912,48.0776,105.6447,73.8151,3217,
14400,6.27036905173,37.5412939437,38.9982394132,47.3461,104.7616,74.6204,8704,
14400,6.3319788983,36.1019943737,39.3996023342,46.1236,103.2681,70.3262,3217,
15300,0.526051717368,37.9114538926,37.0625625454,48.4707,106.7249,4.4284,3217,
900,4.81503213093,25.587939693,42.4803790435,35.3088,92.5758,45.3884,7961,
900,4.74493428693,26.1903576941,42.122251425,36.2657,93.7461,44.3431,2773,
1800,6.13808097431,37.2959121671,38.1719236381,48.3773,105.8934,72.0996,7961,
900,4.91008333773,26.0976115597,42.5091129353,35.6671,92.956,46.4987,6730,
1800,6.36412400833,38.2750901679,38.1352866833,49.9973,107.4776,75.4809,2773,
2700,5.85246825418,30.8358369569,39.9555394391,41.3953,99.2466,59.8107,7961,
1800,5.59844893608,28.8348583473,40.7280549801,39.4689,96.7382,55.6187,6730,
900,5.18331994524,27.7984634842,41.0183448658,38.0187,95.5343,51.9742,5448,
2700,5.86691707701,31.2180531854,39.2872348292,43.665,101.383,60.6293,2773,
3600,5.36077664534,26.1674086551,41.8295766681,36.2293,93.6556,50.9324,7961,
2700,5.42239520421,27.8412045058,41.3332920892,37.6913,95.2898,52.6311,6730,
1800,5.54350771211,32.4326969068,39.7303022827,43.1402,100.5521,57.832,5448,
4500,5.14908687367,26.1473843429,42.5300902343,35.3684,92.7126,48.2196,7961,
3600,5.36779398805,26.5270063346,41.5047933756,36.7195,94.5553,51.5689,2773,
900,4.97314146035,26.9029601074,41.7680649766,36.7008,94.2695,48.3769,4553,
3600,5.56792265188,26.6095841638,41.5590497423,36.8947,94.5587,52.432,6730,
2700,5.91508537223,30.8609839688,40.2548366236,42.0011,99.3664,62.4578,5448,
4500,5.59370935849,28.0681329299,41.6965486183,37.8698,94.9721,53.4747,2773,
5400,5.21029498711,25.3326302039,43.0910659298,34.3918,91.861,47.1796,7961,
1800,6.12178318845,31.7732767117,40.1432587916,42.9581,100.1636,65.9804,4553,
4500,5.34140901123,25.2129555341,43.0930607549,34.3874,91.6621,48.5609,6730,
3600,5.50920179887,28.843017232,40.9440354919,39.0197,96.2997,55.0364,5448,
5400,5.14438055283,25.8882064343,42.7144660722,35.081,92.2269,46.9733,2773,
2700,5.85934978668,32.2130062265,39.5585810148,43.0403,100.3581,61.616,4553,
6300,5.5440596733,31.5536411001,40.7469088372,40.9621,97.8598,59.5538,7961,
5400,5.49935471732,26.2427772693,42.481320644,35.6444,92.7656,51.5858,6730,
4500,5.42300328868,26.1635694501,42.7896245552,35.2142,92.2512,51.0498,5448,
6300,5.6323483334,33.1986658779,39.8539067944,43.3331,100.631,62.4649,2773,
3600,5.42044228611,28.519622285,41.0592553935,38.6756,95.9868,53.4338,4553,
7200,5.50517572421,31.898426987,40.2196540857,41.5179,98.7482,57.9253,7961,
6300,5.44374518402,32.9441116879,40.471008388,42.5382,99.6621,59.344,6730,
5400,5.37792838267,25.3810290123,42.8423988875,34.69,91.7729,48.9831,5448,
4500,5.17935683892,25.9296217376,42.9464799257,35.1759,92.2419,48.176,4553,
7200,6.01233376978,31.6398879743,40.2409221775,41.519,98.5787,64.4418,2773,
8100,6.10311952596,33.8368649443,39.4870926044,44.0514,101.3791,66.8684,7961,
7200,5.76706525072,33.9458171925,39.5149320802,44.1313,101.6137,62.5093,6730,
5400,5.07154013837,25.1050508127,43.1066296359,34.4077,91.5375,46.3396,4553,
6300,5.83879670366,31.9699858017,40.5648878559,41.3754,98.6036,64.4969,5448,
8100,6.07124922311,36.4746704678,38.9394510235,46.5509,103.8507,69.4596,2773,
9000,5.76596357485,32.7283284914,39.993361625,42.4785,99.645,61.3013,7961,
8100,5.62868931568,32.526878343,39.9309251379,42.6861,99.8819,60.408,6730,
6300,5.95668756537,35.7301915641,38.8310807556,45.9959,103.2249,67.584,4553,
7200,5.91173248309,31.3905361282,40.5321863255,40.9639,98.2588,63.3404,5448,
9000,5.66854179475,33.7955113898,39.3646345291,43.8786,101.0945,60.4018,2773,
9900,6.24226438842,35.6664062483,38.9120696531,45.8526,102.794,70.5591,7961,
9000,5.81996739927,33.3495024055,39.7637553138,43.3844,100.2762,62.4293,6730,
7200,5.72918814446,30.1841468917,40.8377544828,39.5893,96.6995,60.0311,4553,
8100,5.87554332861,31.4154408659,40.389359726,41.1897,98.7075,62.512,5448,
9900,6.49680738864,41.8179626317,37.6314751828,52.8894,109.9051,78.7511,2773,
10800,6.12796400365,34.5932538002,39.3422097788,44.7151,101.6438,68.7751,7961,
9900,6.23484205555,33.0199276235,40.0230038349,42.7597,100.0954,66.8009,6730,
9000,6.05958355664,35.4042533795,38.830974482,45.7974,103.0822,65.848,5448,
8100,6.09886325816,35.0596462197,38.8812066537,45.4617,102.8542,66.4213,4553,
10800,6.13478191486,35.1958051784,38.7820958439,45.677,102.9073,67.368,2773,
11700,6.05529914367,34.187438333,39.5476393039,44.2137,101.6341,64.0862,7961,
10800,6.08025884194,35.6189617138,38.6972286088,45.7647,103.3873,67.3547,6730,
9000,5.68897163879,34.0894076827,39.3149321475,44.1736,101.3311,61.8169,4553,
9900,5.87743949753,33.5503033581,39.8024090962,43.452,100.8211,63.6098,5448,
11700,6.17365694453,36.0761640911,38.7283619411,46.1536,103.5461,69.9333,2773,
12600,6.14323414338,34.6645243502,39.1612679195,44.9022,102.4423,67.2196,7961,
11700,5.91108275655,34.0421930133,39.6567207378,43.494,100.9482,64.0169,6730,
10800,5.72324253968,35.572828512,38.8651508509,45.7745,102.9885,62.1164,5448,
9900,5.95671614718,34.570547971,39.2573061153,44.945,102.2506,63.8418,4553,
12600,5.91996193791,32.5181058528,40.3463742257,42.0206,99.3063,64.2667,2773,
13500,6.27546783517,37.12087855,38.8490578735,47.3815,104.7355,70.8436,7961,
12600,6.07005242004,36.6162753737,39.1901928644,46.2064,103.2914,69.3902,6730,
11700,6.08516451523,38.3933652608,38.4046715339,48.3743,105.8159,70.8071,5448,
10800,5.84502479378,32.3506165047,39.8303451448,42.5796,99.7589,60.0978,4553,
13500,6.52394666806,37.6898267089,38.2393982917,47.8547,105.2524,73.9387,2773,
14400,6.05400488764,31.6303412793,40.5236629719,41.1836,98.7479,63.7733,7961,
13500,5.92382153468,33.8817613358,39.6975175427,43.4993,100.783,63.6542,6730,
15300,0.520440372084,37.8771448746,37.8016735038,47.0765,103.8997,4.9387,7961,
12600,6.07506008827,34.5519974079,39.2279656445,45.0022,102.1105,66.5956,5448,
11700,6.11052332369,35.1141389988,38.9899842503,45.0016,102.7005,68.648,4553,
14400,5.93154351559,32.9277329466,39.5558133358,43.0346,100.2977,62.7796,2773,
14400,5.66799405432,32.6260846035,39.6579369865,42.7453,99.7865,60.872,6730,
13500,5.91589518212,32.5517095748,40.0950214453,42.1748,99.4852,61.7298,5448,
15300,0.458892876145,36.2855588064,37.507390969,46.5271,104.3627,3.4693,6730,
12600,6.14187413612,35.1429551076,39.564026879,45.0477,102.16,65.8418,4553,
16200,0,-1,-1,-1,-1,0,6730,
14400,6.34879961518,45.602923626,38.0252747053,55.8727,113.2393,80.1973,5448,
13500,5.90046619366,33.4286030609,39.7668887045,43.1199,100.8568,61.6258,4553,
14400,5.65731248878,34.1828028048,39.721884622,43.8674,101.0294,61.8311,4553,
900,5.05609653543,26.9033133103,42.1595743865,36.7275,94.2845,48.9173,7521,
900,4.94026597019,26.1194476813,42.0239631472,35.9084,93.0288,46.6844,2502,
1800,5.92145762971,36.1080767303,39.0093898594,46.8759,104.1733,69.0133,7521,
1800,5.47272407264,28.8731833707,40.6186372754,40,97.6689,55.5262,2502,
900,5.17055935203,28.0955389613,41.1081630681,38.9144,96.2699,51.7858,7544,
2700,5.80442783881,30.4510169071,39.9354367804,42.0762,99.8539,58.5591,7521,
2700,5.66209824163,28.8379571166,40.3188388025,39.8358,97.5064,56.1538,2502,
1800,5.75714325663,32.6669200635,39.6979372649,43.2194,100.832,60.7147,7544,
3600,5.56290055603,28.9741816613,40.6661113822,39.508,97.0319,55.7271,7521,
900,5.10830152712,25.8538316643,42.0360600985,36.0295,93.9226,49.2844,8503,
3600,5.46791240277,27.0057109685,41.2616593125,37.5039,94.9497,52.0987,2502,
2700,5.79260806752,29.0126637262,40.7233522558,39.6486,97.0939,57.1671,7544,
4500,5.65332597426,26.3946707624,42.3349708038,36.0676,93.2893,53.3653,7521,
900,5.15299552237,28.0226115259,41.8013274185,38.3295,95.4003,50.488,6834,
4500,5.37176634437,27.5643946452,41.7103011442,37.2139,94.7161,52.1316,2502,
1800,5.65895086023,33.9640589423,39.6111534145,44.16,101.5808,64.3191,8503,
3600,5.61980164778,28.1202203468,41.2180050675,38.2294,95.5868,55.9209,7544,
5400,5.17880251479,23.99381168,43.708035218,33.1185,90.1752,45.864,7521,
1800,5.42045218514,27.5917515227,41.4446605742,37.8008,95.155,53.3191,6834,
5400,5.33716108485,25.7797495508,43.2532787536,34.8781,92.0923,48.2871,2502,
2700,5.41984444434,27.1246419361,41.4885605596,37.0965,94.6116,51.0898,8503,
4500,5.35811486952,27.0349054388,42.1355802875,36.6005,93.8461,51.2507,7544,
6300,5.76127560872,30.2370085034,41.4409164484,39.2021,96.3301,61.5458,7521,
2700,5.45180226464,29.1673464797,40.775443462,39.8423,97.2892,54.6533,6834,
6300,5.58407630023,30.5212283264,41.1550232475,39.585,96.6251,60.216,2502,
3600,5.48633432941,28.3400992304,40.9550822562,38.8117,96.2184,53.9476,8503,
5400,5.53265938392,26.2832048362,42.7724348902,35.5568,92.6508,52.6978,7544,
7200,5.57818256265,32.1481754976,40.3655688406,41.7422,99.2627,57.2391,7521,
3600,5.34832388491,26.3790761517,41.782689828,36.327,93.7944,51.1173,6834,
7200,5.75384387285,32.3949963407,40.026411703,42.1505,99.4403,61.0631,2502,
4500,5.15684735983,25.2252986056,42.9455088304,34.3878,91.3733,47.5538,8503,
6300,5.63044241809,33.505884663,40.1710698811,43.2779,100.6552,61.144,7544,
4500,5.19734364661,26.0074554376,42.5470240106,35.3411,92.5482,47.3458,6834,
8100,6.0794857016,34.2005611151,39.6302165331,44.5516,101.8331,69.0373,7521,
5400,5.49153093433,26.7877265074,41.9432514832,36.4075,93.746,51.648,8503,
8100,6.28143772088,36.3402152687,38.5796867643,47.078,104.003,70.3636,2502,
7200,5.44180778485,30.1634907381,40.8153436011,39.4996,96.7587,56.272,7544,
5400,5.04681956722,25.3957913669,43.273770854,34.2888,91.5168,46.4276,6834,
9000,6.85388005895,41.8465007,36.4126199987,53.2278,110.6384,82.4169,7521,
6300,5.48869726961,33.0817864712,39.8017057645,42.8513,100.5568,59.6489,8503,
9000,6.00927406805,33.0530572902,39.8724488174,42.8011,100.26,63.4267,2502,
8100,5.76242482387,32.5270997175,40.5211709258,42.057,99.3967,61.6382,7544,
6300,5.90218321688,33.9858406227,39.6417158173,43.8508,101.0502,67.6347,6834,
9900,6.06931217616,32.6962459407,39.6571251504,42.8939,100.2062,64.8818,7521,
7200,6.05622175188,34.5763553365,39.7740268176,44.2515,101.5116,66.7627,8503,
9900,6.41038735986,35.6618626795,38.5806894323,46.1379,103.7329,71.9022,2502,
9000,5.89356097155,33.9019225345,39.6320906937,43.7989,101.2255,63.2747,7544,
7200,5.33227667624,30.9076572579,40.8268948339,40.0805,97.4481,55.5982,6834,
10800,6.04385804418,35.3558875849,38.8424581615,45.7524,102.8175,66.8453,7521,
10800,5.9640613413,33.5953079503,39.7621741229,43.6055,100.7104,63.3716,2502,
9900,5.88444764748,33.2908618685,39.5621921647,43.5363,100.8456,63.7733,7544,
8100,6.18561774377,32.7724807962,40.1451653602,42.7111,99.9844,66.3022,8503,
8100,5.42988910276,31.3542168174,40.6404663522,40.964,98.3711,56.9698,6834,
11700,6.09861826813,34.3264222077,39.2454583873,44.1607,101.9036,67.4231,7521,
11700,6.19370437367,33.5130725435,39.5779973572,43.4746,100.9433,66.2942,2502,
10800,6.05488309329,34.8051962266,38.8664556379,45.2704,102.1279,66.1867,7544,
9000,6.24807767085,37.1892222172,38.0845128822,48.0016,105.4209,68.6462,8503,
9000,5.67599731254,33.1334349114,39.7935422436,43.0212,100.4789,61.4898,6834,
12600,6.03181067319,34.2640854006,39.657349097,43.9009,101.5087,66.8676,7521,
12600,6.12624658917,34.4729988648,39.3000023706,44.3349,101.6339,68.1929,2502,
11700,6.16342055035,34.0602949218,39.2833593809,43.8795,101.4961,65.4507,7544,
9900,6.02586400288,34.2405052845,39.1206998716,44.2662,101.8275,64.2667,8503,
9900,5.80730193405,32.5807150581,40.0470634839,42.4097,99.6383,62.2302,6834,
13500,5.76368556583,32.1079817121,40.1054716938,41.4787,99.0204,59.9422,7521,
13500,6.1047869078,32.1108176948,40.0025031244,41.6602,99.0646,63.3529,2502,
12600,6.09800084796,33.9389561314,39.7008107564,43.4823,100.8258,65.9227,7544,
10800,6.13212356056,33.2605604427,39.2172229878,43.3956,101.1119,66.2382,8503,
10800,5.90077736424,33.24075577,39.9865444086,42.9435,100.2998,62.2116,6834,
14400,6.15271164318,34.5537554372,39.6124381314,44.5551,101.7485,67.8916,7521,
14400,5.89367243651,31.4968628175,40.5982542716,41.2106,98.376,63.4667,2502,
13500,6.10767510093,32.4759043123,40.1790475641,41.7182,98.8952,63.648,7544,
11700,5.87334191755,32.5284315937,39.7351355958,42.2444,99.5875,62.08,8503,
11700,6.45389880679,35.3131133936,38.6421159819,45.8216,103.4352,72.5982,6834,
15300,0.538767503515,38.6740779369,37.3604599242,48.614,106.1114,4.4276,2502,
12600,5.90567810352,31.8168871736,40.2522139331,41.5968,98.8704,62.1884,8503,
14400,5.92921846936,33.4978618889,39.548159958,43.3217,100.8414,63.9591,7544,
12600,6.33980417209,36.084164851,39.4942107232,45.777,103.3795,70.7022,6834,
13500,6.37336304524,36.9256325508,38.2766715128,47.4143,105.0059,71.5013,8503,
13500,6.61473472198,35.7110486956,38.8203553326,46.1327,103.445,73.5618,6834,
14400,6.37102664164,38.3062321082,38.5359525312,48.3855,105.5605,75.9644,8503,
14400,6.08099495008,37.1685522792,38.826913194,47.519,104.717,69.7484,6834,
15300,0.589548071952,51.6535597986,34.7038138417,60.4859,117.5578,7.7511,6834,
16200,0,-1,-1,-1,-1,0,6834,
900,5.23987490216,27.2998576107,41.9335769377,37.1817,94.5371,51.5733,7590,
900,4.92066046444,24.4263353864,42.5101826875,34.1562,91.4871,46.2898,6953,
1800,5.47985796717,27.7302143324,41.026906129,38.2472,95.5921,53.64,7590,
1800,6.54084353817,35.6908695033,38.8119349752,47.5201,104.6941,74.5271,6953,
2700,5.41680647967,26.0361660672,41.908544136,35.92,93.63,51.6667,7590,
900,5.30304050324,28.5226124612,41.2339684303,38.4269,95.568,53.1298,3144,
3600,5.09588236724,25.0120415819,42.3776950712,34.7662,91.957,45.9449,7590,
2700,5.5212571001,29.2690120533,40.6140170585,39.5718,97.2959,55.5262,6953,
1800,5.94395868336,30.3874079606,40.4331821348,41.077,98.4417,63.176,3144,
900,5.35932829465,28.5866283593,40.9856365302,38.8449,96.2181,53.2409,3885,
4500,5.33336923483,25.9742499127,42.4147129412,35.5787,92.9738,49.8782,7590,
3600,5.74866437293,27.37077424,41.2446347694,37.9531,95.2024,56.8222,6953,
900,4.57594922487,25.6295460809,42.8057855319,34.9989,92.119,42.7236,2478,
2700,5.62189230002,29.0808773258,40.2058682047,39.5116,97.283,56.752,3144,
1800,5.20827883121,27.0035971379,41.8933337972,36.7828,94.309,48.7529,3885,
4500,5.48257319758,27.6802615636,41.889212178,37.7206,95.3929,50.9893,6953,
5400,5.39663208096,25.8063146781,42.6196535571,35.0832,92.159,50.7067,7590,
1800,5.34508974104,27.1269205632,41.8629186465,36.8953,94.0236,51.7991,2478,
3600,5.70161166873,27.9283607528,41.3461057497,37.8816,95.4601,55.448,3144,
2700,5.41467034445,28.0078259729,40.9886508814,38.0475,95.4328,53.752,3885,
5400,5.01399495764,24.7218659483,43.4104130991,33.5762,90.6676,44.8071,6953,
6300,5.88689661667,35.3860292434,39.2141429936,45.6226,102.7196,66.6249,7590,
2700,5.26484070508,26.7685066257,41.751229439,36.686,93.9872,50.5796,2478,
4500,5.62325909945,26.7087195011,42.0972341999,36.4794,94.0486,53.6996,3144,
3600,5.58063585923,27.4479353429,41.7640585586,37.6823,95.2552,54.4933,3885,
6300,5.32648032167,31.7231427306,40.9740389928,41.3456,98.5159,57.0631,6953,
7200,5.7983372111,31.4918081602,40.3311913097,41.0134,98.3718,61.5236,7590,
3600,5.49568195376,26.7798326844,41.7693852656,36.7306,94.1518,52.6453,2478,
5400,5.13246975068,27.020677234,42.238184947,36.5639,93.6228,47.5449,3144,
4500,4.99447083244,24.6766460496,43.2380476852,33.918,90.7841,45.0418,3885,
7200,5.74222446334,30.9795531513,40.9307876264,40.2787,97.4578,60.1964,6953,
8100,5.80543581951,31.9531062764,40.4300648141,41.6821,99.1739,61.2711,7590,
4500,5.19012444193,27.2145648348,41.9813156536,36.834,94.2339,49.0782,2478,
6300,5.37009608878,33.1547214369,40.0120777154,42.7198,100.4005,57.5156,3144,
5400,5.49292317172,26.5161752599,42.3533527447,35.9682,93.3729,51.7298,3885,
8100,5.86720056734,31.572698765,40.2122727303,41.9743,99.0401,60.6764,6953,
9000,5.77720395629,32.5989245944,39.6506698275,42.7486,99.7974,60.8978,7590,
5400,5.09099143798,25.3212974885,42.8800684693,34.5233,91.6586,47.1938,2478,
7200,5.70249353297,30.9689575706,40.8519959542,40.1522,97.0277,60.4907,3144,
6300,5.84778332639,33.2586391942,39.7318939587,43.3555,100.3926,63.7493,3885,
9000,5.7055841438,34.5451606925,39.0637252121,44.5226,101.6924,63.3911,6953,
9900,5.85145075126,33.8814921665,39.4900779178,43.8011,101.7873,63.84,7590,
6300,5.53329854187,32.9562064606,40.0162802039,42.5797,99.8237,60.1004,2478,
7200,5.53180297279,32.4248246637,40.3225617617,41.8585,99.1492,57.7031,3885,
8100,6.18545011194,34.88982307,38.6647131586,45.4759,102.8775,69.056,3144,
9900,5.95330478068,32.573601556,39.8742984963,42.2976,99.6954,64.3342,6953,
10800,6.09276422815,34.767503116,39.1182396386,44.9853,102.0281,65.8969,7590,
7200,5.399443753,31.7238712799,40.6011630146,41.03,98.3066,57.8711,2478,
8100,5.71780819472,33.383179253,39.6147086543,43.3207,100.4735,62.8249,3885,
9000,6.02237138143,35.9596443909,38.7483505999,46.365,103.7596,66.4782,3144,
10800,5.63501779632,34.6377363316,38.7902096898,44.9497,102.4049,60.72,6953,
11700,6.09327526194,32.1448317801,40.3969210383,41.2634,98.8042,66.7582,7590,
8100,5.71028836707,31.3878961876,40.1832708671,41.2953,98.6167,61.192,2478,
9000,5.65421538848,34.1891511558,39.251968828,44.2685,101.5475,62.4027,3885,
9900,5.92270105933,33.1576225069,39.4071974284,43.3674,100.9702,64.0791,3144,
11700,6.5733072208,36.3985291226,38.9164628444,46.5486,104.0463,75.1547,6953,
12600,6.13532712188,35.4099216619,39.7787647826,45.2221,102.3342,65.9707,7590,
9000,6.02322386844,33.82154275,39.0838703902,44.1713,101.4642,63.944,2478,
9900,5.82030449095,32.8995730508,39.7855658593,42.9803,100.5036,61.9884,3885,
10800,5.93137228364,33.4107930991,39.3285378798,43.6153,100.8452,63.2169,3144,
12600,6.06497463387,34.664066108,39.5402066108,44.5872,101.7689,65.4471,6953,
13500,6.18826921507,33.6760606171,39.8235453183,43.3609,100.7334,70.1547,7590,
9900,6.1431385284,34.5167465293,38.7686912379,45.4295,102.9946,68.6996,2478,
10800,5.95495892366,32.3084464483,40.2483249249,41.9302,99.445,63.48,3885,
11700,6.19082784762,37.5158863373,38.8867609139,47.2476,104.6665,70.1716,3144,
13500,5.90320059193,32.5526339144,40.1175029639,41.8957,99.5173,63.4693,6953,
14400,5.77152350046,36.0591699831,39.1778268888,46.2451,103.4196,63.6631,7590,
10800,6.4658355438,36.7047458261,38.6163206031,46.9845,104.1336,73.1627,2478,
11700,6.00880399963,33.8070266515,39.7252424565,43.5203,101.1335,65.3618,3885,
12600,5.98906208156,31.333132562,40.9376698187,40.6131,97.5475,62.9004,3144,
14400,5.74433844128,31.9182717261,40.5426049057,41.0368,98.2209,61.7769,6953,
11700,5.97069045923,33.8631483447,40.0927246918,43.2635,100.7167,64.2027,2478,
13500,5.71853764231,32.3469882745,39.9123444172,42.0069,99.4379,60.2036,3144,
12600,5.95927946099,36.6445638241,39.5232201844,46.336,103.8164,68.1938,3885,
12600,6.25305186649,33.0856210291,39.8016775983,42.5842,100.083,68.9173,2478,
14400,5.83696376517,30.5529587228,41.0297611879,39.7585,97.24,60.728,3144,
13500,6.28953327194,34.3121781565,39.2477862,44.0006,101.6535,68.5076,3885,
13500,6.06457689879,35.7162395853,39.4200452995,45.576,102.939,69.2338,2478,
14400,6.17569522742,36.334621003,38.8439486013,46.4729,103.9151,69.9911,3885,
14400,6.14910372706,34.803354212,39.5130820437,44.8165,102.2045,67.4969,2478,
900,4.73174020587,25.905881812,41.9452331253,35.7064,93.0527,44.1147,1613,
900,5.13737862878,28.1811676678,40.8899105276,38.4769,95.7752,50.8187,4751,
1800,5.86343094045,35.7981579874,38.7560411917,46.7111,104.0393,68.8871,1613,
1800,5.28324586882,26.7125557192,41.5856075048,36.8284,94.2832,49.648,4751,
900,5.25221432563,27.4893787104,41.6011312175,37.5973,94.7237,51.3218,9334,
2700,5.47166711558,28.8709574286,40.6443998479,39.6054,97.2651,54.3022,1613,
2700,5.58981499804,27.0383345268,41.5485242902,37.4328,94.9725,54.5698,4751,
1800,5.46638947653,30.155765796,40.4340112125,40.6776,98.1221,56.0293,9334,
900,5.14775643438,27.0053419611,41.6974288365,36.9994,94.4367,49.9404,6555,
3600,5.68542907499,26.986612362,41.4212729421,37.3326,94.6253,53.9778,1613,
3600,5.61274257478,27.1053480805,41.3742908834,37.5019,94.5607,54.5138,4751,
2700,5.459420548,27.4689064859,41.1897433699,37.7823,95.097,52.2276,9334,
1800,6.07554385423,37.8869655218,38.3710465516,48.9321,106.394,73.6702,6555,
4500,5.27212274608,24.4569601495,43.1120149671,33.8003,90.7317,48.5902,1613,
900,4.99609179096,25.8655934636,41.9923912716,35.8663,93.2347,47.7564,8133,
4500,5.34687656438,25.4556380662,42.7498987662,35.0344,92.2521,47.3982,4751,
3600,5.34716902756,27.3880183729,41.3463356274,38.0217,95.7728,50.4151,9334,
1800,5.41601036605,25.9359589444,41.8070836703,36.0567,93.6695,50.5787,8133,
5400,5.32811210344,27.2316622731,41.9208800987,36.554,93.799,50.5396,1613,
2700,6.22289521983,32.6922277656,38.7297958045,45.5173,103.4687,64.9022,6555,
5400,5.15909289237,25.2240378695,43.1792693562,34.148,91.3735,47.5973,4751,
4500,5.39547967555,27.7633159241,42.2655913768,37.2595,94.3859,51.4987,9334,
2700,5.32958070986,26.6325436282,41.3379513046,36.6545,93.9597,51.0302,8133,
3600,5.54651793457,28.159643938,41.2266068976,38.182,95.5827,53.7813,6555,
6300,5.8137167887,32.7492808266,40.3693760763,42.3172,99.3443,64.664,1613,
6300,5.24306333057,30.2100695805,41.3403467992,39.3422,96.4916,55.6711,4751,
5400,5.34281384487,25.0927931765,42.9113198705,34.0649,91.4226,49.0178,9334,
4500,5.25841914641,26.2730072419,42.8356544279,35.722,92.6129,49.3902,6555,
3600,5.74600067178,29.1582668454,40.5065897874,39.6802,97.2139,57.6853,8133,
7200,5.81205126762,34.0996184377,39.2066335479,44.0794,101.2251,62.488,1613,
7200,6.00001864561,35.1147650581,39.2887490563,45.2093,102.2832,66.8124,4751,
6300,5.78777086289,32.3675745259,40.5294331479,41.6775,98.8795,63.4542,9334,
4500,5.17804281597,25.6309038949,42.5986219297,34.8771,92.1098,47.2018,8133,
5400,5.48527332036,26.7225801408,42.41172042,36.232,93.2952,52.4231,6555,
8100,5.65134284859,33.6227718987,39.9456828994,43.4494,100.9237,62.6507,1613,
8100,5.82867212732,32.4237322912,40.0429786043,42.3579,99.665,61.3689,4751,
7200,5.89805945916,33.395189391,39.5653835182,43.2617,100.2352,64.4489,9334,
5400,5.42630351723,26.0762643522,42.6299879336,35.1424,92.3983,51.1369,8133,
6300,5.8957600951,33.1227029355,39.7925473697,42.9681,100.1255,65.5093,6555,
9000,5.81690970235,33.4603345536,39.9350984655,42.9803,100.3415,61.8862,1613,
9000,5.89699912568,33.1820120406,39.8013623788,43.0778,100.2833,62.9244,4751,
8100,5.89499019768,33.2836303457,39.6025209095,43.5476,100.8165,63.2951,9334,
6300,5.53755932281,30.0481356407,41.8277431976,38.9293,95.6949,60.9458,8133,
7200,5.96411730696,33.524599533,39.681254552,43.2816,100.9049,66.472,6555,
9900,6.21462932262,35.7471483154,38.8979912934,46.1976,103.5536,71.1218,1613,
9900,5.94155049653,34.8097188346,39.0642299342,45.3601,102.5736,65.1822,4751,
9000,5.89686407378,35.1434082291,39.0737250453,45.2137,102.6514,65.0338,9334,
7200,5.53854591774,32.9856908287,40.1751637489,42.461,99.9414,57.9778,8133,
8100,5.6486607713,32.9438359621,39.629351611,42.8515,100.322,61.0444,6555,
10800,6.00704329314,34.6157759664,38.8866192712,45.157,102.2272,65.8009,1613,
10800,5.67959983802,32.6413971527,39.8736721729,42.2592,99.7396,61.5751,4751,
9900,5.93185510202,33.4081611024,39.3659604435,43.6066,101.0126,64.0311,9334,
8100,5.85520028311,33.2513286749,39.6929664749,43.1812,100.4928,63.9022,8133,
9000,5.98682493945,33.8076372059,39.2300899708,43.7521,100.9806,65.8524,6555,
11700,6.05021006159,34.7475254755,39.5107572131,44.4902,101.7871,66.4409,4751,
10800,5.76188328892,31.1929936884,40.4399650748,41.0079,98.2778,60.2622,9334,
9000,6.07487844751,32.2237299794,39.9936379785,41.9805,99.1552,64.7013,8133,
9900,5.75083697814,32.8552791927,39.948523363,42.8117,100.2157,61.6169,6555,
12600,6.34227658673,34.8296313961,39.1723720256,45.0519,102.7634,68.5076,4751,
11700,5.7365026116,33.5386138403,40.290915935,42.9425,100.3596,61.4987,9334,
9900,5.82918207384,32.3068700303,39.8476432179,42.0274,99.7662,62.1324,8133,
10800,5.92455136372,33.0073395215,39.957580515,42.8862,99.7678,62.9502,6555,
13500,6.18746896153,33.2933319251,39.9645256927,42.9145,100.1471,66.8364,4751,
12600,5.81924583292,32.0708104134,40.0482289899,41.9058,99.1073,62.3031,9334,
10800,5.83854388843,32.1541312113,40.2714128417,41.8901,99.1461,61.3582,8133,
11700,5.91235491337,33.357670944,39.920086465,42.866,100.3039,63.6587,6555,
14400,5.89018533228,33.8656032033,39.9574393425,43.7952,101.0271,63.5547,4751,
13500,6.40613139478,35.295790932,38.9781582587,45.5287,102.8649,71.2373,9334,
11700,5.80863185007,32.7253945653,40.0822737448,42.3866,99.6487,59.8933,8133,
12600,6.27634567537,37.0705890468,39.055034095,46.96,103.9868,71.7964,6555,
14400,5.93695673626,33.596998684,39.6436991546,44.0601,101.4539,62.8924,9334,
12600,5.65617247922,28.6299200123,41.5355512967,37.5171,94.8925,57.0169,8133,
13500,5.83570072173,32.7177914543,39.908918354,42.2209,99.7778,61.5564,6555,
13500,5.92492812576,34.0173460972,39.679051216,43.8221,101.1443,63.4107,8133,
14400,6.09532479396,34.7180942713,39.8292614283,44.448,101.882,67.2124,6555,
14400,5.92953151371,34.1741058426,39.8046532821,43.6754,101.1669,66.0053,8133,
900,5.27362323624,29.1504638748,40.7527988154,39.3092,97.0381,53.072,6421,
900,5.28056929553,26.8847796074,42.117206084,36.6206,93.4151,51.9884,5474,
1800,6.23962127871,36.2585736515,39.0347066123,46.851,104.1116,74.3671,6421,
900,5.06172435227,27.1169926344,41.3883348384,37.2007,94.8487,49.7929,2610,
2700,5.75877334389,30.4604728379,39.5554641115,41.3974,98.9802,58.6684,6421,
1800,6.06113622915,35.8584283888,39.0546967885,46.572,104.006,69.6702,5474,
1800,5.64863544184,28.4787916877,41.3427639773,38.6755,96.0711,55.9982,2610,
900,4.94189659846,28.0055166999,41.405738208,37.8411,95.6429,50.0871,3004,
3600,5.6395866007,28.9983383067,40.7871060667,39.5458,97.1158,56.2516,6421,
2700,5.62663556856,28.5497184149,40.6763062777,39.1756,96.7459,55.824,5474,
2700,5.87538329987,28.8648395255,40.6015320549,39.5178,96.8019,59.4498,2610,
1800,6.0020742866,34.8348816868,39.0568587316,45.8442,103.6143,66.152,3004,
4500,5.58478043922,25.9641243363,42.4919189225,35.5359,93.1731,51.7378,6421,
3600,5.3840086121,25.9400647432,41.4813239912,36.3916,94.021,49.5556,5474,
900,4.95303578438,24.2454837935,43.0236120093,33.6802,91.0284,45.5156,2072,
3600,5.56687288097,28.6553108515,40.56306994,39.6733,97.1066,55.3973,2610,
2700,5.18407244148,26.9086874899,41.8689060492,36.8928,94.0581,50.8311,3004,
4500,5.14969102718,25.5543681958,42.407359514,34.9134,92.3988,48.48,5474,
5400,5.38266147332,25.3919817666,43.0648906091,34.5301,91.478,48.936,6421,
1800,6.19082798294,36.4591685226,38.5361984599,47.6347,105.0867,72.8756,2072,
4500,5.57960652116,26.4432146575,41.9461144668,35.9191,93.7161,52.7404,2610,
3600,5.84582205396,29.827829684,40.239820356,40.5589,98.1096,59.4071,3004,
5400,5.06167895279,26.569269714,42.8074531683,35.5908,92.8456,47.3351,5474,
6300,5.90619898795,32.1588415537,40.2931884631,41.6176,98.8361,65.4471,6421,
2700,6.12507870535,35.2671253614,38.7448757292,46.7549,104.079,67.5013,2072,
5400,5.33809279658,25.3692424363,42.919777673,34.5785,91.8912,49.4178,2610,
4500,5.3518607041,26.1303117295,42.1475887415,35.6841,92.9973,50.3547,3004,
6300,5.6257135193,32.0861433741,40.3364621037,41.7736,98.5708,62.0062,5474,
7200,5.38558323852,33.2703293121,40.361685218,42.302,99.3432,58.5422,6421,
3600,5.49454722876,28.1010747768,40.923108911,38.5038,95.9404,54.5369,2072,
6300,5.68362386699,33.20533999,40.1129972505,43.2136,100.509,60.8969,2610,
5400,4.88641131016,25.1928118911,43.4059136356,33.9138,90.91,44.5707,3004,
7200,5.57304039105,32.9762445169,40.3482029521,42.6405,99.6671,60.4044,5474,
8100,6.02355782719,31.7039204135,39.8837847331,41.696,99.1639,65.2498,6421,
4500,5.22274092802,27.3372652063,41.9464706197,36.5928,93.8862,49.6569,2072,
7200,5.65334137601,33.7578610334,40.1620720085,43.5346,100.912,61.4836,2610,
6300,5.41089486375,29.0147654551,41.5077793472,38.2816,95.4533,56.6471,3004,
8100,5.77903450942,33.5774225334,39.4357536941,43.6752,101.093,62.8169,5474,
9000,5.84218431783,36.4531929686,38.7573239987,46.7412,104.2038,65.792,6421,
5400,5.38800548894,25.0164212092,42.8246703667,34.4387,91.7018,49.7947,2072,
8100,5.78293725323,34.1529482727,39.5050265292,44.4269,101.7192,61.4649,2610,
7200,5.43178763062,33.3322198352,40.2137147405,42.931,99.9298,58.2862,3004,
9000,6.29533174747,36.2668717196,38.5972225009,46.9345,103.9929,72.7307,5474,
9900,5.66241162665,33.9667241261,39.8196618585,43.9707,100.8766,59.4418,6421,
6300,5.70173102058,32.4955511579,40.1723823297,41.9208,99.4091,62.3653,2072,
9000,5.75983837237,34.3386875499,39.3224125936,44.5226,101.6871,62.0338,2610,
8100,5.80233148617,32.9708042793,39.5232109957,43.3123,100.429,60.8053,3004,
9900,5.95368193011,34.6849616097,38.6860618558,45.3794,102.6917,65.4151,5474,
10800,5.54925611101,33.4066767519,39.9142201485,43.2743,100.465,59.4356,6421,
7200,5.68691354234,35.6749371446,38.9753187113,45.7511,103.0334,62.5493,2072,
9900,5.9803923807,32.7862587263,39.4100217676,43.087,100.3827,63.4818,2610,
9000,5.87049521949,34.0594754123,39.5476425054,44.0442,101.5127,61.6373,3004,
10800,6.05722919822,34.144265858,39.3026214799,44.3975,101.4218,66.1387,5474,
11700,5.80218599011,30.7507896867,41.0395521329,39.9065,97.5557,59.3227,6421,
8100,6.14047153507,33.8251202332,39.1839281586,44.2586,101.4769,65.9929,2072,
10800,6.42521651644,33.6235937985,39.3779339297,44.2401,101.2778,68.7431,2610,
9900,5.70824066673,32.9771769207,39.9846526172,42.8264,100.02,61.04,3004,
11700,6.17200630336,34.0547331314,39.2811991563,44.0173,101.7732,65.7707,5474,
12600,5.95202720361,33.8897676163,39.699826748,43.5176,100.7332,64.9778,6421,
9000,5.83552987555,34.6370560205,39.1738412548,45.0467,102.1821,63.4569,2072,
10800,6.07104135215,36.8747231186,39.0695923127,46.9598,104.1887,71.0631,3004,
11700,6.44977509778,38.1698626316,38.8362725482,48.1089,105.5934,75.6356,2610,
12600,5.61185276057,31.0584980139,41.1489799685,40.4414,97.8905,59.0898,5474,
13500,5.84312122184,33.9598504826,39.5736372476,43.6212,100.9412,63.5733,6421,
9900,6.28397048871,35.9238393977,38.8346741057,46.2246,103.7911,71.3378,2072,
11700,5.79353275122,35.4864410595,38.9619880659,45.6537,103.034,62.2631,3004,
12600,5.70095018489,34.9568615561,39.6633015055,45.1304,101.9722,61.2978,2610,
13500,5.81697479291,33.939140951,39.6151893885,43.8385,100.8713,62.1636,5474,
14400,6.06451324362,33.9229468889,39.884676127,43.6499,101.2556,64.9538,6421,
10800,5.85438787297,32.1893990395,39.5866682329,42.5508,99.7899,61.4124,2072,
12600,5.91234980853,33.5640278187,39.7140453438,43.3997,100.9101,64.3671,3004,
13500,6.13185128957,36.0272956996,39.2804877216,45.8459,103.279,67.5484,2610,
14400,5.89300058714,34.0339169395,39.6023982084,43.7396,101.1872,66.24,5474,
11700,6.22047908256,37.0382041076,38.474391184,47.3984,104.8536,71.5227,2072,
13500,5.69209159767,32.8148422045,39.8489658295,42.3779,99.8669,61.7769,3004,
14400,5.7400631947,32.103695487,40.3761039501,41.6551,98.7471,61.6916,2610,
12600,5.94200223677,36.6336740966,38.9859155718,46.5814,103.8848,67.3547,2072,
14400,5.94659817815,33.5388472707,39.6611188795,43.5667,101.0186,63.8684,3004,
13500,5.85850850726,32.5644751647,39.8778305674,42.277,99.8252,63.0027,2072,
14400,6.13745376191,36.0910465576,38.6749896099,46.552,103.654,69.0027,2072,
900,5.09227038573,27.7677879223,41.7133089964,38.031,95.0419,49.1911,5694,
1800,5.58653391122,29.4622081254,40.824809566,39.6255,97.1132,58.984,5694,
900,4.91202484027,25.4050554742,42.6247334898,34.7176,91.9048,46.4169,7861,
2700,5.71298517497,28.789971083,40.7172800804,39.5216,96.7394,58.9227,5694,
1800,5.61742952052,28.790462129,41.0156944195,38.866,96.4094,55.48,7861,
3600,5.23892898617,26.4362436657,41.7670097487,36.4911,93.9278,49.2364,5694,
900,5.05040749668,26.4481084386,42.0735072563,36.1551,93.5489,48.6462,9258,
2700,5.69902902028,28.9983284351,40.8962134672,39.4475,96.7506,58.8969,7861,
4500,5.10612705799,27.0956278936,42.0146856857,36.6612,94.1654,47.7476,5694,
1800,5.55635607215,27.3222703719,41.0315192479,37.7121,95.4719,54.4889,9258,
3600,5.54406149062,27.1387058898,41.1829666183,37.4843,94.9862,53.7067,7861,
5400,5.2656695775,25.8876955568,42.8568859113,34.9475,92.0421,49.4311,5694,
900,4.98821000267,26.462406599,42.006067466,36.2755,93.5114,46.888,4321,
2700,5.73992989472,31.2331115284,39.6870678782,42.2387,99.8462,60.8587,9258,
4500,5.57426598733,26.8405969722,41.9878969649,36.261,93.8731,53.0791,7861,
6300,5.49495716323,30.4573616451,40.8596061114,40.0141,97.1313,58.4827,5694,
1800,5.70230814211,32.4741169355,39.8214351111,43.2668,100.9022,60.688,4321,
900,5.2440149663,28.5501148823,41.2033755206,38.9927,96.3208,51.5218,9156,
3600,5.37186778131,25.906317055,41.7988229272,36.0735,93.6415,52.0249,9258,
5400,5.72377807211,27.8814109818,41.9413762849,37.5471,94.7197,55.128,7861,
7200,5.19100507145,32.0899562989,40.217382604,42.027,98.9955,54.1111,5694,
2700,5.96418552803,30.8621625232,39.5832738889,42.2828,99.5555,63.4169,4321,
4500,5.18851673244,25.5787856567,42.732781572,34.6936,91.9924,47.2676,9258,
1800,5.99551445852,34.4651760713,39.2353285853,45.2262,102.581,68.488,9156,
6300,5.77518877329,35.0056489196,39.7103004431,45.1139,102.1482,64.4853,7861,
8100,5.71968763235,32.9469247596,39.8141341266,42.8201,100.1212,63.1662,5694,
3600,5.55545536401,27.1414338775,41.5267115016,37.1063,94.4299,54.6258,4321,
5400,5.24666886273,25.5318851498,42.8556803059,34.8366,92.1849,47.1102,9258,
2700,5.83840974292,29.9012596366,40.4260700797,40.6854,98.3214,58.8124,9156,
7200,5.45747321538,31.2455920206,40.6377977436,40.5963,97.9408,56.8347,7861,
9000,6.02437701296,32.01261911,39.7829302581,41.765,99.0198,64.2551,5694,
4500,5.34925549444,26.7841744013,42.0447858476,36.2428,93.695,50.9147,4321,
6300,5.76166860027,32.105986584,40.4444132143,41.4053,98.7964,63.7476,9258,
3600,5.45961300856,28.3802931566,40.504422418,39.0905,96.8546,53.2516,9156,
8100,5.60951129742,33.5649724699,40.0972918791,42.9332,100.1089,62.2827,7861,
9900,6.11752634521,33.7985784949,39.544361712,43.9677,101.0842,67.3236,5694,
5400,5.32735184329,26.5056117404,42.5195786599,36.0522,93.3948,48.6916,4321,
7200,5.54486073832,32.2054705782,40.4587862059,41.5774,98.922,58.7796,9258,
4500,5.35383225349,26.1893997181,42.5929988852,35.7289,92.9086,49.4427,9156,
9000,5.76822686793,34.6126955858,38.9358230272,45.1036,102.6992,60.792,7861,
10800,5.74605069442,32.9949903994,39.6865614889,43.0671,100.2938,61.5218,5694,
6300,5.45022767773,32.0948760407,40.5300575094,41.7128,98.7695,58.4951,4321,
8100,5.70872426601,33.0142781042,39.7159614766,43.1107,100.5005,61.2453,9258,
5400,5.07601460747,26.2481898024,42.5830398598,35.5159,92.8643,47.1369,9156,
9900,6.08391666112,34.1590385206,38.932616645,44.6603,102.2987,65.4649,7861,
11700,5.70133326839,33.1694893043,39.7028822632,43.0643,100.7449,60.1947,5694,
7200,5.69714503942,32.3370164012,39.5927092978,42.2467,100.0454,60.3884,4321,
9000,5.92189409398,33.1001018752,39.875441907,42.8301,100.142,63.224,9258,
6300,5.79129224577,34.6120380616,39.380419105,44.8775,102.1596,63.5058,9156,
10800,5.86713208702,32.3867885136,39.7423361679,42.5792,99.7833,61.4196,7861,
12600,6.05429281824,34.3567913761,39.3422142067,44.4944,101.7575,64.6551,5694,
8100,5.92137787625,34.6458224138,39.0809998305,44.9659,102.2857,65.4889,4321,
9900,5.73449230258,33.2220078219,39.4474885591,43.2677,100.8701,61.8053,9258,
7200,5.52938709964,32.792025401,40.0435624143,42.6679,99.743,58.6738,9156,
11700,5.53131753711,32.8820244352,40.314650067,42.1424,99.3767,59.816,7861,
13500,5.62924706735,32.7445512213,39.9834004059,42.4844,100.1928,57.7529,5694,
9000,5.93705487478,32.8156180505,39.5527352228,42.7257,99.9709,63.5991,4321,
10800,5.65755210902,31.3711944842,40.3248425903,41.0604,98.7845,59.3227,9258,
8100,5.9575042172,33.6288991318,39.506590358,43.9082,100.9944,64.1627,9156,
12600,6.14518174941,35.7591251532,38.7762119605,45.7068,103.1774,69.6622,7861,
14400,5.5854644201,33.4121564512,40.3055788186,42.7773,99.8487,60.6969,5694,
9900,6.15941675783,36.0325465705,39.2296904421,46.2351,103.4524,68.072,4321,
11700,6.319754113,35.8768687208,38.8572850298,46.2346,103.2516,71.5564,9258,
9000,5.86442992149,35.1626153685,38.9546553753,45.3585,102.7777,65.3449,9156,
13500,6.24883333691,34.2419146151,39.4252185389,43.9334,101.1512,67.8187,7861,
10800,5.96965902889,33.2066703168,39.4610186088,43.5387,100.4521,64.8062,4321,
12600,6.04234143967,37.0997346292,38.5761817605,47.5207,104.9175,67.3173,9258,
9900,6.2519729708,33.7280796191,39.4476798534,43.916,101.343,65.216,9156,
14400,6.1364430147,33.8586567095,39.85190819,43.4225,100.5072,67.2258,7861,
11700,6.43988837976,35.0523746938,39.2071585934,44.9484,102.4063,72.1333,4321,
13500,5.94683830067,32.9293880229,39.9052914677,42.847,100.3052,62.2089,9258,
10800,6.32442685226,34.3550076221,39.0408962673,44.7604,102.218,70.2,9156,
14400,6.05039952323,31.4511059077,40.5069104513,40.9669,98.5265,63.2347,9258,
12600,5.81564562641,32.1758388092,40.2344898079,41.8769,99.0878,61.4124,4321,
11700,5.79330678371,33.1022064932,39.8142887145,42.4672,100.074,62.4524,9156,
13500,5.76397785931,32.3938644943,40.2101677251,41.7241,99.0325,61.1476,4321,
12600,5.76263888329,34.9866147303,39.8183807844,44.4885,102.0066,65.4142,9156,
14400,6.05507079644,33.9473753053,39.7799618439,43.6393,100.9279,65.9547,4321,
13500,5.92491929764,33.2554352002,39.8118913655,42.8053,100.4517,64.3191,9156,
14400,5.66055685607,31.422076079,40.7505465695,40.7756,98.1708,60.1618,9156,
900,5.16609539043,27.6004452699,41.373254394,37.8245,94.9816,51.0871,8458,
1800,5.77737338047,27.5942306604,40.818063858,38.3611,95.8122,57.0231,8458,
900,5.18269576519,27.336766568,41.6979893767,37.796,95.3446,50.4231,8261,
2700,5.54798639854,33.0119566044,39.5862315532,43.8969,101.6305,61.0507,8458,
1800,5.90121174457,36.1482963918,39.2835788093,46.7726,103.9447,69.8364,8261,
900,4.82709544131,25.7032790303,42.2616317739,35.5603,93.0716,45.7378,1760,
3600,5.47454427883,28.3942984028,40.7567435434,38.6768,96.0107,54.0507,8458,
2700,5.41567333497,27.8696590991,40.8800882404,38.4649,95.82,52.336,8261,
1800,5.9087232207,32.6505273772,39.5051848387,44.1577,101.5579,66.2756,1760,
900,4.96622628823,27.5585682456,41.7725968974,37.7534,94.86,48.8418,6165,
4500,5.48716921511,26.3981313391,42.5818333935,35.8082,92.9711,49.6409,8458,
3600,5.58126519418,27.3523865472,41.6746744185,37.3709,94.7424,55.112,8261,
2700,5.59882864788,29.639292857,40.3552211544,40.513,97.8874,55.3547,1760,
1800,5.54141142209,29.5670136507,40.5466968946,40.0945,97.5024,55.7653,6165,
900,5.1266469386,27.5298638951,41.6083090764,37.7797,95.1745,51.1716,8736,
5400,5.47176779488,26.4218057233,42.144846499,35.8849,93.0281,51.8907,8458,
4500,5.57069172803,28.1945472141,42.0906557691,37.8625,94.9643,53.5244,8261,
3600,5.85211849763,29.0709326361,40.7028729072,39.3495,96.7709,58.9209,1760,
2700,5.78734748559,29.3905510892,40.5699641641,39.9832,97.3488,59.5796,6165,
6300,5.54691994479,31.1260028069,41.1492206102,40.2628,97.4787,60.064,8458,
1800,6.08375866016,32.2535508249,39.3714309221,43.185,100.7575,66.4036,8736,
5400,5.31007972254,27.0830729698,42.5918545804,36.3767,93.5995,49.4427,8261,
4500,5.13761860436,25.4398377309,43.0611510563,34.5436,91.9604,46.3218,1760,
3600,5.16321677635,25.5795057889,41.971629872,35.6472,93.1837,47.688,6165,
7200,5.76449447749,32.7379655802,39.8130741488,42.3163,99.652,61.5644,8458,
2700,5.51487386095,27.1951946424,41.4002124852,37.3557,94.7447,52.3333,8736,
6300,5.53144020349,32.2095705992,40.1290839557,42.0692,99.5671,61.5893,8261,
5400,5.15913621669,25.2218465695,42.7422997009,34.532,91.89,46.7849,1760,
4500,5.68197737816,27.7542750692,41.7524760868,37.5664,95.0646,53.856,6165,
8100,5.66315345024,31.4670466399,40.543820248,40.9051,98.1991,60.8631,8458,
3600,5.60952433259,26.8676411513,41.2538314368,37.1085,94.6403,53.7716,8736,
7200,5.38541032346,32.6960035468,40.2780793652,42.2179,99.3119,55.8107,8261,
6300,5.5253808654,32.0497412767,40.3625225869,41.5455,99.0658,59.9804,1760,
5400,5.57580179052,26.5061010117,42.3093518786,35.9657,93.0865,52.104,6165,
4500,5.28683447686,26.5339642747,42.5074847425,35.8684,93.0356,50.7271,8736,
9000,5.88066080371,33.5417207018,39.8506706888,43.2979,100.4162,64.7342,8458,
8100,5.73782463322,32.8742246031,39.3594410597,43.3852,100.544,62.8204,8261,
7200,5.63875649399,33.5670954971,39.5772585475,43.9351,100.8259,60.224,1760,
6300,5.494860276,32.9790798857,40.0872739443,42.5001,99.7183,61.0533,6165,
5400,5.1913200928,25.5379579296,42.7818458275,34.7435,92.0113,47.7867,8736,
9900,5.89483025325,36.2512850444,38.7839526695,46.5165,103.4912,64.656,8458,
9000,6.38736892008,35.5640727862,38.4508841456,46.5485,103.5745,71.1244,8261,
7200,5.77972344695,34.8443352111,39.0431837489,45.1189,102.2254,64.9911,6165,
8100,6.05148017552,32.8482723422,39.8084759183,42.9647,100.4717,65.2364,1760,
6300,5.62236855001,33.9436259377,39.5945321554,44.1133,101.2856,63.1787,8736,
10800,6.16486093911,31.9468997161,40.2727352364,42.1363,99.3213,66.3422,8458,
9900,5.85845160341,34.1915852362,39.0642412226,44.6395,101.9267,62.6969,8261,
8100,6.01202043776,33.8866982807,39.1956520449,44.2639,101.7272,66.2764,6165,
9000,6.00319512886,32.919319989,39.5627681017,43.12,100.3821,64.4249,1760,
7200,5.43649726436,31.7839825461,40.9139390406,40.8579,98.196,57.1262,8736,
11700,5.85281565768,30.9121400693,40.8483480534,39.9969,97.5723,60.1342,8458,
10800,5.77785797102,32.4958341587,39.8117171041,42.4917,99.7316,61.6951,8261,
9000,5.96552084502,35.1544411036,38.6522125858,45.9729,102.9136,66.8204,6165,
9900,5.96558190985,35.3885321485,38.4483424373,46.393,103.9875,65.088,1760,
8100,5.59430785776,32.7073120888,40.4618334932,41.9855,99.2663,60.7796,8736,
12600,6.05383638535,33.3694372795,39.9082894715,42.9838,100.1433,65.6462,8458,
11700,6.38337733312,33.6012340559,39.8925403045,42.9777,100.4564,68.6418,8261,
9900,6.00812705706,31.930992319,39.8059577038,41.926,99.3483,65.2142,6165,
10800,5.84636593999,35.5269676102,38.5673935588,45.9618,103.2988,64.8756,1760,
9000,6.05553032808,34.9040572348,39.1085346838,45.1329,102.5102,65.4604,8736,
13500,6.09925553973,36.9487393296,39.1348397741,46.9235,104.2973,68.2916,8458,
12600,6.13813280964,37.0134602052,39.0019606892,47.3634,104.547,69.6836,8261,
10800,5.84140772227,32.4695375237,39.88475736,42.3622,99.451,60.8871,6165,
11700,6.39772929869,33.0701550364,39.8050053962,42.8873,100.2638,67.7396,1760,
9900,5.85645479086,33.301137523,39.5513310626,43.2798,100.7962,62.1378,8736,
14400,5.96689529847,33.9085903971,39.9709934072,43.4847,100.5865,65.984,8458,
13500,6.01439985039,34.7313103351,39.3467892544,44.4349,102.0455,66.1431,8261,
11700,6.24144578814,33.2310351161,39.5197419876,42.81,99.9854,69.1876,6165,
12600,5.15644123871,30.0133784325,41.4521255533,38.8672,96.4122,53.8827,1760,
10800,5.88286629401,32.0840174345,40.2518641705,41.7844,99.209,63.192,8736,
14400,5.71809660149,31.5675360059,40.3718599025,41.0436,98.297,59.9973,8261,
12600,5.84321227025,33.9244997592,39.8526894269,43.7702,101.1312,61.4782,6165,
13500,5.74098282439,32.0239793379,40.3370419854,41.4424,98.6554,60.2453,1760,
11700,6.31510394883,34.9762455926,39.2346299192,44.9359,102.3176,69.8373,8736,
14400,5.70248209389,31.4012337211,40.6134476767,40.7748,97.8544,59.8142,1760,
13500,5.95788421323,33.7204855914,39.5415497926,43.6149,100.9439,62.4676,6165,
12600,6.0077534598,32.0227084841,40.3246968146,41.6534,98.5324,64.1271,8736,
14400,5.89502707429,33.3659896002,39.6676178544,43.124,100.333,64.888,6165,
13500,5.77240232863,34.8867367992,39.302302425,44.9314,102.3012,63.2658,8736,
14400,5.85049435639,31.0098491404,40.5963688749,40.5905,97.8401,61.8498,8736,
900,4.90229531085,29.1272094682,41.4039738997,38.693,96.401,50.0489,4755,
1800,5.55102911558,30.2447779135,40.6345559845,41.2198,98.3431,57.1138,4755,
900,4.64947828451,24.6023650328,43.1047855964,34.1664,91.3996,43.0631,4153,
2700,5.61764496558,30.999187593,40.5303273542,41.7363,98.9866,59.9858,4755,
900,4.80740605188,27.2524432407,41.6071470737,37.0656,94.5728,46.6062,1486,
1800,5.90843804766,36.110534015,38.9163370784,47.0075,104.115,70.5973,4153,
3600,5.38961610634,27.5542514338,41.4942972416,37.5976,94.9539,52.7538,4755,
900,5.09619876648,26.8144707445,41.7355577267,36.8925,94.6703,50.9956,2456,
1800,5.81743541348,37.0525779065,39.2349782716,47.5605,104.89,69.2658,1486,
2700,5.60981979163,28.8582729953,40.8170405714,39.3684,96.8969,52.9591,4153,
4500,5.10587783554,24.9492705698,42.9583054427,34.3652,91.4346,46.7707,4755,
2700,5.523030148,28.7620636942,40.5467969032,39.8264,97.227,53.928,1486,
1800,6.10286602723,36.2886792843,38.5600238694,47.3769,104.7007,72.2364,2456,
3600,5.61349827328,27.5152199087,40.586223815,38.9126,96.5163,55.2756,4153,
900,5.00748489278,26.2040879662,41.938998079,36.4256,93.9918,48.0453,4339,
5400,5.10090658279,24.6558261523,43.7137787099,33.5575,90.4325,46.648,4755,
3600,5.49160831782,27.9156903764,40.9344148638,38.3877,95.849,52.7609,1486,
2700,5.53590712663,29.0784010841,40.7464617312,39.5035,96.7247,54.32,2456,
4500,5.35136254611,27.8908734759,42.0583716111,37.6132,94.7601,51.1422,4153,
1800,5.67441138984,34.5214163578,39.362065366,44.9866,102.7109,64.4427,4339,
6300,5.74288626114,31.4818770123,40.7004111445,40.7055,98.118,63.2489,4755,
3600,5.63939015636,28.1210296951,40.9234781016,38.3762,95.9326,55.4596,2456,
4500,5.55689613147,26.6366457395,42.2486518064,36.2192,93.379,52.9369,1486,
5400,5.57559602898,26.3123662497,42.6656005721,35.6774,93.183,52.808,4153,
2700,5.81946968273,28.6986438075,41.0225223044,38.878,96.54,57.2916,4339,
7200,5.95387609504,32.64286394,39.9200796859,42.7306,99.8972,62.9698,4755,
4500,5.45549982175,26.6374250465,42.4878456198,36.0583,93.2715,50.584,2456,
5400,5.34565510301,25.8861682362,42.6077431497,35.1541,92.471,49.0853,1486,
6300,5.88198679782,33.5084603765,39.4965783237,43.674,100.8187,64.2658,4153,
3600,5.21029860853,26.7997761534,41.5016625992,37.1493,94.2598,49.2098,4339,
8100,6.2574395459,33.9672534813,39.1853635522,44.5356,101.5046,69.2222,4755,
5400,5.0263767086,24.6026204388,43.4304754989,33.4435,90.6995,46.2827,2456,
6300,5.45765256337,31.0197287371,40.9687812589,40.2573,97.4207,58.7084,1486,
7200,5.56742063457,32.8754744803,40.1952185736,42.4303,99.7019,61.5289,4153,
4500,5.24460276007,25.6670750994,42.8747522037,34.9899,92.0927,49.6436,4339,
9000,5.83773229275,34.3415327848,39.152905559,44.7548,102.1553,61.7662,4755,
6300,5.50176711473,31.7850874321,40.6738839545,41.5631,98.8485,57.6044,2456,
7200,5.84265618302,32.3285527316,40.1956495891,41.9787,99.0571,62.7644,1486,
8100,6.09113046837,32.4033917345,39.8332738682,42.9592,99.9462,67.6124,4153,
5400,5.49107231873,26.5436020831,42.2472417668,36.1349,93.1538,51.4044,4339,
9900,5.99087083378,33.471180471,39.1868344854,43.7787,101.195,64.056,4755,
7200,5.63833783667,32.0626602997,40.3425099877,41.5672,98.7186,60.792,2456,
8100,5.75638663028,35.2248271657,38.8329549248,45.2524,102.5157,65.2533,1486,
6300,5.77651932121,32.2786635086,39.7969626158,42.2201,99.5502,63.1547,4339,
9000,6.01561635039,35.0168765697,38.9503324665,45.1145,102.3553,66.4551,4153,
10800,5.90965625711,33.7985543045,39.2017230302,44.1593,101.4685,63.2622,4755,
8100,5.86405603559,31.6832997077,39.7944759997,41.7502,98.9416,62.3547,2456,
9000,6.14218745136,35.7370172874,38.6461658276,46.1699,103.3123,69.2542,1486,
7200,5.45656753384,34.6506905644,39.6366632206,44.3997,101.6171,60.3822,4339,
9900,6.15448598032,37.8152174066,38.940185854,47.9558,105.2258,70.3102,4153,
11700,6.17961518674,33.9725629923,39.5141546577,43.8398,101.2364,67.3956,4755,
9000,6.16680867294,34.640407449,38.9700720963,44.8295,101.9041,67.032,2456,
9900,6.29345447436,36.861502046,38.5757893315,47.225,104.2784,69.4684,1486,
8100,6.10664785277,32.8879343291,39.443486704,43.0547,100.6997,67.88,4339,
10800,6.21632066802,34.8155853359,39.0245791457,45.3023,102.5176,67.5102,4153,
12600,5.77822155592,34.9605944224,39.1812033166,45.1996,102.444,61.5858,4755,
9900,6.78630661923,44.7776475068,36.7974859448,56.3735,113.5737,86.456,2456,
10800,6.16006083043,35.0799623593,38.6299219833,45.7802,102.8925,66.5342,1486,
9000,6.19952835258,33.7783867099,39.0762965877,44.2561,101.8348,65.2596,4339,
11700,6.40901799433,35.6945458232,38.8978291766,45.9645,103.3474,73.3484,4153,
13500,6.17110303082,33.3399504513,40.1712216454,43.002,100.4925,67.9778,4755,
10800,5.84309421961,32.6659894322,39.8980347045,42.6265,99.7748,63.1449,2456,
11700,6.24760494353,35.6066258462,38.7793140369,45.6815,103.139,69.7911,1486,
9900,5.77191785048,32.1467764608,40.4683026691,41.3746,98.5425,62.2524,4339,
12600,5.8126441141,34.2258671136,39.626923511,44.0085,101.1853,62.9387,4153,
14400,5.66363889353,32.3100301848,40.4787386078,41.5839,98.9128,59.9698,4755,
11700,6.14238158916,33.0110665244,39.7965385997,42.4843,100.0049,66.1476,2456,
12600,6.16230651008,36.1222453023,39.2102157242,45.8669,103.2978,69.0542,1486,
10800,5.90163080716,32.9552037748,39.7763511925,42.9311,99.9547,63.3324,4339,
13500,6.21013185785,35.2804308146,39.5477226708,44.8863,102.5129,67.9769,4153,
12600,5.93599897039,34.3040698783,39.6584186362,43.7884,100.9847,66.0578,2456,
13500,6.10941514797,32.9019508571,39.5394383892,42.5941,100.4,65.24,1486,
11700,6.25227736492,35.1505097203,38.9079062241,45.2772,102.5359,69.9964,4339,
14400,5.95544829241,33.1053636966,39.9709189372,42.9804,100.0119,62.7751,4153,
13500,5.95246639719,33.500153462,39.5960266351,43.3772,100.8743,61.4631,2456,
14400,6.25182351089,37.4872559127,38.5714862189,47.8568,105.3021,70.4471,1486,
12600,6.13392295643,36.0782073723,39.0379177646,46.3686,103.5387,69.2427,4339,
14400,5.76947029872,33.9187833591,39.6664196212,43.9084,101.4334,65.4649,2456,
13500,5.95063963015,33.9023023172,39.720761759,43.1603,100.5624,64.4987,4339,
14400,5.79891187812,32.8950879506,39.9493468491,42.4942,99.7149,61.8791,4339,
900,4.98843185224,26.26276683,42.156699247,36.4768,93.4761,47.312,5043,
1800,6.19207680138,37.6002037457,39.1191019608,48.61,105.917,72.112,5043,
2700,5.40111165213,28.5881245112,40.8574231758,39.0918,96.3897,52.6951,5043,
3600,5.49716300258,27.261163292,41.3261243744,37.5499,95.2406,52.3831,5043,
4500,5.61028853907,28.2011700851,41.6041954587,37.9623,95.1876,55.208,5043,
5400,5.00209948576,25.0182708893,43.5750731106,34.0532,91.2836,45.1093,5043,
6300,5.56643527571,32.9110502458,40.1256389373,42.7205,99.8181,61.3609,5043,
7200,5.63165055664,32.470727468,39.6121949133,42.7507,99.9912,58.5964,5043,
8100,6.16971663308,34.3833494639,39.3381199791,44.6123,101.9513,67.0489,5043,
9000,6.07791166894,35.9130615097,38.6768780158,46.4647,104.0184,66.9556,5043,
9900,5.95397746609,36.3594023316,38.9561977294,46.5933,103.751,66.9369,5043,
10800,5.85845590983,33.1965317691,39.3559535041,43.2483,100.785,62.7058,5043,
11700,6.10221035234,35.8739034994,39.0334844512,45.9818,103.1551,67.6524,5043,
12600,5.98064350719,31.5095832362,40.65052442,40.9778,98.1481,63.4009,5043,
13500,5.93006614598,34.4508422307,39.5934402949,44.0209,101.3057,64.0409,5043,
14400,5.9345148726,33.6020420778,40.1176502934,42.8734,100.2989,64.8044,5043,
900,4.81944838926,27.0458572925,41.9205129433,36.67,,,,1
1800,4.94312563603,26.5982310425,42.107618852,37.4,,,,
2700,5.73610198164,29.2674865822,40.8514119388,38.26,,,,
3600,5.87528947879,29.0391536269,40.6313424002,36.37,,,,
4500,6.24843662208,37.2839913809,38.2717733467,34.69,,,,
5400,5.52540639051,26.9639258185,41.220540662,36.14,,,,
6300,5.75129830491,27.8800852103,40.721217339,40.82,,,,
7200,5.20490130726,27.8283084154,40.899690076,40.12,,,,
8100,5.53090521625,25.1444948703,42.7938824349,42.35,,,,
9000,4.94042347213,26.0270942168,42.2073812286,44.38,,,,
9900,5.37210184464,27.4365542859,41.410557476,44.82,,,,
10800,5.33389826187,32.4552519365,39.9380587281,44.29,,,,
11700,5.00503563011,28.1410217852,41.4920811654,43.51,,,,
12600,5.33511279816,26.0036415399,42.6365900365,41.9,,,,
13500,5.11817165749,25.6654245554,42.984596784,44.67,,,,
14400,5.87963986983,35.9063499416,38.8699498086,42.26,,,,
900,5.28786461046,26.4350948823,41.40709228,37.17,,,,
1800,5.6657722677,27.3391789156,41.6299784034,38.11,,,,
2700,5.5251894325,32.7685358783,40.4789564111,37.72,,,,
3600,5.1209523043,26.0959391812,42.5976800254,38.83,,,,
4500,5.2555313598,25.1675787685,41.9942079883,35.8,,,,
5400,5.64303891564,29.3946593041,40.2703227336,37.54,,,,
6300,5.43485718577,26.8735778502,41.2707119158,43.18,,,,
7200,5.15923040392,30.2715649463,41.158057291,40.97,,,,
8100,5.67036663163,31.2091795523,40.6154091581,47.67,,,,
9000,5.10915590715,25.1997912693,43.0775449587,41.22,,,,
9900,5.845280799,27.4973499851,40.7088630297,44.59,,,,
10800,5.71977917575,28.3764323172,40.9421362468,45.4,,,,
11700,6.22585876102,33.2311359164,39.6601012035,42.65,,,,
12600,5.88696634798,33.0388544937,39.705259284,42.75,,,,
13500,5.55543389418,26.4820298421,42.3318651266,44.86,,,,
14400,5.40253170667,26.8111260351,42.0186745435,40.3,,,,1
900,5.22230994295,26.5130723155,42.4350751654,36.67,,,,
1800,6.18887108423,34.8823402811,38.7716668191,37.4,,,,
2700,5.9107933232,34.0493978869,39.2477603508,38.26,,,,
3600,5.58840699388,32.0056476521,40.596961718,36.37,,,,
4500,5.52372004348,25.6633320738,42.7744240131,34.69,,,,
5400,5.04177657947,26.0309299675,43.112601697,36.14,,,,
6300,6.07015539844,35.1998249626,38.6456943434,40.82,,,,
7200,6.16450399132,34.0722418889,39.2387499026,40.12,,,,
8100,6.07874922963,34.2588494554,39.3755010271,42.35,,,,
9000,5.64215286187,31.7734887634,40.3474713209,44.38,,,,
9900,5.50572815474,34.9139456568,39.9122051934,44.82,,,,
10800,5.71472693269,33.3705643971,39.4664684375,44.29,,,,
11700,5.74551110035,34.2501532161,38.9453940715,43.51,,,,
12600,5.87198588708,32.2820793357,40.2824438549,41.9,,,,
13500,6.10101304182,34.2586485794,39.0446711559,44.67,,,,
14400,5.77747577601,34.7573334072,39.2238165755,42.26,,,,
900,5.77631739414,31.6061341904,40.3100212742,37.17,,,,
1800,5.84337435426,33.0336926735,39.4223836724,38.11,,,,
2700,6.00342696963,32.4004085326,39.9117118759,37.72,,,,
3600,6.09435355919,38.2578783832,38.3802211907,38.83,,,,
4500,5.87125120915,33.2054421395,40.0389058229,35.8,,,,
5400,6.07718496301,34.9327375189,39.3631139862,37.54,,,,
6300,6.14694860165,33.6276595942,39.6248404522,43.18,,,,
7200,6.17921497951,36.1428722466,38.7910473259,40.97,,,,
8100,6.10119543931,35.0269028076,39.2195267127,47.67,,,,
9000,5.87117946787,35.0551519277,38.7741821001,41.22,,,,
9900,5.62186497989,31.0941536633,40.4064840527,44.59,,,,
10800,5.91920068489,34.3383556528,39.2232272864,45.4,,,,
11700,5.95567044495,35.0287488552,39.0472388946,42.65,,,,
12600,6.23727781851,34.6227438296,38.6737696925,42.75,,,,
13500,5.53096564321,31.3906960567,40.5797632238,44.86,,,,
14400,6.27886863152,34.8513661746,39.4310122568,40.3,,,,
900,6.24966689532,35.2532193823,39.0547395902,36.67,,,,
1800,6.23019749252,33.2056282898,39.254457221,37.4,,,,
2700,6.0691017632,33.7580378757,39.846381673,38.26,,,,
3600,0.419178344178,35.9085059894,37.8225168375,36.37,,,,
4500,6.12279814425,34.665371819,39.1792858397,34.69,,,,
5400,5.99230680478,32.8955499925,40.1535270593,36.14,,,,
6300,6.07508601407,34.1129765813,39.3340095867,40.82,,,,
7200,5.97388313535,34.9717708006,39.0945366166,40.12,,,,
8100,5.99945079363,34.7803830472,39.308919036,42.35,,,,
9000,6.09474464385,35.2834763749,39.1125147094,44.38,,,,
9900,5.55409534479,33.4425244208,40.0560529542,44.82,,,,
10800,5.5450878148,29.6710040987,41.4946412703,44.29,,,,
11700,5.87833368452,35.0567078247,39.4156231465,43.51,,,,
12600,5.9566007091,34.2072788412,39.7660518364,41.9,,,,
13500,6.30174342699,37.8002664793,38.2428225912,44.67,,,,
14400,6.27036905173,37.5412939437,38.9982394132,42.26,,,,
900,6.3319788983,36.1019943737,39.3996023342,37.17,,,,
1800,0.526051717368,37.9114538926,37.0625625454,38.11,,,,
2700,4.81503213093,25.587939693,42.4803790435,37.72,,,,
3600,4.74493428693,26.1903576941,42.122251425,38.83,,,,
4500,6.13808097431,37.2959121671,38.1719236381,35.8,,,,
5400,4.91008333773,26.0976115597,42.5091129353,37.54,,,,
6300,6.36412400833,38.2750901679,38.1352866833,43.18,,,,
7200,5.85246825418,30.8358369569,39.9555394391,40.97,,,,
8100,5.59844893608,28.8348583473,40.7280549801,47.67,,,,
9000,5.18331994524,27.7984634842,41.0183448658,41.22,,,,
9900,5.86691707701,31.2180531854,39.2872348292,44.59,,,,
10800,5.36077664534,26.1674086551,41.8295766681,45.4,,,,
11700,5.42239520421,27.8412045058,41.3332920892,42.65,,,,
12600,5.54350771211,32.4326969068,39.7303022827,42.75,,,,
13500,5.14908687367,26.1473843429,42.5300902343,44.86,,,,
14400,5.36779398805,26.5270063346,41.5047933756,40.3,,,,
900,4.97314146035,26.9029601074,41.7680649766,36.67,,,,
1800,5.56792265188,26.6095841638,41.5590497423,37.4,,,,
2700,5.91508537223,30.8609839688,40.2548366236,38.26,,,,
3600,5.59370935849,28.0681329299,41.6965486183,36.37,,,,
4500,5.21029498711,25.3326302039,43.0910659298,34.69,,,,
5400,6.12178318845,31.7732767117,40.1432587916,36.14,,,,
6300,5.34140901123,25.2129555341,43.0930607549,40.82,,,,
7200,5.50920179887,28.843017232,40.9440354919,40.12,,,,
8100,5.14438055283,25.8882064343,42.7144660722,42.35,,,,
9000,5.85934978668,32.2130062265,39.5585810148,44.38,,,,
9900,5.5440596733,31.5536411001,40.7469088372,44.82,,,,
10800,5.49935471732,26.2427772693,42.481320644,44.29,,,,
11700,5.42300328868,26.1635694501,42.7896245552,43.51,,,,
12600,5.6323483334,33.1986658779,39.8539067944,41.9,,,,
13500,5.42044228611,28.519622285,41.0592553935,44.67,,,,
14400,5.50517572421,31.898426987,40.2196540857,42.26,,,,
900,,,,55.005,82.5075,,,
1800,,,,56.1,84.15,,,
2700,,,,57.39,86.085,,,
3600,,,,54.555,81.8325,,,
4500,,,,52.035,78.0525,,,
5400,,,,54.21,81.315,,,
6300,,,,61.23,91.845,,,
7200,,,,60.18,90.27,,,
8100,,,,63.525,95.2875,,,
9000,,,,66.57,99.855,,,
9900,,,,67.23,100.845,,,
10800,,,,66.435,99.6525,,,
11700,,,,65.265,97.8975,,,
12600,,,,62.85,94.275,,,
13500,,,,67.005,100.5075,,,
14400,,,,63.39,95.085,,,
900,,,,55.755,83.6325,,,
1800,,,,57.165,85.7475,,,
2700,,,,56.58,84.87,,,
3600,,,,58.245,87.3675,,,
4500,,,,53.7,80.55,,,
5400,,,,56.31,84.465,,,
6300,,,,64.77,97.155,,,
7200,,,,61.455,92.1825,,,
8100,,,,71.505,107.2575,,,
9000,,,,61.83,92.745,,,
9900,,,,66.885,100.3275,,,
10800,,,,68.1,102.15,,,
11700,,,,63.975,95.9625,,,
12600,,,,64.125,96.1875,,,
13500,,,,67.29,100.935,,,
14400,,,,60.45,90.675,,,
900,,,,55.005,82.5075,,,
1800,,,,56.1,84.15,,,
2700,,,,57.39,86.085,,,
3600,,,,54.555,81.8325,,,
4500,,,,52.035,78.0525,,,
5400,,,,54.21,81.315,,,
6300,,,,61.23,91.845,,,
7200,,,,60.18,90.27,,,
8100,,,,63.525,95.2875,,,
9000,,,,66.57,99.855,,,
9900,,,,67.23,100.845,,,
10800,,,,66.435,99.6525,,,
11700,,,,65.265,97.8975,,,
12600,,,,62.85,94.275,,,
13500,,,,67.005,100.5075,,,
14400,,,,63.39,95.085,,,
900,,,,55.755,83.6325,,,
1800,,,,57.165,85.7475,,,
2700,,,,56.58,84.87,,,
3600,,,,58.245,87.3675,,,
4500,,,,53.7,80.55,,,
5400,,,,56.31,84.465,,,
6300,,,,64.77,97.155,,,
7200,,,,61.455,92.1825,,,
8100,,,,71.505,107.2575,,,
9000,,,,61.83,92.745,,,
9900,,,,66.885,100.3275,,,
10800,,,,68.1,102.15,,,
11700,,,,63.975,95.9625,,,
12600,,,,64.125,96.1875,,,
13500,,,,67.29,100.935,,,
14400,,,,60.45,90.675,,,
900,,,,55.005,82.5075,,,
1800,,,,56.1,84.15,,,
2700,,,,57.39,86.085,,,
3600,,,,54.555,81.8325,,,
4500,,,,52.035,78.0525,,,
5400,,,,54.21,81.315,,,
6300,,,,61.23,91.845,,,
7200,,,,60.18,90.27,,,
8100,,,,63.525,95.2875,,,
9000,,,,66.57,99.855,,,
9900,,,,67.23,100.845,,,
10800,,,,66.435,99.6525,,,
11700,,,,65.265,97.8975,,,
12600,,,,62.85,94.275,,,
13500,,,,67.005,100.5075,,,
14400,,,,63.39,95.085,,,
900,,,,55.755,83.6325,,,
1800,,,,57.165,85.7475,,,
2700,,,,56.58,84.87,,,
3600,,,,58.245,87.3675,,,
4500,,,,53.7,80.55,,,
5400,,,,56.31,84.465,,,
6300,,,,64.77,97.155,,,
7200,,,,61.455,92.1825,,,
8100,,,,71.505,107.2575,,,
9000,,,,61.83,92.745,,,
9900,,,,66.885,100.3275,,,
10800,,,,68.1,102.15,,,
11700,,,,63.975,95.9625,,,
12600,,,,64.125,96.1875,,,
13500,,,,67.29,100.935,,,
14400,,,,60.45,90.675,,,
900,,,,55.005,82.5075,,,
1800,,,,56.1,84.15,,,
2700,,,,57.39,86.085,,,
3600,,,,54.555,81.8325,,,
4500,,,,52.035,78.0525,,,
5400,,,,54.21,81.315,,,
6300,,,,61.23,91.845,,,
7200,,,,60.18,90.27,,,
8100,,,,63.525,95.2875,,,
9000,,,,66.57,99.855,,,
9900,,,,67.23,100.845,,,
10800,,,,66.435,99.6525,,,
11700,,,,65.265,97.8975,,,
12600,,,,62.85,94.275,,,
13500,,,,67.005,100.5075,,,
14400,,,,63.39,95.085,,,
