time,density,stop_time,speed,delay_time,travel_time,mean_queue,seed
900,5.09608866004,27.1065554506,41.8836631435,34.3228572,87.6888976,46.555264,9205
1800,6.2195860082,38.3742918674,38.7001477911,46.3597304,99.7220428,69.0996916,9205
2700,5.46742869129,30.0285710116,40.4297899325,38.096432,91.6497112,50.9849668,9205
3600,5.42103123103,26.5428781959,41.671862358,34.22304,87.7562812,47.114464,9205
4500,5.20825356816,25.6248444039,42.2728227881,32.6896204,86.081384,44.4277876,9205
5400,5.17914137798,24.4030091182,43.266437767,31.1080164,84.3579296,43.5032436,9205
6300,6.01874865566,33.9384236301,39.7093136443,41.0752904,94.0648028,64.7677556,9205
7200,6.01751252825,39.9736559829,38.2766636949,46.59767,100.3674528,68.2008708,9205
8100,6.17273998027,33.9994332089,39.7121091446,41.0710964,94.4915656,62.9716984,9205
9000,6.43574827332,36.6915276335,38.2948462489,44.6550092,97.8750984,70.4492276,9205
9900,8.9433726339,80.043416866,33.635222729,85.7563024,138.2721724,164.278048,9205
10800,8.26158533336,91.1020503763,31.6411299924,103.8880828,157.6519008,111.7000136,9205
11700,6.61088368203,41.0548465526,36.7721827593,49.4471668,102.96969,72.4764208,9205
12600,6.23372299122,32.4728443497,40.4709179728,39.2918152,92.444148,63.4166352,9205
13500,6.1987364977,32.8238846071,39.99861432,39.5318052,93.0605728,62.5964752,9205
14400,5.96702854701,35.4865433824,39.1393755036,42.4669528,96.0706532,60.0472688,9205
900,5.02014480356,26.9171535429,41.5583641175,34.6308832,88.2210696,45.5404092,9640
1800,5.95067132117,35.1426311111,38.7697296624,43.0413444,96.5722556,62.1879796,9640
900,4.84021233426,27.2361246754,41.9508207586,34.7116876,88.3268516,44.1734448,7170
2700,5.56312302296,29.8933630085,40.6340626812,37.418868,91.127232,54.7080272,9640
1800,5.81159555904,37.9030075735,38.5167001078,45.3462736,99.2459772,65.8712436,7170
900,4.95898822172,25.8471887703,42.0913793036,33.3886204,86.9506604,43.446112,5733
3600,5.67138393145,28.4002630598,40.6287421992,36.4888252,90.0467644,52.766112,9640
900,5.03838644687,28.5790912756,41.4266233182,35.6677332,89.1217544,46.942976,3695
2700,5.84477892377,31.4364362677,39.6183449638,40.2700424,93.8580852,55.4834512,7170
1800,5.76774806017,36.3576940853,39.0806486967,44.0087604,97.7592508,61.5526352,5733
4500,5.16330002526,26.2800471219,42.8995183136,33.089262,86.6507428,44.7550128,9640
1800,5.57474972328,27.2447431877,41.0639266363,35.2324892,89.0020856,50.2128048,3695
900,5.25726683204,26.2724992016,41.6565802841,34.148014,87.708656,46.6306628,5248
3600,5.7456541179,27.8916937396,41.1905448454,35.7924348,89.2106672,51.1530996,7170
2700,5.59156373165,28.7550438732,40.8425021597,36.353592,90.0860016,51.8945988,5733
5400,5.07745650294,24.4547642912,43.4963493909,31.112956,84.426152,42.2448572,9640
900,5.24462648446,26.7241744882,41.318592535,34.517552,88.0742796,47.1774672,4286
2700,5.74335306676,26.7770922982,41.2514704392,34.8803796,88.6852988,51.0702448,3695
1800,5.5727845436,30.6310283404,39.9515859038,38.8664504,92.2783452,54.592832,5248
4500,5.56703430173,26.3424371282,42.3577766086,33.3065112,86.7756308,49.6810056,7170
3600,5.92466891681,29.9477159949,40.1259216097,38.1329664,92.0464636,56.7376436,5733
6300,5.37616614512,31.9486505894,40.3977230508,38.4851692,91.7882064,54.5977716,9640
3600,5.69811041821,28.4467266454,40.6994488394,36.2329912,89.4410576,52.8373168,3695
2700,5.59031703749,31.7576055913,40.40677628,39.5807352,92.9924436,54.0526448,5248
1800,6.11528211054,38.4405911064,38.5488174483,46.187124,99.5471064,69.5172276,4286
5400,5.13887594103,25.9797971081,43.0903140115,32.469482,85.7480076,44.3830516,7170
4500,5.24503459979,26.4109659201,42.3938750778,33.6103432,87.0474952,44.8768252,5733
7200,5.81145114705,34.7403481983,39.3344495758,41.736358,94.920938,60.0307724,9640
2700,5.10352013205,27.6910806258,41.0384946779,35.77948,89.664458,44.4716848,4286
4500,5.51388649177,26.9073013169,41.9988766305,33.9772716,87.5014724,48.0349072,3695
3600,5.52282538483,27.9011691727,41.2961252453,35.47192,88.950546,50.1978928,5248
6300,5.88626828211,32.1380144359,40.2382298895,39.0357948,92.5655876,60.0630196,7170
5400,5.48078970081,29.0295408854,42.1663832268,35.6500252,88.7648916,50.5003268,5733
8100,6.00604198466,32.9026856044,39.6496138077,40.1256756,93.7488548,59.1600048,9640
3600,5.54120095469,26.7687157481,41.7076878807,34.3787772,87.798128,50.5011656,4286
4500,5.27727102174,25.021959426,42.9485811689,32.0336788,85.3696156,44.3830516,5248
5400,5.65668834552,27.088009499,42.2961381553,33.9412964,86.9534564,50.9161852,3695
7200,5.68143556902,35.2687903081,39.0030015204,42.2697416,95.5810736,58.1129028,7170
6300,5.45346982605,32.040483517,40.4709994713,38.8542412,91.9998636,55.7054536,5733
9000,5.78446486656,35.2929932908,38.85845384,42.6969704,95.888354,57.7375864,9640
4500,5.11250854361,23.6878932249,43.6196212544,30.6377292,83.6496096,41.2896504,4286
5400,5.46257217709,27.6599498287,41.6163128328,34.8174696,88.2107244,49.1035384,5248
6300,5.56394045018,31.605305458,40.4650260607,38.6810756,91.743284,55.8437624,3695
8100,6.12001454974,35.1922963934,38.6033186644,42.8857936,96.3345024,64.1688524,7170
7200,5.95883832992,38.2993310106,38.3283560219,45.2797288,98.8546304,64.2773372,5733
5400,5.19053130837,24.7439179963,43.3963564208,31.6181932,84.9248652,44.6424272,4286
9900,6.64247823702,44.0567900807,37.689761427,51.077328,104.1320804,97.4441416,9640
6300,5.5752649785,32.3741221529,40.3694546033,39.1282492,92.2477756,57.2148276,5248
7200,5.56312844825,31.7639309086,40.4123708498,38.5049276,91.8673332,53.2871932,3695
8100,5.92168389832,34.2607037365,39.3132671057,41.4299164,94.8959604,63.6361212,5733
9000,7.59856433834,49.515396645,35.9322844738,57.8164336,111.0135956,100.6071632,7170
7200,5.13480064504,32.7821890752,40.5405517068,39.3547252,92.520572,50.3371336,5248
6300,5.75909707694,32.6481259746,40.5072563064,39.291256,92.4945692,60.3654536,4286
8100,5.94589246911,33.1990972695,39.2694249285,41.1903924,94.60499,58.760736,3695
10800,8.11740898534,86.3234100533,35.392469401,92.0066672,144.7299072,137.145664,9640
9000,5.92890265028,34.5003609645,38.9620915414,42.1779396,95.70242,59.8484732,5733
9900,7.48429968998,56.9534181814,33.5447830038,69.8204072,123.254204,94.3995772,7170
8100,5.9231826968,33.0787887866,39.9141629416,40.45113,93.7753236,59.7498676,5248
7200,5.8490662957,33.1059602637,39.9198920311,39.96416,93.665534,59.6057804,4286
9000,6.10834877403,34.3272089231,39.0581998278,41.6750324,95.2172208,62.6444732,3695
9900,7.40188107754,52.2905847535,35.6080019523,60.3469068,113.4830228,93.751744,5733
9000,6.14838913404,33.5225401592,38.9980947271,41.2073548,94.5258632,60.908064,5248
8100,5.99183146893,33.953414708,39.4516257161,41.5568548,94.7259636,61.079552,4286
10800,6.59584860196,40.5846190335,37.5452282143,48.7204864,102.0956604,75.6419588,7170
9900,6.14020026755,33.3485473214,39.5258007302,40.991224,94.5210168,62.8333896,3695
10800,5.95275076455,33.853507694,39.5505418542,41.2897436,94.3077752,58.089696,5733
9000,5.92562644709,35.3590403037,38.9849366699,42.731734,95.9930176,60.7846672,4286
9900,7.03866627477,51.5559449504,35.7025945379,59.8680452,113.0849656,89.9276548,5248
11700,6.32053147526,36.4228227475,39.0316596121,43.3204784,96.8496188,64.7594608,7170
10800,7.1081822333,44.3577121775,36.1227689143,52.6895948,106.0820108,88.7057096,3695
11700,5.87004601485,33.6734314037,39.8248212225,40.5136672,93.9666632,58.6290444,5733
10800,6.24685394264,33.9257579293,39.4383848055,41.2203096,94.3675164,63.6120756,5248
9900,6.80376040216,41.1135160724,37.6880069556,48.7047356,102.1576384,80.1470604,4286
11700,5.78503295229,34.5267681145,39.3697084292,41.1581452,94.5493496,59.5651452,3695
12600,6.24358064716,34.6795793279,39.3081953,41.84447,95.2039864,63.7496388,7170
12600,5.97925951396,32.6086076872,39.8255605911,39.5099964,93.2178944,59.7176204,5733
11700,5.9776432352,32.7840268289,40.4058024922,39.2399028,92.7317632,59.8028984,5248
12600,5.92833516816,34.1517853605,39.8176197373,40.97305,94.29976,59.1898288,3695
10800,6.67054643464,42.0303460298,36.9646055481,49.7092452,103.0781748,83.2006652,4286
13500,5.94391885595,34.267697548,39.50468826,41.047144,94.5512136,59.3629944,7170
13500,5.92439984854,34.5704386315,39.8350156871,41.1797676,94.5500952,59.6728844,5733
11700,6.10211026498,36.5625420814,38.6516332742,43.4741652,96.914486,61.981728,4286
12600,6.22623545843,34.6526702618,39.0338226512,41.7393404,95.2397752,62.7579908,5248
13500,6.35379631752,35.4560969343,39.0272105887,42.6719928,96.318472,64.777728,3695
14400,5.98795840283,34.2573591123,39.5061300232,41.3410968,94.755508,60.2121396,7170
14400,6.32034191711,34.9841922264,39.4275201693,41.9140904,95.2705312,64.6021392,5733
13500,5.73294906166,32.3808330593,39.9536567369,38.915194,92.5463884,56.509024,5248
12600,6.47445550944,35.3686035181,39.2169185607,42.1318988,95.3287812,69.1254148,4286
14400,6.26684124398,35.2869088682,39.2993358413,42.14271,95.5946808,65.1687952,3695
14400,5.82463587501,31.9692647255,40.7613715289,38.4231912,91.9302432,57.687072,5248
13500,6.21755748184,34.2198490169,40.1314205196,40.5417204,93.9000252,62.8739316,4286
14400,5.84117273321,33.9785089852,39.9464081993,40.3268944,93.9014232,60.1715976,4286
900,5.29188993667,27.3381614201,41.7981301405,34.7679804,88.0711108,47.1459656,7477
900,5.04654363326,27.356925157,41.769567006,35.0014464,88.6265828,45.660544,7510
1800,6.35985671583,36.9002655508,38.487754302,45.0441192,98.4902184,70.3746676,7477
1800,6.381476231,36.3039860488,38.8231707774,44.8853064,98.8138088,68.1867976,7510
900,4.93495964818,26.2980257911,42.2922331419,33.5926352,87.2404192,43.8446352,8125
2700,6.01191899158,30.7906223433,39.5916662362,39.678036,93.4007528,57.4749488,7477
2700,5.57929866178,27.0317506927,41.1566746697,34.8604348,88.4646944,50.4911932,7510
900,4.89765097002,26.5343424555,41.9334345888,34.110268,87.6464916,43.1611064,3235
1800,5.54967519302,35.2231684449,39.1727696268,42.6426348,96.3359936,57.9546492,8125
3600,5.74036142649,28.9050178177,40.5784899342,36.8734616,90.2230056,53.8091132,7477
3600,5.33622770324,28.2573547815,41.0802577681,36.01714,89.7405092,47.6538124,7510
2700,5.49149909346,28.4323940734,40.3678208655,36.7424224,90.5679388,49.9660112,8125
900,5.21795445235,27.6523982807,41.329059128,35.2762932,88.9399212,48.9296272,4938
1800,6.15890784867,37.9906462997,38.78524675,45.7009928,99.0376752,68.4526972,3235
4500,5.49502646216,27.7763892355,41.9424570242,34.791094,87.9730644,49.3404528,7477
4500,5.41293888408,28.305061659,41.7515143558,35.5470392,88.4935864,49.1284228,7510
3600,5.52811916744,27.9837614411,41.0706271634,35.5004392,89.083822,51.2657784,8125
1800,5.84303122674,30.2689855163,39.7040796139,38.2490004,91.9502812,55.5629508,4938
2700,5.63498025615,29.2841161922,40.2068915159,37.6491652,91.4209052,51.5309324,3235
5400,5.11994188465,26.2050501255,42.922801897,32.874902,86.337684,45.1874608,7477
5400,5.43464613915,27.3631370952,41.9312137565,34.1933092,87.546954,48.0647312,7510
4500,5.19794497052,26.9430450835,42.246383069,34.0360808,87.551148,45.7433988,8125
3600,5.21592330655,26.6673857181,41.7374741664,34.2501612,87.8600128,45.6986628,3235
2700,5.45875340347,27.5920589216,41.0748056464,35.359148,89.2223172,48.8127544,4938
6300,5.61428085737,33.0930101772,39.7474293469,39.7379636,93.14175,56.5205808,7477
6300,5.86084412538,33.445814936,39.8636688009,40.5448892,93.8149336,60.1409348,7510
5400,5.24691835596,28.335602078,42.344151301,35.1113292,88.3106348,47.6082376,8125
4500,5.33052249269,25.7163540926,42.8947146852,32.32409,85.6423188,45.9770512,3235
3600,5.69051066336,28.2713866023,41.0874741122,36.0331704,89.5907368,52.952512,4938
7200,5.60096532879,34.8936314108,39.5713408696,41.5011212,95.0583148,57.6688048,7477
7200,6.00131853299,34.1957179118,39.1579924437,41.3592708,94.7278276,61.7680204,7510
5400,4.94811907504,24.3816522552,43.6209775554,31.1980476,84.570146,40.8846032,3235
4500,5.1876095463,25.2938037516,42.8348471037,32.213182,85.5253528,43.4750972,4938
6300,5.83967022561,33.2601605693,39.9464876768,40.0958516,93.4658996,61.0761968,8125
8100,6.01349719514,33.2476601215,40.0345136391,40.5622244,94.1221208,60.8285644,7477
8100,6.11922796178,35.0860356239,38.6499100626,42.8969776,96.1918132,63.8184204,7510
6300,5.32284469812,30.7533304438,41.0351773298,37.660256,90.9570488,51.9061556,3235
5400,5.70933256507,28.0899878559,41.7798075268,34.9442216,88.4241524,52.5963016,4938
7200,5.83951414129,32.0145053203,40.402450786,38.6274856,92.0823456,58.2637004,8125
9000,5.67585944354,32.5441812292,39.9513917672,39.7916468,93.4377532,53.6516984,7477
9000,5.75803779459,31.9943848133,39.8323778882,39.4502552,92.816948,55.5289328,7510
7200,5.60440848031,33.0849483831,39.8825347158,39.9135524,93.2266552,57.7922948,3235
6300,5.6375880198,34.4774440802,39.7380053763,41.1775308,94.3429116,60.5783224,4938
8100,6.17229330836,33.8057066577,39.4269752759,41.5074588,94.952626,62.7530512,8125
9900,6.42842318305,39.0088864705,38.8482344922,46.3754812,99.5201716,82.4227248,7477
9900,6.5130495507,35.5787989345,38.6845394945,43.4644724,96.948504,68.7782448,7510
8100,5.84190449487,31.8219236486,39.9674763784,39.6703004,93.1224576,56.3722996,3235
7200,5.44152927745,33.3149724996,40.0524166594,39.9304216,93.2476252,54.823968,4938
9000,6.32384111794,35.1421080542,38.4681045815,42.8502844,96.2404636,63.5881232,8125
10800,6.10388625879,36.2096304915,38.3275918254,44.6131624,97.9748224,63.7007088,7510
10800,8.6048362878,88.2420823804,34.1369597071,93.181826,145.8651764,156.5527932,7477
8100,5.75083769027,30.2536315583,40.9174613138,37.3926788,90.4682148,55.7957644,4938
9000,6.63385239052,36.8115890438,37.8058737313,44.9837256,98.6003808,69.1461052,3235
9900,6.32262263965,36.0441163026,38.7086578856,43.8045592,97.1858844,69.2306376,8125
11700,5.77054619417,32.865799874,39.513522877,40.4013612,93.9902428,55.69632,7510
9900,6.1777964738,34.866355389,38.4828991689,42.6047956,96.1914404,64.5184456,3235
9000,6.58328802377,38.9623057742,37.7616484908,46.444822,99.9391988,72.7100732,4938
11700,8.64033588477,64.3690713504,34.0379645043,76.9208492,130.968368,109.8334972,7477
10800,6.32647510219,36.845446902,38.1162012886,44.4977808,97.6690332,71.0084276,8125
12600,5.88808207871,32.2135902381,40.4588934223,39.0883596,92.190178,57.5619976,7510
9900,5.48034123529,31.8485021053,39.7326374454,39.4016048,92.7561816,52.2823108,4938
10800,6.34740049144,36.4430808936,38.4343712935,43.858988,97.0756288,68.8139404,3235
11700,6.11009616629,35.1837119265,39.3898305748,41.9180048,95.3129372,61.4059384,8125
12600,6.39934773764,44.3366256304,36.9808231939,51.6325204,104.515412,70.2495932,7477
13500,5.64230131624,30.8380379843,40.5261557368,37.5501868,91.2839012,53.466976,7510
10800,5.83468011721,34.5899250448,39.2616186258,42.0241596,95.1192676,59.3216136,4938
11700,6.09325384909,34.3161563956,39.5129948886,41.0501264,94.624096,67.4933896,3235
12600,6.11114073012,33.818726717,39.5258417582,40.9540372,94.5573648,59.9719632,8125
13500,5.76757920122,34.8893657411,39.4504213931,41.5444592,95.027186,57.6025396,7477
14400,6.43440653041,37.4719912453,38.1525626437,44.7787788,98.0870352,69.8593648,7510
11700,5.92615516998,33.6234378313,39.870455734,40.3720032,93.6176292,58.9421964,4938
12600,6.31512472049,40.7102108829,37.9280357667,47.4753344,100.5694172,68.5761872,3235
13500,5.81784186482,33.1886633218,40.0455982218,39.6409424,93.1908664,58.5875704,8125
14400,5.71406251491,33.2049299276,40.2035521102,40.051768,93.347722,56.4543156,7477
12600,6.06336429214,33.5713070591,39.5653165988,40.563436,94.0959316,62.5219152,4938
13500,5.88842319781,34.7107697885,39.435836699,41.8105452,95.1558952,59.90896,3235
14400,5.97094878915,35.5172655626,39.3974100229,42.0549156,95.5119192,63.7835636,8125
13500,6.30617725859,35.7730200014,39.4942805559,42.1397276,95.701022,68.5736708,4938
14400,5.75517083283,33.5722762619,39.7494172767,40.348144,93.9431768,57.1958148,3235
14400,5.56300703801,34.0021721403,40.0945608982,40.4509436,93.8212712,55.7551292,4938
900,4.74138798051,25.1651773172,42.6301155787,32.2171896,85.8328196,41.3543312,5828
900,5.28967573528,27.0657457276,41.6607884387,34.5895024,87.8048384,47.3389828,8820
1800,6.01990590668,37.2670148577,39.0735864132,44.7976052,97.98116,67.3973004,5828
900,5.21299492777,27.2533153008,41.5629829752,35.0261444,88.3199548,48.6321328,8182
2700,5.56195908086,27.8547242946,41.119515886,35.6225312,89.0397384,49.7157692,5828
1800,5.80530190232,36.2726190994,39.1037944071,43.7309312,97.0017212,63.4978124,8820
1800,5.48035100293,30.6352458308,40.0534568165,38.2939228,91.8688244,53.0212936,8182
900,5.19065094668,26.1045408466,42.1289535879,33.7434328,87.1809576,45.9389324,8675
2700,5.46507667401,28.1679732475,40.9850237627,36.2467848,89.8898156,48.8044596,8820
3600,5.61290746685,27.260900207,41.0318389735,34.9775872,88.6343184,51.7661692,5828
2700,5.47670314138,30.6313864003,40.1724969252,38.8062432,92.4135784,53.0651908,8182
900,5.04131990234,26.5011904555,42.0803419005,33.9673924,87.450026,44.7028208,9591
3600,5.62255485804,28.4154260881,40.8507082471,36.4303888,89.9311964,51.9186444,8820
4500,5.21877875873,26.612315189,42.1358246972,33.7363496,87.098662,45.7599884,5828
1800,5.96751694098,37.7712396739,38.3144468783,45.7151592,99.147092,65.3808252,8675
3600,5.66317856068,28.8045809973,40.6912455583,36.8120428,90.4960816,52.4868848,8182
2700,5.34290347567,28.4092548924,40.6380537033,36.2625356,89.736688,48.5600892,8675
4500,5.26940833349,25.3856495293,42.9120641139,32.294266,85.6185528,44.3292752,8820
5400,5.1932511429,25.6534509379,43.6117603104,32.1416044,85.2041856,45.0781372,5828
1800,6.10209251908,37.5158446174,38.4187918032,45.6475892,99.0490456,68.8321144,9591
4500,5.56775857708,26.4720768853,42.3660560909,33.4966392,86.8802944,48.7796684,8182
3600,5.45067894538,27.1402444019,41.6685656734,34.5214664,88.185374,49.6552824,8675
5400,5.72367480762,32.5324966215,40.3260526908,39.7312532,93.1684984,55.8918536,8820
2700,5.58770744023,29.5506746446,40.7146088881,37.390908,91.164978,50.9576592,9591
6300,5.66634561219,32.6684824731,39.9585863981,39.6021712,92.9546976,56.792352,5828
5400,5.28673648552,25.9335615342,42.8600355375,32.6654816,86.252872,46.6108112,8182
4500,5.33420494231,26.2999832819,42.2655806951,33.4176988,86.7628624,46.3895544,8675
3600,5.47516474151,27.5766076711,41.6816036006,35.1883124,88.4196788,49.671872,9591
7200,5.77060240408,38.0573022794,39.2278386664,44.9462592,98.1373632,62.2236752,5828
6300,5.6223392806,31.1455343476,41.1049006426,37.6231624,90.8994512,56.4137736,8820
6300,5.54965159821,30.3239778982,41.1822146526,37.0879148,90.0831124,55.1263088,8182
5400,5.41344940516,26.3580221157,42.6253400084,32.9959688,86.56882,48.8459336,8675
4500,5.44602031715,27.2280086311,41.9438840776,34.2061708,87.4796636,49.008288,9591
7200,5.98896829776,33.2702585284,39.7491769564,40.4831908,93.7468976,60.0838032,8820
8100,5.86390511427,32.7495526595,39.655168355,40.1088996,93.3965588,58.7118992,5828
7200,5.39081804327,30.066780445,40.9487185392,36.4658048,89.8244824,52.027968,8182
6300,5.36833518662,33.8091174729,39.7592600489,40.7989524,94.207026,55.1793396,8675
5400,5.23646047254,26.0010188146,42.6661198813,32.7599864,86.1458784,46.3490124,9591
8100,6.26041011686,34.1855239461,38.831979179,41.9978772,95.5765068,63.9641852,8820
9000,6.28505061975,35.7909168631,38.2114351028,43.6677416,97.0065676,65.5514744,5828
8100,5.98199018468,33.9907390136,38.8741678814,41.709796,95.1338068,61.3123656,8182
7200,5.76102310752,32.0225894456,40.4052311945,38.8388632,92.121676,58.23136,8675
6300,5.74023780914,33.9475255488,39.8672008448,40.867268,93.8480196,60.5982672,9591
9000,6.12491941079,34.5037869587,39.1141588372,42.173466,95.53699,64.449664,8820
9900,6.5198336158,40.4941587322,38.1287560245,47.4371224,100.560004,76.38672,5828
9000,6.02309605656,36.2911678631,38.1240126027,44.1998204,97.5966168,61.7149896,8182
8100,6.05031632817,37.0522363094,38.6658896076,44.8215576,98.0171352,62.6834308,8675
7200,5.79004195852,32.1712886332,40.0577512643,39.0211624,92.4790048,57.4923772,9591
9900,6.31921067459,35.1135687203,38.5912484459,42.9406884,96.2348716,65.2789576,8820
10800,6.4888405259,39.498533744,37.6298401651,47.1122272,100.6617784,76.2491568,5828
9900,5.91111351496,38.8426390726,37.6478714162,46.4300032,99.8108624,65.8182128,8182
9000,6.14114577733,38.4995897684,38.1733289347,45.94527,99.0811996,66.8538512,8675
8100,6.06072960821,34.9363399452,39.1621049321,42.5307948,95.70475,62.4539724,9591
10800,5.84688662787,32.7009784285,39.7491724301,39.9392756,93.6085888,57.8005896,8820
11700,5.95586668073,35.2963518044,38.9311645892,42.0832484,95.9036388,59.3787452,5828
10800,6.42349880697,36.9355861872,38.4053514082,44.5406528,97.9137764,71.9669896,8182
9900,6.06636734329,35.0723910002,39.293898358,42.3443016,95.76533,62.3230264,8675
9000,6.13726745691,33.2976940196,39.3791433844,40.7481584,93.950726,60.9859792,9591
11700,5.65309192734,32.6102560204,40.2609631034,39.4864168,92.797376,55.5265096,8820
12600,6.09900395699,36.3303793673,38.9170005573,43.2735056,96.9050728,64.2044548,5828
11700,6.02616089999,34.6080505645,39.2315559512,41.4523776,94.8818872,59.4351312,8182
10800,6.42363987738,37.0839666659,38.2047128208,44.9970532,98.196452,72.0439728,8675
9900,6.14024918459,36.7752223323,37.8773727682,45.2301464,98.6719584,66.0891452,9591
12600,5.85786774508,33.2749521872,40.1556030652,40.0325688,93.5508048,58.857664,8820
12600,6.01749690801,34.2003066551,39.3075004636,41.1085628,94.5128152,61.8806992,8182
13500,5.92652085071,31.6352741015,40.2454628544,38.8239512,92.1208372,57.7202512,5828
11700,6.22480845818,38.4650614285,38.5948896719,45.7647416,99.5116904,64.4662536,8675
10800,6.1385473726,35.621835015,38.3479370054,44.3541596,97.8102312,66.61936,9591
13500,6.01268467873,36.2031072772,38.6811661893,43.4402404,97.0633264,62.4572344,8820
13500,5.75343244865,33.0430234431,40.1268125787,39.3183772,93.1225508,56.9580616,8182
14400,5.95058284171,35.7296825393,39.7694009337,42.3112156,95.5729652,64.1050104,5828
12600,5.77371891031,32.8429908032,40.3770719992,39.497694,93.1932896,57.2579792,8675
11700,6.04052331804,32.9508796027,40.213422224,39.7441148,93.236814,58.8676364,9591
14400,5.83993883063,33.741809336,39.9225173196,40.72374,93.9076676,60.4251016,8820
14400,6.16958606903,35.2081862252,39.1595159005,42.2570664,95.535592,63.9765808,8182
13500,5.64795071158,32.9119520407,40.3313831735,39.6312496,93.059734,55.1056184,8675
12600,5.94240672657,32.5457092991,40.3891903947,39.028898,92.42877,57.9563268,9591
14400,5.9225267914,35.1125505722,39.622746363,41.5747492,95.0404204,62.6304,8675
13500,6.17871952667,35.2172648429,39.1599866125,42.3078604,95.67679,63.7322104,9591
14400,6.2242716054,34.879947109,39.264103912,41.6438104,95.2164752,64.1390284,9591
900,4.89015275966,27.1934319334,42.3168123772,34.3657292,87.9052148,44.4245256,1335
1800,5.75827066328,31.6399566423,39.536829189,39.33506,93.0481772,59.1301808,1335
900,5.02090202409,28.8207801393,40.921232035,36.6043932,90.11741,45.9099472,7039
2700,5.71993089023,33.0001651552,39.1713277598,40.9419212,94.7066712,55.9464688,1335
1800,5.76475699571,26.8591217229,41.317152655,34.5687188,88.2477248,52.438048,7039
3600,5.65474453102,28.6497110855,40.8614253109,36.8984392,90.58807,52.6302264,1335
2700,5.80857282216,29.4054373773,40.8245857746,37.3237108,90.7942284,54.8471748,7039
900,4.96661691994,25.2854785399,42.7132926361,32.5059232,85.7834236,43.1544892,1844
4500,5.1532402804,24.5542925816,43.0273648992,31.381372,85.020302,43.1519728,1335
3600,5.74193792345,29.5038010645,40.7851098249,37.7624964,91.013528,53.2888708,7039
1800,5.43219988963,27.9871556832,40.8756759944,35.718434,89.4503776,49.2783816,1844
5400,5.42946017251,27.5505498435,42.0168068466,34.4466268,87.7416488,48.6073416,1335
900,5.12333358156,27.780064993,41.3152741436,35.5029556,89.1009708,46.7035452,1966
4500,5.33291614242,25.1664058324,43.0884568824,32.1147628,85.2524632,47.2893072,7039
2700,5.42587134058,26.7196996231,42.1675806524,33.9384072,87.3784484,50.1142924,1844
6300,5.6164842231,32.8127275623,39.9179987913,39.849524,93.1410044,57.120416,1335
1800,5.90706401944,32.5395261249,40.3207461816,40.1265144,93.67299,60.5750604,1966
3600,5.34544028941,26.9124378603,41.2546748176,34.6698408,88.2998236,47.0705668,1844
5400,5.3459619842,25.1693200509,43.174997045,31.7837164,85.0747308,46.2934652,7039
900,5.39227218861,27.6037476055,41.202914936,35.3310016,89.074036,49.1292616,1150
7200,6.02828935513,37.1632530233,38.668166443,43.8938448,97.3740552,64.732992,1335
2700,5.64609943267,28.6675053105,40.6365135311,36.6459604,90.289364,52.4214584,1966
4500,5.40029804078,26.8236870115,42.2015303696,33.9875236,87.4899156,47.7075888,1844
6300,5.71327539631,33.02838284,39.9878479076,40.0314504,93.028978,58.3896136,7039
1800,6.19770796037,37.9739380498,37.9220685687,45.8798436,99.5941724,67.6425096,1150
8100,5.86872545108,33.2757160976,39.7135880436,40.5935396,93.7458724,60.50544,1335
3600,5.17497945599,27.7906340234,41.3082529133,34.9005108,88.5012288,47.9312688,1966
5400,5.330813365,27.2254287115,42.1873703792,34.3576208,87.424862,47.0589168,1844
7200,5.73377153583,32.9201172141,39.6916983777,39.7498932,93.1076388,59.0159176,7039
2700,5.32310847174,26.8601496646,41.6655700443,34.422022,87.6318592,47.2942468,1150
9000,6.00824105871,35.6402549087,38.3893990255,43.4105096,96.7768296,59.7639408,1335
4500,5.21359425346,25.7889632509,42.6596330828,32.8527204,85.9893024,45.1941712,1966
6300,5.68645178026,33.0200341699,40.009962335,39.8624788,93.02991,59.9694468,1844
8100,5.74354537798,34.03002354,38.8989194883,41.6671104,95.0151632,57.627424,7039
3600,5.46759495375,27.5844377192,40.9956993199,35.5462936,89.1225,49.9809232,1150
5400,5.33236287339,26.7380694393,42.4307727294,33.6520036,87.1381788,47.9039612,1966
9900,6.07952483645,40.6109591617,37.7807177323,48.4408864,101.6367436,67.6889232,1335
7200,5.78873923956,34.7009537223,39.2115073815,41.7909732,95.35525,59.4739956,1844
9000,5.86493042968,33.9222188468,39.0373429684,41.5459504,94.9760192,59.1865668,7039
4500,5.16882357285,26.0888744129,42.9480769479,32.6808596,85.9996476,44.937312,1150
6300,5.62085125872,32.7380861396,40.4958404069,39.362554,92.7381008,57.739264,1966
10800,5.93130644101,34.9904424143,38.7321284895,42.9603536,96.2298388,60.781312,1335
8100,6.07275259081,34.3355835416,38.9641392983,41.723776,95.2372588,62.2385872,1844
9900,5.95846473088,34.9513977344,38.8618222677,42.2295724,95.9117472,64.5233852,7039
5400,5.18995902408,24.5047340483,43.5117809032,31.3980548,84.5460072,43.4096708,1150
7200,5.44668258283,34.2603017542,39.9803365643,40.5543956,93.9704844,58.5511292,1966
11700,5.7077878522,33.7738623899,39.6813701621,40.470702,94.2174644,57.5040272,1335
9000,5.98023626886,34.5544752526,38.677412746,42.6458036,95.9010292,61.4962492,1844
10800,6.75145457155,38.0679195104,37.7936675869,45.7466608,99.3420664,80.353312,7039
6300,5.39271023698,32.4622142331,40.634871612,39.1462368,92.2449796,54.8744824,1150
8100,6.19840042067,36.974616665,38.1790148418,44.7232316,97.9504972,67.2862992,1966
12600,5.97631691128,36.4810237403,38.968961249,43.0707956,96.0529452,66.5158148,1335
9900,5.81727611894,32.5786670363,39.5528623239,40.1989308,93.5949816,57.5437304,1844
11700,6.25108612871,39.8674818072,38.010511954,47.1595728,100.8002736,68.0617232,7039
7200,5.68528713973,31.6425994915,40.0634136625,38.4894564,91.8217584,55.5422604,1150
9000,6.64452357499,40.13926649,37.8625982484,47.3909884,100.8705464,75.3842608,1966
13500,6.08625572327,35.2726950349,38.9092393938,42.204222,95.766262,61.1665076,1335
10800,6.57043423614,35.5781834308,38.3850141991,43.4668956,96.7249172,67.6218192,1844
12600,6.03923423881,32.6846770675,40.3650944845,39.4195924,92.5045416,59.7357944,7039
8100,5.97805160133,33.1562544895,39.4966286947,41.0189976,94.4803816,59.0722104,1150
9900,6.24987586136,34.4581851611,39.256790434,41.734028,95.142754,71.9097648,1966
14400,6.05111693325,33.6680994784,39.8530109586,40.3880336,93.6185612,62.7181944,1335
11700,5.91347479228,34.5120792725,39.0948696212,41.5953464,95.1951324,59.4889076,1844
13500,5.66673127873,32.7677130879,40.441652654,39.054062,92.768484,56.3499316,7039
9000,5.98480322721,34.95459132,38.7172974359,43.008538,96.2268564,60.274304,1150
12600,5.97129558786,33.8901566976,39.8539651623,40.8541268,94.2082376,59.7101644,1844
10800,7.88704216465,49.8577496553,35.337393592,61.0672496,114.4015088,111.5508936,1966
14400,6.30709879668,32.2539933334,39.9672577983,39.2000132,92.5381868,62.3313212,7039
9900,5.83191331606,32.7476595202,39.5660473324,40.3331388,93.7374844,58.3092752,1150
13500,5.87377797544,34.1798754814,39.5855170023,40.8820868,94.7006132,58.4525236,1844
11700,7.34391020896,66.6554547612,35.8556830722,73.9749836,126.5406224,109.6885712,1966
10800,6.17742883471,34.6444456879,38.742828903,42.5111296,95.7263724,62.2684112,1150
14400,5.84226873758,31.8868707354,40.7505578501,38.3038952,91.527992,58.3050812,1844
12600,7.47560713791,36.4271482826,40.0092719604,43.0934432,94.47684,135.8027452,1966
11700,6.11326204653,34.9457960742,39.1596200538,42.1948088,95.4283188,62.5202376,1150
13500,7.67251916642,37.5607931865,39.2209007097,44.1550844,96.0030832,141.2125392,1966
12600,6.01907017941,32.9646029341,40.1582706891,39.6689024,92.9877836,58.447584,1150
13500,5.92174030629,34.1527530552,39.2176624835,41.0678344,95.0417252,59.4905852,1150
14400,7.82513829401,37.5293157362,39.2040551891,44.8694624,96.3451272,146.4929716,1966
14400,5.96481357786,35.6327744039,39.4146756096,42.4538116,95.8546156,62.4489396,1150
900,4.91677533334,25.9392938225,42.2643607718,33.18852,86.7437564,43.4974652,1220
1800,5.34668861459,25.7624921466,42.3681569819,32.882358,86.1678736,47.1343156,1220
900,5.16407292398,26.7318657164,41.8375499696,34.3606032,88.0520048,46.4616912,4591
2700,5.63415787545,28.8157613135,40.7016685566,36.8861368,90.3734304,52.132352,1220
1800,5.39620006612,27.2909129818,41.2021613492,34.8792612,88.2788536,48.9818192,4591
3600,5.25190871856,27.7495454877,41.2218687052,35.4859,89.0975224,46.8344912,1220
2700,5.60696161841,27.7421531609,41.3065560591,35.4423756,88.832648,50.5193396,4591
4500,5.1395169316,25.8863375451,43.1052729284,32.7365,86.0055192,44.2530376,1220
3600,5.3005447459,26.792209535,41.4379996815,34.430876,88.0047524,46.2685808,4591
5400,5.52259090239,26.7022857432,42.5695932047,33.5471536,86.7599732,48.3935408,1220
4500,5.6222359416,27.0576347438,41.8818113142,34.225836,87.6800436,48.7092092,4591
6300,5.58277343392,33.3494581289,40.3317493918,39.9376912,93.1442664,56.7310264,1220
900,5.22357783974,28.2207840621,41.3669220617,35.6686652,89.0986408,47.9205508,2185
5400,5.38693956712,26.2688227035,42.9089498186,32.8033244,86.1497928,47.278496,4591
7200,5.35134489948,31.472134742,40.5361238701,38.0809608,91.8684516,51.3245876,1220
1800,6.08627506924,30.611211927,40.086079048,38.8720424,92.2459116,60.8417988,2185
6300,5.81560787934,34.841131829,39.422437364,42.018288,95.5334484,63.3826172,4591
8100,5.81077066361,33.665841206,39.4976659578,41.0720284,94.3840128,58.6447952,1220
2700,5.64007640529,28.441625011,41.2038698051,36.1001812,89.4377956,52.7718904,2185
7200,5.92850740521,37.1848634879,38.6795829459,44.3963792,97.7819916,60.7399312,4591
9000,5.96851137005,34.0564834739,39.478706283,41.0996156,94.2471952,62.2774516,1220
3600,5.56148600014,27.796156207,40.5238656942,35.8743576,89.663992,50.8880388,2185
8100,5.70826871404,32.4308174074,39.8978809658,39.729296,93.1396064,55.972192,4591
9900,6.04176364555,34.8415776731,38.9866736308,42.1225788,95.5670936,63.1233348,1220
4500,5.42189120474,25.3452843066,42.6302586726,32.45457,85.844656,46.6935728,2185
9000,6.74718446289,38.3470409041,37.6259956046,46.7055956,99.8272656,75.5806332,4591
10800,6.13839006146,37.9480055689,38.018595888,45.5422732,98.9547272,64.4877828,1220
5400,5.27567827448,27.1275186711,42.1859992736,33.9754076,87.3262564,46.3812596,2185
900,5.06486826187,26.1117529291,41.990811341,33.6555452,86.8407776,44.445216,4194
9900,6.3872589391,36.9458603131,38.1665011874,44.7889376,98.3812676,67.3459472,4591
6300,5.60896458581,32.8005262999,40.4324225809,39.4207108,92.5218768,56.0077944,2185
11700,6.02524347167,33.1908344891,39.9564552409,39.73116,93.4307632,59.6380276,1220
900,4.92339032042,25.4039824295,42.5211833489,32.833428,86.5145776,43.185152,7414
10800,5.9739218733,33.8733700941,39.5440681351,40.8717416,94.4826184,60.2105552,4591
7200,5.48814612438,32.6441481318,40.1662958215,39.3482012,92.8080008,54.2705464,2185
12600,6.08190502142,34.5862977428,39.2637768477,41.4463196,94.9304444,63.092672,1220
11700,5.78305789843,32.208276243,39.8592736719,39.1510832,92.8335376,55.2530608,4591
8100,5.69021310971,32.1033942536,39.8430218264,39.7943496,92.8872208,56.1337076,2185
13500,6.08988159752,36.0048608751,38.796648921,43.0079788,96.6748688,62.3031748,1220
12600,6.15788986139,33.677410964,39.7705430519,40.2758208,93.7096176,62.324704,4591
9000,6.27269552354,37.299162774,38.4518997185,44.7442016,97.8885192,66.7337164,2185
14400,6.34502412737,32.9801182471,39.5277826374,40.3758244,93.7742984,63.6957692,1220
13500,6.09395981548,33.6561787317,39.7534607478,40.3543884,93.9177332,62.1068024,4591
9900,6.63929660293,44.4028918111,38.2355050013,51.7119268,104.7851328,89.2102012,2185
14400,5.93599598863,34.0019792519,39.6158902262,40.6442404,93.9361868,60.1268616,4591
10800,8.4279621718,81.7434877174,35.6933838147,86.2964896,139.030168,147.3918856,2185
1800,5.57799069866,29.1186332267,41.0475100604,36.5990808,90.0184316,52.3427976,4194
11700,8.15165248443,61.7149436874,33.9139649983,72.682952,126.6425832,94.959616,2185
1800,5.48134139881,30.4180839552,40.1714582306,38.38908,92.1259632,53.3898996,7414
2700,5.7664655612,29.6631322452,40.6290628066,37.5989304,91.0640424,55.2514764,4194
12600,5.85002765182,33.2202438986,40.1987348407,40.0077776,93.3261928,59.990976,2185
2700,5.24878794306,27.3421094709,41.422852149,34.6749668,88.1851876,47.9171956,7414
3600,5.44671448932,26.9566746069,41.6197680715,34.5109348,87.8053044,49.6088688,4194
13500,5.87255570948,34.6227957302,39.009610415,41.4181732,95.1666132,59.4607612,2185
3600,5.68099107617,26.9868179821,41.3807772297,34.9781464,88.3472624,50.3222216,7414
4500,5.11114556687,26.8617641977,42.4384473103,33.8868676,87.3904712,44.8527796,4194
14400,6.18466282813,31.8053276447,40.5480607473,38.4493804,92.0021004,62.3578832,2185
4500,5.36809182566,27.2154977249,42.1726877628,34.4507276,87.6787388,48.1989392,7414
5400,5.27499782396,26.3947732223,42.7198794477,32.9199176,86.20301,46.3622468,4194
5400,5.52364917929,25.383629344,42.8578704071,32.3088052,85.4245104,47.5452344,7414
6300,5.68853696327,32.5561832793,40.621728078,39.434318,92.7924364,56.6490104,4194
6300,5.73907379185,33.9778829206,39.6886333888,41.0697916,94.3953832,59.6944136,7414
7200,5.74122492803,32.4725557867,39.9478561017,39.2425124,92.8443488,57.2529464,4194
7200,5.69965234558,32.3199619301,40.3922222759,38.907272,92.4639996,56.9547064,7414
8100,5.98438849442,32.9189382076,39.4262299949,40.29968,93.7120408,60.5849396,4194
8100,6.43458591211,37.1832689677,38.4035459979,44.8018924,98.0231932,67.6681396,7414
9000,5.71769712663,31.7640721219,40.254188751,38.8617904,92.21907,53.0751632,4194
9000,6.25279341663,37.9454888952,37.9298860979,45.3566188,98.5671084,69.4841416,7414
9900,5.948877658,33.2476827069,39.1534626747,41.0323252,94.536954,58.6571908,4194
9900,6.30208538893,37.6762162505,38.3150706422,45.003484,98.5508916,71.3803888,7414
10800,6.63219528321,35.3686063011,38.1803988284,43.721984,96.9174684,66.5978308,4194
10800,6.39686547243,37.3883807654,37.8506645232,45.0922104,98.6025244,68.244768,7414
11700,5.71214226911,33.1124792462,40.0635780475,39.9207288,93.3385884,56.6920688,4194
11700,5.97938465346,35.0712668178,39.1684381111,42.3162484,95.9069008,61.2461004,7414
12600,6.09631641906,32.7887133303,39.8038432574,39.6168968,93.0265548,61.8500364,4194
12600,6.36400977658,34.7801060189,39.1169946002,42.1116744,95.2672692,67.0021324,7414
13500,5.88560110077,35.0695241911,39.2609308203,41.9803556,95.239216,60.1881872,4194
13500,6.08362864096,36.126447512,38.7268467788,43.0293216,96.5764496,63.22688,7414
14400,6.05031362153,32.030145285,40.5859712451,38.7037232,92.089522,59.6670128,4194
14400,5.92947041014,33.4861095875,39.7293558943,40.4307192,93.8353444,60.1715976,7414
900,5.00363464912,27.7793973839,41.1936609404,35.258026,89.1170944,46.1311108,9608
1800,6.03533294166,38.1461004654,38.5544524066,46.0224396,99.4741308,67.6118468,9608
2700,5.76239765373,31.5038198136,39.0969771685,39.8516676,93.7889308,55.7178492,9608
3600,5.30854500079,26.1728862197,41.8093594459,33.9507096,87.317682,46.8924616,9608
900,5.19648092333,26.6026537397,41.986237483,34.1520216,87.5820904,46.8394308,3787
4500,5.30051854456,27.609487487,41.7061671368,34.8049808,88.3190228,47.6421624,9608
900,4.97186553299,26.3196138925,42.135668706,33.7918968,87.0356588,45.3316412,9422
1800,5.4244019372,28.221359878,41.1186557613,35.7709988,89.4894284,49.2957168,3787
5400,5.28969992232,25.7373492069,42.7219353196,32.6439524,86.043638,46.2106104,9608
1800,5.58042149112,27.6739420917,41.5544033705,35.0140284,88.508778,50.5144,9422
2700,5.32055976756,27.0654641547,41.3307686078,34.9913808,88.377366,47.4823244,3787
900,5.15499180886,27.3695543125,41.4421582417,35.096324,88.8223028,46.0250492,2144
6300,5.873148916,34.5637294548,39.3160976646,41.5672,94.8125464,61.1607292,9608
2700,5.45697462985,29.5233078799,40.2339376035,37.8118924,91.6445852,50.9187016,9422
3600,5.64761320725,28.4849955834,40.9653644121,36.1562876,89.6475888,52.45296,3787
1800,5.8784903918,33.5909766961,40.2611766281,40.999146,94.5119764,60.1939656,2144
7200,5.73321870841,33.6190931667,39.5743047785,40.4929768,93.9398216,57.7202512,9608
3600,5.64702031331,28.0479716908,41.2920983438,35.7065044,89.062852,52.0710264,9422
4500,5.2113012043,25.5430506814,42.9026872857,32.381408,85.7615216,44.5023476,3787
2700,5.78889992316,29.2731113305,40.2147640888,37.3888576,90.9873388,55.3425328,2144
8100,6.33494776428,34.6453693339,38.7250382974,42.5298628,95.7127652,66.9714696,9608
4500,5.28968574745,26.1864699616,42.5172160412,33.317136,86.6372288,46.4417464,9422
5400,5.25660846618,26.9697970137,41.9466697005,34.0647864,87.760382,47.0258308,3787
3600,5.40326637494,27.3831303441,41.3229924548,35.09912,88.5764412,48.9088436,2144
9000,7.00338874858,41.2346980875,36.7193071084,49.5779264,103.2061384,79.9821896,9608
5400,5.371099797,26.7571264406,42.9656174105,33.3419272,86.5870872,46.160096,9422
6300,5.75605015243,32.1392686774,40.2994906886,38.7924496,92.1747068,59.1103292,3787
4500,5.56723463398,26.1084797033,42.4905816703,33.2075328,86.524084,47.2288204,2144
9900,6.26691972278,36.3978253178,38.5676160034,44.0630028,97.712278,64.1696912,9608
6300,6.04046573252,33.0064253675,40.0600725617,39.7895032,93.0548876,63.5557828,9422
7200,5.6536032979,34.0652057341,39.5357291765,40.8740716,94.5363948,56.561216,3787
5400,5.31398772182,26.387726242,42.4897366058,33.0805012,86.5053508,47.7829876,2144
10800,6.58519669656,35.9469640752,38.1985455699,44.4039284,97.9076252,68.8685556,9608
7200,5.56852231953,34.3361724417,39.3037699249,41.0962604,94.7802992,56.1834764,9422
8100,6.16893558376,36.6809427073,38.6418410472,43.9949668,97.3379868,71.7233648,3787
6300,6.00318833967,32.7212789173,40.320545655,39.3320776,92.5409828,61.3728524,2144
11700,5.78905656026,32.2669717941,40.0458545452,39.3605036,92.774076,57.3325392,9608
8100,6.23682677491,34.819059467,38.8355236937,42.2187612,95.4943976,74.1897164,9422
9000,6.74651263502,44.4848966915,36.967679271,51.0201032,104.8931516,92.0327632,3787
7200,5.86824598944,33.7976287186,39.7004065124,40.6582204,93.9469048,59.8369164,2144
12600,6.27171374504,32.6017859391,40.141618638,39.4195924,92.8005448,62.6461508,9608
9000,6.32961590836,34.0773868532,39.0559754693,42.062558,95.2234652,77.2243084,9422
8100,5.77857778297,31.683277304,40.091384698,39.105788,92.5195468,55.9771316,2144
9900,7.42249968377,46.8506717584,37.0777638776,53.500062,107.0329304,107.8112436,3787
13500,5.82464613959,34.5350131789,38.9097006137,41.4443624,95.2192712,58.596704,9608
9900,6.84461035308,61.658013349,36.9612061589,68.0934112,121.4713812,89.2822448,9422
9000,6.19259621432,34.2552991257,39.3949544874,41.604946,95.006682,63.1282744,2144
10800,9.01756228575,60.0112205793,35.2970488887,65.2907008,118.9244116,158.0456708,3787
14400,6.33838387481,34.1465376251,39.1735068215,41.1382004,94.6303404,65.1149256,9608
9900,5.6382768528,33.5097483806,39.3504008242,41.0367056,94.4378824,56.9646788,2144
10800,6.74692156214,42.5489719807,36.6071072434,49.961258,103.184516,82.5470536,9422
11700,7.68154335334,52.4713015105,35.6079923731,59.9550008,113.2339924,94.2455176,3787
10800,6.06971987509,32.8999410675,39.6476515911,40.4573744,93.727046,60.3024504,2144
11700,6.1424539445,37.0565545885,39.8044307223,43.6808828,97.2042448,61.7141508,9422
12600,5.82159365092,33.1985798254,39.8243178884,39.8064656,93.241474,58.551968,3787
12600,5.85369748989,33.785866269,39.7182329648,40.2489792,93.7683336,59.625632,9422
11700,5.72991039358,32.7491339718,40.0485959864,39.6175492,93.2338316,55.032736,2144
13500,6.08877168891,35.1527615044,38.9367316393,42.0480188,95.8329932,61.236128,3787
13500,5.97341363,33.887610475,40.04529247,40.5329596,93.6679572,61.4664252,9422
12600,6.11681442907,33.4700004158,39.5576150845,40.4645508,93.799742,61.6668984,2144
14400,6.27981750436,34.1093216306,39.9601809386,40.6637192,93.8526796,63.6344436,3787
14400,6.00266594095,34.1483059655,39.4402406002,41.2685872,94.2529736,60.4664824,9422
13500,6.02380305555,33.9361656646,39.5695018383,40.786184,94.3195184,60.8641668,2144
14400,6.20667610916,35.7655217009,38.8707456695,43.1593356,96.8229636,65.4355336,2144
900,4.84106031207,28.473658427,41.3892280766,35.6635392,89.271154,44.795648,2600
1800,5.77455279712,34.4015320837,39.4577052957,42.0701072,95.6286988,61.5352068,2600
2700,5.37507147095,27.3282465337,41.3893163869,35.0664068,88.3933032,46.9314192,2600
3600,5.40465133842,26.9186751729,41.3776566988,34.6912768,88.305602,48.486368,2600
4500,5.21915498394,25.9146121623,42.4028547256,33.1134008,86.5768352,45.0964044,2600
5400,5.75805606114,26.3065606838,42.1521971879,33.723954,87.018976,51.0876732,2600
6300,5.48906510168,32.4356265762,39.8429546386,39.6248188,92.9164856,56.4410812,2600
7200,5.23843332391,31.2557644355,40.5301941924,37.9507604,91.4204392,50.8226124,2600
8100,6.26893369654,34.8630332119,38.9373777235,42.8707884,96.0470736,63.6328592,2600
9000,5.9539775259,34.3798176019,38.9764277625,41.7146424,95.2481632,59.7176204,2600
9900,5.47814800989,31.7553680008,40.2307695177,39.06711,92.4536544,52.5167088,2600
10800,5.86378346173,33.319458587,39.0809657399,40.9610272,94.2971504,59.841856,2600
11700,6.18989696465,36.8666472642,38.6705680493,43.9739036,97.5858988,66.9482628,2600
12600,6.09265724877,34.6171262649,39.9635021634,41.1157392,94.3455212,65.418944,2600
13500,5.90132616269,35.4749707299,39.100575005,42.2749608,95.8836008,59.267744,2600
14400,6.2676978507,36.0646103493,39.1822384117,42.7723692,96.1071876,68.8014516,2600
900,4.99388503278,26.5378708521,41.8677843127,34.1949868,87.3934536,45.0525072,2332
1800,5.42729800968,29.0127205867,40.4531131219,37.0024504,90.6802448,49.7406536,2332
900,5.31126136851,28.220920889,41.2876536364,35.7530112,89.0551164,49.2452024,7630
2700,5.81431927245,29.0731751025,40.4889744933,36.9261196,90.5168652,53.4337968,2332
1800,5.59058045627,28.0157036829,40.8115351192,35.8444404,89.4014476,50.8665096,7630
3600,5.3932139547,27.9980817945,40.8627836899,35.6366044,89.2248336,49.8591108,2332
2700,5.70073888218,27.6387769231,41.1260597253,35.7758452,89.2374156,51.0239244,7630
4500,5.11265223782,25.2794189461,42.9318177077,31.9389876,85.1812584,43.8727816,2332
3600,5.50848573793,26.0789906789,41.65277992,33.7255384,87.333526,49.075392,7630
5400,5.44520462037,26.472515659,42.4123001684,33.4368048,86.9323,48.4457328,2332
4500,5.24600241857,25.5199740661,42.7933392953,32.3924988,85.7481008,45.1262284,7630
6300,5.79010990833,32.3372630976,40.4401077595,38.9384008,92.09325,59.0010056,2332
5400,5.50574500808,27.1662854985,42.0120268014,34.0317004,87.5757528,48.9867588,7630
7200,6.25352429082,41.7873970466,37.6083213664,48.874546,102.2285636,71.2014448,2332
6300,5.36425952853,32.3192221048,40.4564425982,38.8389564,91.9056384,55.1569716,7630
8100,6.08368728863,36.690464324,38.4302976879,44.1010284,97.106478,65.1944252,2332
7200,5.29914366553,32.7034660545,40.3072743512,39.4638624,92.8935584,51.9401736,7630
9000,5.78662099509,33.9242704073,39.2177008987,41.2918872,94.9674448,58.574336,2332
8100,6.15653611451,33.5480777678,39.405725034,41.154324,94.6400332,63.4927796,7630
9900,6.19104109006,35.7681261179,38.3883683366,43.8209624,97.217386,63.2749712,2332
9000,6.12174806367,35.7489968025,38.7742153608,43.39858,96.5003984,61.0695796,7630
10800,6.24358573632,35.7560246838,38.4907573487,43.7574932,97.2763816,65.35184,2332
9900,6.20046444679,38.8231579866,37.9458022426,46.366534,99.7489776,69.9066172,7630
11700,6.2144437556,37.2686617485,38.38698973,44.3241492,97.8820884,65.3990924,2332
10800,5.94610190815,34.5368290614,39.1755156341,42.5749716,95.7805216,59.1368912,7630
12600,6.14931823276,34.7205309361,39.0949488708,41.7039244,95.0089188,64.0868364,2332
11700,6.22712198352,35.2024829624,39.0365809401,42.0059856,95.7424028,64.5084732,7630
12600,5.82052051508,33.9610553116,39.8106642729,40.432024,93.836556,58.6828208,7630
13500,6.20876203968,34.5471557694,39.438685414,41.133354,94.8838444,63.6717236,2332
14400,5.60346708734,31.5658702269,41.0946913676,37.6413364,91.1782124,54.9714104,2332
13500,6.09587089595,36.4944743887,38.4810708379,43.5116316,96.9422596,65.1471728,7630
14400,6.25188382559,37.1882304668,39.0792422641,43.6485424,97.1186872,72.2469624,7630
900,4.96386678227,26.6386017573,42.0710359883,33.884258,87.4969056,44.9124276,6836
1800,6.14503120648,37.2043548466,39.2482974979,44.8308776,98.3580608,68.5438468,6836
900,5.11306425913,26.1819624076,41.9852294268,33.9435332,87.6367988,45.429408,1947
900,4.47311107438,26.9809304502,42.214923042,34.192284,87.8737132,39.3875316,5066
2700,5.95313185229,32.215160806,39.6154727276,41.0566504,94.5074096,58.6953096,6836
1800,6.07927224923,36.4881588762,38.7370110643,44.3960064,97.7410768,67.1065164,1947
1800,5.73033946059,31.0251011675,40.6250262044,38.554976,92.1000536,57.7881008,5066
3600,5.32735639882,28.8676799288,40.6675174785,36.4363536,90.2835856,50.0413168,6836
2700,6.19786230646,30.5030466001,39.9996745146,38.8558256,92.2214,58.3589508,1947
2700,5.22619679832,27.2270198309,41.2884833554,34.9208284,88.6674976,44.6953648,5066
4500,5.63168005898,27.266780861,41.7537947381,34.5558572,87.9575932,50.6842104,6836
3600,5.83624177883,28.0209035225,40.5794881314,36.2017692,89.9078032,53.3269896,1947
3600,5.3582797215,25.9632243597,42.0303140176,33.6425904,87.056256,46.7176184,5066
5400,5.46386582078,27.2669842082,41.9738294406,34.27896,87.4711824,49.2369076,6836
4500,5.30098768195,25.7983461296,42.750106654,32.6756404,85.8925608,45.3763772,1947
4500,5.12757564134,25.3558454877,43.1565729848,32.0382456,85.1350312,44.7939704,5066
6300,5.42291238185,31.5352140226,41.1296108407,38.0659556,91.2579916,54.6905988,6836
5400,5.34506843264,25.1289565504,43.1945763463,31.9743104,85.2544204,46.0888912,1947
5400,5.4377038689,27.6406372613,42.399143586,34.4778488,87.811176,47.9387248,5066
7200,5.39366319108,32.7942164516,39.9205902569,39.5917328,93.1003692,53.8339976,6836
6300,5.51787693842,32.8088816045,40.3032138768,39.6656404,92.8546008,56.5363316,1947
6300,5.47213490946,31.4668846282,40.6849570605,37.9778816,91.3591136,55.5182148,5066
8100,5.88790461026,33.2783257542,39.4442918834,40.9993324,94.2365704,61.057184,6836
7200,5.41126081123,32.778693913,40.0244996184,39.1535064,92.7468616,53.5523472,1947
7200,5.57887743207,31.6932060286,40.1262067534,38.496726,91.9185,53.9383816,5066
9000,6.24972694136,35.852823604,37.9211149088,44.3406456,97.9086504,64.2971888,6836
8100,6.24263023437,35.5350581867,38.6696839708,43.4022148,96.8514828,68.8992184,1947
8100,6.03235237824,35.3479844028,39.0346682008,42.9326732,96.2684236,61.370336,5066
9900,6.35129527563,35.9780326163,38.5964903452,43.7674656,96.9837336,65.9607156,6836
9000,6.69833690461,43.0488187686,36.4388802609,50.2934228,103.5557316,86.1962996,1947
9000,5.95952413825,35.2687145785,38.9450075092,42.4897868,95.9294552,60.2212732,5066
10800,5.95054582991,34.078542899,38.8638190136,41.6004724,95.0720152,59.4475268,6836
9900,6.06484531443,33.6254267302,39.5353986169,40.874258,94.3403952,60.6884848,1947
9900,6.0258925512,36.0412390343,38.8297531816,43.2707096,96.4923832,65.0817464,5066
11700,5.96271825281,33.8270733722,39.513356178,40.8587868,94.6664088,60.3853052,6836
10800,5.92043407577,34.3910767702,38.9053388266,41.9659096,95.2437828,59.5104368,1947
10800,6.27817221863,36.7162909278,38.1685458481,44.3698172,97.938754,68.0997488,5066
12600,5.62900883269,31.1714312014,41.0594893074,37.4523268,90.8521056,54.4611404,6836
11700,5.82084656002,36.6589190926,38.3936476732,43.9194748,97.2828124,59.7408272,1947
11700,5.82958448575,32.3319685798,39.9454864027,39.5867932,92.9279492,56.2024892,5066
13500,5.97672358327,34.4256322714,39.6353997106,41.107258,94.4052624,61.8856388,6836
12600,6.25620055882,34.5184293615,39.1599642759,41.6174348,95.128774,63.9982032,1947
12600,5.72582304346,33.328276524,39.8608253567,40.2925036,93.4159444,57.8485876,5066
14400,6.00829849397,32.586890323,40.4129365265,39.4116704,92.5245796,61.21376,6836
13500,5.91308559461,34.7831556734,39.4869955804,41.6264752,95.2263544,58.6215884,1947
13500,6.29956714479,33.6333121961,39.361549984,40.6560768,94.2692836,61.497088,5066
14400,6.03208881468,30.994856974,41.0377286706,37.6898936,90.7738176,59.3133188,1947
14400,6.00477954242,33.8355583861,39.8106871179,40.7047272,94.1337708,60.5766448,5066
900,4.77659491933,26.9360957273,41.6619480016,34.326026,88.0521912,42.3939772,7457
1800,5.9493947815,37.412468939,38.163393788,45.366032,99.146626,65.5689028,7457
900,5.07076236842,26.636424638,42.4375461252,33.88053,87.3258836,45.4948344,5999
2700,5.29511015965,26.6877444786,41.5969252192,34.5593056,87.9232024,46.5784708,7457
1800,6.14558124712,38.0914165358,38.6034775588,45.8459188,99.1942512,68.4775816,5999
3600,5.54320156485,27.0094416655,41.5060808063,34.38381,87.813506,49.3620752,7457
900,5.21913824215,28.4351198084,40.9210381717,36.2792184,90.4215216,47.8236228,4516
2700,5.52139165184,27.3590173408,41.3583084854,35.100518,88.6345048,49.0737144,5999
4500,5.4228109979,27.0142277114,41.934178518,34.2213624,87.499422,48.2784388,7457
1800,5.43920191457,28.9891605712,40.910761808,36.7936824,90.2088392,49.6528592,4516
3600,5.5093989093,28.5846288482,40.5336789467,36.6381316,90.37138,50.0538056,5999
900,4.9919883913,27.0839956419,41.3726885691,35.0028444,88.4072832,44.7417784,2550
5400,5.32117902315,26.5766086932,42.622750528,33.2985892,86.3964,46.4044664,7457
900,5.05399939171,26.7186272649,41.7275841068,34.3774724,87.6990564,44.4634832,5980
2700,5.40224522322,26.5903918717,41.7618565226,34.2531436,87.9157464,47.4093488,4516
4500,5.12936745965,25.5357629673,42.8505993671,32.179164,85.7249872,43.9821052,5999
1800,5.86112389888,36.245838635,39.2890479204,44.0681288,97.3911108,65.2657232,2550
6300,5.66830193652,32.5559914222,39.9767253493,39.252112,92.6625156,58.6770424,7457
1800,6.0120237636,29.6285403355,40.4619139962,37.4681708,90.8342112,57.8312524,5980
3600,5.36318819672,26.6479428568,41.8211770386,33.9334676,87.5612136,47.3936912,4516
5400,5.8090390457,28.0230558759,41.889431018,34.9999552,88.0174276,53.0055428,5999
2700,5.63042235885,29.5611693408,40.3176029443,37.6266108,91.4996592,52.9267888,2550
2700,5.47428671533,27.1597258881,41.421443088,34.9050776,88.4008524,47.9586696,5980
4500,5.38977515744,26.7343693424,42.2471815806,33.5551688,87.1383652,47.7307956,4516
7200,5.73240832248,35.2110803419,39.2410846431,42.5053512,95.8658928,58.5055544,7457
6300,5.4573739065,32.3586709651,40.7539833999,38.9542448,92.4169336,54.9830604,5999
3600,5.68022227885,29.7153405169,40.206876834,37.8147816,91.3575292,53.0767476,2550
5400,5.05602443683,24.1092241701,43.4150996458,30.729438,84.0009736,43.31936,4516
3600,6.00570188266,30.3688680089,40.0604591366,38.6334504,91.9493492,58.2115084,5980
8100,5.85990722801,31.7310291509,40.1112226566,39.0863092,92.4266264,57.9165304,7457
7200,5.85644653497,34.3366062432,39.9773646922,40.8227184,94.219608,62.2824844,5999
4500,5.30856927354,25.6816666154,42.3431082309,32.8268108,86.493328,45.6837508,2550
6300,5.91652809305,36.0791616828,39.3546434855,42.8955796,96.2211712,64.5904892,4516
4500,5.05767728472,26.0716320644,43.1655735825,32.807798,86.0294716,43.9439864,5980
9000,5.84524110214,34.9716895145,38.7685471655,42.7650996,96.0604944,60.0812868,7457
5400,5.33472535858,26.6993205014,42.6508149077,33.5710128,86.6968768,46.9612432,2550
8100,6.19175073643,36.0379835831,38.7752819765,43.462422,96.7458872,65.6475636,5999
7200,5.59984905411,32.4896072994,40.3234061865,39.2838932,92.4996952,53.8721164,4516
5400,5.74007557601,27.0232786505,41.9832295916,34.1457772,87.5630776,50.909568,5980
6300,5.72055667825,34.0276517398,39.6302647027,41.23401,94.2726388,59.953696,2550
9900,7.65555373979,60.6134320734,35.7303917118,68.0693656,120.9567308,128.5215884,7457
9000,6.54112698594,40.3337213587,37.1431651085,48.3151596,101.8697436,72.0937416,5999
8100,6.00109927759,34.7581653005,39.2581948226,41.8813772,95.3806004,61.6801328,4516
6300,5.67899863396,35.7030784115,39.727397147,42.1381432,95.5349396,60.7208252,5980
7200,5.95980864248,34.4724770567,39.6277498599,41.2668164,94.5819696,61.2327728,2550
10800,8.24555193102,98.2751686824,33.5085539905,106.4457704,159.5264324,125.2052528,7457
9900,8.06697860309,59.3187938753,35.3268929373,66.543402,119.2667352,137.936,5999
9000,5.70161855771,33.3827366171,39.5727018855,40.7736952,93.9038464,56.3632592,4516
7200,5.96553925155,32.0652969734,40.1642639115,38.9180832,92.5461088,61.6942992,5980
8100,6.18591087574,34.8935634367,38.9706230738,42.536014,95.96105,63.547488,2550
11700,7.17794738166,46.5634729303,36.4763290856,57.5321736,111.5922744,77.2723064,7457
9900,5.67936441233,34.6204717932,38.8610617566,42.1322716,95.78164,57.7060848,4516
10800,8.49524792184,70.954323799,33.5366600307,83.1529468,136.9433268,103.7932984,5999
8100,6.02547071545,35.7741802563,39.2306213612,42.9108644,96.1300216,67.4370036,5980
9000,5.99595942651,34.3940584785,39.19017705,41.5580664,95.048622,59.603264,2550
12600,6.31518813513,34.8834369631,39.182073103,41.8138072,95.1290536,69.5678352,7457
10800,6.27002082579,35.1559082892,38.5457063116,42.7110436,96.024426,65.4976048,4516
11700,6.21590426567,34.9389713083,38.9360946811,42.3753372,95.6479912,62.3280592,5999
9000,7.00775663362,43.8349426697,36.254562107,51.6254372,104.7610872,92.1826288,5980
9900,6.20654437191,35.2849865734,38.7014999712,43.0091904,96.3570568,64.6120184,2550
13500,5.98318391272,34.2643284318,39.4439053517,41.1764124,94.9217768,60.3844664,7457
11700,6.35252155438,33.9710720826,39.2998147105,41.2859224,94.7560672,64.0229944,4516
12600,5.96313452006,32.0981711226,40.6229955958,38.7994396,92.0945548,58.3912912,5999
9900,7.22365631858,42.9652036517,36.697941827,50.5541964,103.8006612,88.3659956,5980
10800,5.93439392825,36.63678606,38.7753118622,44.2487504,97.6205692,60.9594172,2550
14400,5.76606120928,32.4326316592,39.9023138778,39.5911736,92.7674588,57.1792252,7457
12600,5.77477833703,32.3549886361,40.1984132888,39.126758,92.462322,56.7591728,4516
13500,5.98763259258,33.3361505632,39.5420678184,40.4785308,94.011306,58.1932412,5999
10800,6.03720739062,32.501487597,39.9676125102,39.9134592,93.1709216,59.6156596,5980
11700,5.79807182101,33.1489377389,40.0281211544,40.0342464,93.2295444,57.209888,2550
13500,6.38051833089,33.3154061146,39.5043899648,40.141706,93.6429796,64.9251704,4516
14400,6.15332726234,34.3096889465,39.9475942759,40.7268156,93.941872,63.1929552,5999
11700,6.45051199335,35.9260934986,38.6181780705,42.8554104,96.715038,68.3251064,5980
12600,6.18143204294,31.6649468295,39.9923310631,38.5762256,91.9298704,60.5684432,2550
14400,5.93478433596,35.2064066946,39.2947092647,41.7735448,95.3937416,59.9918148,4516
12600,6.25455082924,34.8729689956,39.79745523,41.9323576,95.0329644,64.0031428,5980
13500,5.85793646362,34.1996663497,39.3057542121,41.2224532,94.8625948,58.7143224,2550
13500,6.22624343096,35.6741931397,39.0709576011,42.6644436,96.2748544,65.09088,5980
14400,6.08165198156,34.6492934707,39.3831954856,41.8255504,95.3485396,61.6826492,2550
14400,5.95513803835,35.0972882246,39.7976606105,41.4287048,95.0209416,61.5832048,5980
