time,density,speed,stop_time,delay_time,travel_time,mean_queue,seed
900,5.33896312345,31.9225045824,39.3995241377,42.4401,99.51,57.5289,8743
1800,5.6945614089,31.2193561212,39.6680654737,42.0686,99.6064,59.7538,8743
2700,5.52569283438,29.3485914982,40.0991774087,39.614,96.8953,55.9893,8743
3600,6.07627152033,31.4409650524,39.2145743499,42.1132,99.6052,65.2116,8743
4500,5.30288057394,28.5102162058,40.57143443,38.4731,95.5671,54.0453,8743
5400,5.65859119746,30.7313169894,39.6568571752,41.4758,98.57,58.104,8743
6300,5.87671125682,34.9828752351,39.1590858175,44.8985,102.1229,67.0587,8743
7200,5.6744371282,31.6784662322,40.6197723743,41.002,98.525,60.9093,8743
8100,5.99314870527,34.4623698698,39.095926169,44.8555,102.3607,71.7858,8743
9000,6.89027408877,43.2437356897,36.5289239832,55.5902,112.9262,101.8987,8743
9900,8.12107928134,67.4402028468,33.2170841636,83.5745,141.0776,126.3156,8743
10800,7.72437324865,47.1118097616,35.5931192606,59.3871,116.8097,112.0107,8743
11700,5.83947099652,36.2357333567,38.727967097,46.5105,103.7077,65.08,8743
12600,6.20436216762,34.8512705058,39.3416127609,44.8122,101.7419,69.0987,8743
13500,5.7029994364,33.4286574404,39.5677655316,43.333,101.1101,61.7076,8743
14400,5.95209008038,34.7618645737,39.0333301704,45.0193,102.458,67.2498,8743
900.0,5.29393482474,32.0547977461,39.5353085356,42.7730,99.9165,56.6427,1288.0000
1800.0,6.08788333526,33.2656705845,38.5209515215,44.3277,101.8563,66.8071,1288.0000
900.0,5.07890738986,30.1548549428,39.9868795463,40.5362,97.8265,54.3582,3251.0000
1800.0,5.72789365012,30.9224302228,39.5709076002,41.8244,99.3345,60.0604,3251.0000
900.0,5.19894903673,30.4989143205,39.9014243915,41.1151,98.7542,54.1458,4162.0000
2700.0,5.701365807,31.0020173049,39.4370325591,42.1214,99.6728,58.7467,1288.0000
1800.0,5.7147235274,31.6737762416,39.0144840531,42.6838,100.0734,61.3342,4162.0000
2700.0,5.77243944576,31.8396970127,39.1449559241,42.4254,99.8207,60.9813,3251.0000
3600.0,5.55641661755,29.2764204709,40.0678946934,39.7342,97.1035,56.3182,1288.0000
900.0,5.28600578262,33.6750186803,39.1199435554,44.2256,101.4520,57.7164,3126.0000
3600.0,5.41142129289,30.2829206939,40.1629852001,40.3746,98.0812,56.3111,3251.0000
2700.0,5.79578512919,32.1371856011,39.0470794692,43.5263,100.5681,61.8960,4162.0000
4500.0,5.5175527852,31.5444192751,39.7582207589,41.7239,99.2414,57.3831,1288.0000
1800.0,5.24257657968,29.0873555949,39.7744573304,39.7410,97.5398,52.5271,3126.0000
900.0,5.12902073888,29.8327283025,39.8859874688,40.5279,97.9894,52.3004,1677.0000
4500.0,5.7388328101,29.5219429992,40.0475685111,40.2599,97.5551,58.4533,3251.0000
3600.0,5.91855067416,31.8011429499,39.224633731,42.6005,99.9831,64.0640,4162.0000
5400.0,5.69103682991,32.1136014362,39.4960099759,42.8733,99.7681,59.1244,1288.0000
2700.0,5.52529189558,29.9745803182,39.6731663275,40.6898,98.0507,56.6044,3126.0000
1800.0,6.06429919035,32.1268503078,39.044173359,42.5918,100.2930,66.7458,1677.0000
900.0,4.96482909257,29.7782828274,40.3350620495,40.3266,97.7017,50.5280,6515.0000
5400.0,5.29197801957,29.8927393295,40.4269935139,40.1596,97.3629,53.7840,3251.0000
4500.0,5.49606103328,30.1343110629,40.2168607784,40.4607,97.6996,56.0364,4162.0000
3600.0,5.98631557245,30.9107246279,39.2717576722,42.2354,99.5601,62.4898,3126.0000
2700.0,5.49263997673,31.4158147581,39.2225014846,42.1636,99.4389,57.6702,1677.0000
6300.0,5.77503967802,33.7817754493,39.6093232454,43.5889,101.2182,65.5902,1288.0000
1800.0,5.5608310982,29.8286824633,40.1587865468,40.1016,97.6416,58.3227,6515.0000
6300.0,5.97478552314,36.2146157185,38.8934149958,46.4264,103.4651,68.4329,3251.0000
900.0,5.31411925874,31.8732908889,39.6612915782,42.0322,99.5444,56.5600,1167.0000
5400.0,5.66857957932,29.7567837024,40.4892824257,39.9652,96.9383,58.1520,4162.0000
4500.0,5.44449719692,29.9634768779,40.4334603942,40.2665,97.5413,54.6053,3126.0000
2700.0,5.51168995096,31.3323758882,39.4248606797,42.0621,99.6428,57.5111,6515.0000
3600.0,5.95457452203,31.3097154733,39.6361652082,42.1993,99.5034,63.7698,1677.0000
1800.0,5.5748787058,29.9502263479,39.7837792995,40.6241,98.0236,58.7449,1167.0000
7200.0,5.89319458725,31.3025833548,40.4146691089,41.0763,98.0550,63.7547,3251.0000
6300.0,5.62823715536,33.8044561762,39.966147084,43.5263,100.8470,63.7351,4162.0000
7200.0,5.93903489756,33.2259912163,39.5874699902,43.7648,100.8955,64.4907,1288.0000
5400.0,5.51235955308,31.3557040404,40.1034487786,41.3931,98.7353,57.9689,3126.0000
3600.0,5.68761244006,32.3305548682,39.3623987513,42.5287,99.8305,62.6693,6515.0000
4500.0,5.60796536416,31.0209016854,39.7508128634,41.5164,99.1930,58.2444,1677.0000
2700.0,5.71342094776,30.988524073,39.7103622053,41.8042,98.9812,60.4409,1167.0000
7200.0,5.65114900706,32.2786669963,40.031222361,42.1738,99.6904,60.1529,4162.0000
8100.0,5.73082865661,31.384340172,40.658165357,41.3336,98.5865,61.6409,3251.0000
8100.0,5.91981101688,32.7644242528,39.6939079009,43.0023,100.3762,65.5707,1288.0000
6300.0,5.89643201735,34.8817929838,39.8149117211,44.6506,101.8513,69.2222,3126.0000
5400.0,5.57818082696,31.8686389782,39.4131363108,42.4977,99.5624,58.0658,1677.0000
4500.0,5.70887511708,32.0828288186,39.3378960636,42.6417,99.8371,61.5147,6515.0000
3600.0,5.84346887151,31.9563000201,39.4795629652,42.4024,99.8541,62.1298,1167.0000
8100.0,6.01532687886,33.8965124864,39.26263959,44.4402,101.9509,67.5093,4162.0000
9000.0,6.50548049024,35.2959283549,38.3021456016,46.6801,104.1317,76.4231,3251.0000
9000.0,6.29102936667,35.9708100029,38.4088343944,46.6802,104.2335,70.9476,1288.0000
7200.0,5.76452383251,35.1076268687,39.9005349573,44.8816,101.9536,64.0062,3126.0000
5400.0,5.37273072275,30.1565716719,40.6086698882,40.4875,97.3015,54.3520,6515.0000
6300.0,5.67458224486,36.1029372959,39.8717987567,45.5472,102.8345,65.2631,1677.0000
4500.0,5.87008807628,32.6036658397,39.5030045607,43.1037,100.1142,62.3458,1167.0000
9000.0,6.34084451498,35.8413384256,38.2226277262,47.2603,104.5555,71.4924,4162.0000
9900.0,7.66145637611,58.7467181512,34.2064284297,74.0136,131.5327,110.7529,3251.0000
8100.0,6.05929343092,33.6218779206,39.3968588171,44.0997,101.1762,68.3813,3126.0000
9900.0,6.03544668627,37.181741055,38.082550512,48.0334,105.4207,72.8311,1288.0000
6300.0,5.92382488978,35.1895317712,39.466223941,44.9850,102.2808,68.1236,6515.0000
7200.0,5.83837942531,33.4124260922,39.6073242872,43.6744,100.7522,64.9093,1677.0000
5400.0,5.57586565612,29.9994437577,40.3744216249,40.3992,97.3188,56.7120,1167.0000
9900.0,6.0519323694,35.1062430184,39.054870889,45.7867,103.1850,71.0071,4162.0000
10800.0,6.16076361219,37.0678606313,37.4983534285,48.8412,106.1911,69.1929,3251.0000
7200.0,5.5869379837,31.4527315497,40.4607746006,41.2258,98.3697,60.4551,6515.0000
9000.0,6.00540472799,36.3069719457,38.3316309272,47.6720,104.7806,65.4444,3126.0000
8100.0,6.34126580057,34.6624308177,38.5548630565,45.6048,103.1437,70.3760,1677.0000
6300.0,5.99562463111,35.1710114247,39.3583664955,45.1162,102.3438,67.5964,1167.0000
10800.0,5.99931463555,33.483711773,39.7930894704,44.0603,101.1151,65.6720,1288.0000
10800.0,6.92229556005,41.4411540891,37.3793433792,52.5916,109.7393,97.4009,4162.0000
11700.0,5.91580132364,35.0743758582,39.0412658421,44.9814,102.7364,66.4827,3251.0000
9900.0,5.81956383703,31.9748172616,39.4300226885,42.6233,99.9298,62.0213,3126.0000
8100.0,6.03836820535,34.1242831683,39.3633427677,44.8029,101.8754,67.1840,6515.0000
7200.0,5.55290991574,31.7655909718,40.2375496105,41.5104,98.9446,58.5333,1167.0000
9000.0,6.03018451184,35.0955801422,38.8388638038,45.6854,103.4346,66.7964,1677.0000
11700.0,5.99693713085,32.7877281114,39.9119575272,42.6680,100.3183,63.8871,1288.0000
12600.0,5.4825271524,33.2285840593,39.6890306032,43.2817,100.4621,58.3147,3251.0000
11700.0,6.89739365833,41.2464249105,37.5079478307,52.0613,109.5929,85.6978,4162.0000
10800.0,6.13412548787,34.8108822467,39.1201760634,45.5152,102.6317,68.1422,3126.0000
9000.0,6.29861906773,35.9500039775,38.2746859639,47.2246,104.3992,69.0098,6515.0000
8100.0,5.99061048432,32.820386042,39.7057648874,43.1408,100.2965,66.4196,1167.0000
9900.0,6.23924032865,34.646903114,38.8894109597,45.3870,102.6120,70.6844,1677.0000
13500.0,6.10376846661,33.9961613936,39.3134829125,44.2855,101.5609,66.6489,3251.0000
12600.0,6.08800756597,34.5466851233,40.1024276661,44.0067,101.3443,68.7600,4162.0000
12600.0,5.83495593433,32.3454305759,39.9771912741,42.2062,99.5236,61.9520,1288.0000
9000.0,5.85950225609,35.4011015011,38.6704916086,46.0255,103.5102,63.3316,1167.0000
11700.0,6.52568613785,36.5006244386,38.5768438133,47.1227,104.4880,73.8356,3126.0000
9900.0,6.35257055314,35.8296665445,38.4114350703,47.0727,104.4304,71.6773,6515.0000
10800.0,7.21111854776,45.4644781525,37.4696532377,56.3122,112.9881,116.0213,1677.0000
14400.0,5.85355431619,33.2691662031,40.1876662484,42.8849,100.0694,63.4427,3251.0000
13500.0,6.00995716481,33.9793484576,39.8971777156,43.7980,101.3199,64.6169,4162.0000
13500.0,6.40661385368,33.3111721152,39.1242288383,43.5541,101.1510,69.5609,1288.0000
12600.0,6.03442049417,34.2394592179,39.2458635987,44.2511,101.2965,66.8551,3126.0000
9900.0,6.04868366389,32.1852271057,39.7734406833,42.7603,100.2519,66.4764,1167.0000
10800.0,6.93406536636,48.756551488,36.6439206186,60.8965,117.7531,98.2320,6515.0000
11700.0,6.88467363208,58.2125573521,35.4596169316,72.4717,130.3314,80.5627,1677.0000
14400.0,6.12411295197,33.9282216341,39.573366253,44.0280,101.3954,66.9858,4162.0000
14400.0,5.72753787137,33.3284393899,39.9482613659,43.0004,100.3187,61.9360,1288.0000
13500.0,6.01262551623,33.4426166118,39.6668665033,42.9008,100.3168,66.1920,3126.0000
10800.0,6.07652298229,36.8837275024,37.9795864118,47.8065,105.0885,69.9013,1167.0000
11700.0,6.27297575793,40.0062459853,38.2435888771,52.1327,109.8159,70.5004,6515.0000
12600.0,5.59023158128,34.387627809,39.513162939,44.5645,101.5101,60.8124,1677.0000
11700.0,6.04191134203,33.6512143771,39.2197858209,43.7842,101.3455,68.0124,1167.0000
14400.0,6.10862566863,31.4021153572,40.1561861314,41.2154,98.5212,65.6551,3126.0000
13500.0,5.87470044573,33.1926031283,39.724080439,43.2924,100.6021,63.1982,1677.0000
12600.0,6.2500471144,33.8802109936,39.6833995501,43.6818,100.8986,68.3298,6515.0000
12600.0,6.03747494168,37.5761713251,38.8343277036,47.8127,104.8181,68.7609,1167.0000
14400.0,5.86703091432,31.6117951587,40.1863423433,41.4687,98.7429,64.0222,1677.0000
13500.0,6.24789380836,33.5227070488,39.828043736,43.5894,101.2931,68.0756,6515.0000
13500.0,5.91374854719,32.2919947863,40.3347688621,41.8430,99.0173,61.9298,1167.0000
14400.0,5.95392804339,32.2871123746,40.2527180644,41.8502,99.1842,63.1378,6515.0000
14400.0,5.77005205741,31.8679407244,40.8362472996,41.3529,98.5735,61.2773,1167.0000
900.0,5.17618488185,30.2528675304,40.0385863564,40.6761,98.2065,55.2116,3585.0000
1800.0,5.75305567759,30.8778639941,39.6941147707,41.5174,98.9206,59.4631,3585.0000
2700.0,5.65701702452,31.6754111391,39.2084055992,42.3191,99.8692,59.4240,3585.0000
900.0,5.54364760395,31.2480510905,39.3419153838,42.7526,100.1392,59.3804,9175.0000
3600.0,5.71134099966,31.8246806666,38.8510700197,43.1426,100.4196,60.8996,3585.0000
1800.0,5.66100959601,31.8963493194,39.1366986417,42.6495,99.9806,59.6409,9175.0000
4500.0,5.47910584142,30.9588160718,39.9915493462,41.4695,98.4442,58.0036,3585.0000
900.0,5.06508043106,30.1538838018,40.1622890522,40.2587,97.7502,52.9902,8602.0000
2700.0,5.76260222597,31.0884665607,39.4697614102,41.7474,99.1420,59.9733,9175.0000
5400.0,5.44171222005,28.0468033238,41.0917563258,38.1825,95.3448,53.2933,3585.0000
1800.0,5.85196775491,32.5242858042,38.6495452844,43.9177,101.5219,62.6987,8602.0000
3600.0,5.68328802377,29.5505802165,40.3090270773,40.2811,97.7931,58.9493,9175.0000
900.0,5.16520043848,32.2327086048,39.4870108307,42.6710,100.4150,55.2498,2797.0000
6300.0,5.39696583664,34.423997863,39.9061505664,44.1906,101.5762,60.9911,3585.0000
2700.0,5.67848377589,31.6336079664,39.3445604313,42.4253,99.6292,60.1004,8602.0000
4500.0,5.65653341397,28.9100322183,40.73487044,39.0792,96.5120,56.4658,9175.0000
1800.0,5.54705758232,30.3612817115,40.0745824096,40.4645,97.9351,57.6800,2797.0000
7200.0,5.56879766594,32.5036371756,39.6054457457,42.6919,99.9140,60.7698,3585.0000
900.0,5.04267133253,30.4653696441,39.980617807,41.0178,98.5089,52.3662,6785.0000
3600.0,6.31284506273,33.8813920212,38.1875101073,45.4823,102.9379,70.8462,8602.0000
900.0,5.46635337719,32.4580456737,39.3082890814,43.2443,100.5793,59.4373,5473.0000
5400.0,5.91617518004,32.3200936221,39.2735223794,42.7512,100.0172,62.4302,9175.0000
2700.0,5.91622008542,33.4087718117,39.2361444188,44.2154,101.4677,63.3947,2797.0000
8100.0,6.10598723443,35.2262469205,38.8047077447,46.3026,103.7053,68.6747,3585.0000
4500.0,5.54414599155,30.1331395822,40.1425579257,40.5123,98.2830,56.4267,8602.0000
1800.0,5.94062179715,32.7062789874,38.7372035071,44.0766,101.6092,64.3067,5473.0000
6300.0,5.74679025779,36.0190034325,39.2156457468,46.0163,103.4550,66.3493,9175.0000
3600.0,5.44534441951,28.9201505268,40.6772042411,39.2005,96.3969,56.3973,2797.0000
900.0,5.18278291025,30.7778047429,39.8466235095,41.0500,98.4407,54.0853,9951.0000
5400.0,5.47688060934,30.1280146977,40.5256913968,40.5433,97.5254,55.2142,8602.0000
9000.0,6.26878277631,35.7353080855,37.9981504753,47.1543,104.6019,71.4640,3585.0000
2700.0,5.548664034,30.404107756,39.6060308532,41.0801,98.8463,57.0827,5473.0000
7200.0,5.7617098786,33.5662596996,39.3786653642,43.8498,101.4108,62.4916,9175.0000
4500.0,5.45293150642,30.2343097981,40.2587379566,40.3434,97.9885,55.1920,2797.0000
1800.0,5.93028959499,32.8984313206,38.6193557446,44.3623,101.6432,64.5671,9951.0000
6300.0,5.75272786579,35.7902180902,39.5324428947,45.4762,102.5214,65.8471,8602.0000
1800.0,5.50608699507,31.3252413638,39.5199083244,41.7438,98.7491,59.3120,6785.0000
3600.0,5.58454572985,30.8355427152,39.623954009,41.5406,98.7997,58.5253,5473.0000
9900.0,6.46403804571,36.9494390419,37.6435630673,48.9576,106.4629,74.1422,3585.0000
5400.0,5.53016239576,29.6535588182,40.5517888807,39.8397,96.9754,57.2622,2797.0000
8100.0,6.45419668859,35.7474710068,38.2776811068,47.0389,104.3083,73.3307,9175.0000
2700.0,6.16596263022,33.084829325,38.6275177005,44.1558,101.7880,67.2658,9951.0000
7200.0,6.01451005771,34.5530916893,39.3374259416,44.5656,101.7626,67.4756,8602.0000
4500.0,5.70082004128,29.8496621657,40.0726177581,40.2660,97.5132,58.1653,5473.0000
2700.0,5.85548737828,32.7891170155,38.9602582239,43.6796,101.1927,63.1947,6785.0000
10800.0,5.95852832838,35.8219936368,38.4156218759,47.1537,103.9962,66.2578,3585.0000
6300.0,6.00188368577,34.6471332434,39.9354692869,44.4061,101.4784,68.5591,2797.0000
9000.0,6.00340498575,33.5702247749,38.8294594001,44.8422,102.3164,65.6889,9175.0000
3600.0,5.44763260826,30.0020496153,40.1448868885,40.0541,97.3219,57.5609,9951.0000
8100.0,6.17943975386,33.2318711936,39.4655637999,44.1896,101.6292,68.4240,8602.0000
3600.0,5.44311378761,30.6579264726,39.8956038878,41.2359,98.5893,56.4507,6785.0000
5400.0,5.52635709659,31.5709118283,39.8022177172,41.7841,98.9829,59.1902,5473.0000
7200.0,5.55294419719,31.1963181212,40.6458253603,40.5457,97.7568,59.4898,2797.0000
11700.0,6.23814465683,33.3942208644,39.4487009978,43.6480,101.0707,70.1049,3585.0000
4500.0,5.31821847954,31.2177949733,39.8689924714,41.7926,98.8437,54.8018,9951.0000
9900.0,6.83869772369,38.1982880181,37.6664332654,49.3735,107.1998,84.4258,9175.0000
6300.0,5.84258070909,35.9599274763,39.1473921899,46.2382,103.4537,67.7236,5473.0000
4500.0,5.63110879218,30.5484703868,39.9255249147,40.9638,98.4231,58.4107,6785.0000
9000.0,6.45668923734,38.8242257501,37.2025306622,50.7104,108.0055,79.6436,8602.0000
8100.0,5.77567769583,32.6338208483,39.8755726783,42.9690,100.0656,61.9244,2797.0000
5400.0,5.34639213656,29.7330769531,40.4063685326,39.8747,97.0149,54.8311,9951.0000
10800.0,6.60727015697,36.2058675894,38.1281848682,47.3927,105.0050,76.1440,9175.0000
12600.0,5.99067233482,33.7679278256,39.5290577431,43.6092,101.0306,65.3404,3585.0000
7200.0,5.6173807476,31.9552872686,39.6889731825,41.9828,99.2948,59.7840,5473.0000
5400.0,5.82061384191,31.9443680185,39.3364986094,42.7230,99.9213,60.8151,6785.0000
9900.0,5.90294710123,33.6363759315,39.4823015875,44.2308,101.6609,65.1431,8602.0000
9000.0,6.02411412123,33.8967453926,39.2949689462,44.6319,101.4952,66.7902,2797.0000
6300.0,5.8639402596,35.9299086797,39.3963440131,45.7849,103.0442,66.9573,9951.0000
11700.0,6.59637009938,35.9131987529,38.5882707819,46.3071,103.6691,76.8080,9175.0000
13500.0,6.21789985983,34.6291354988,39.6368426606,44.4929,101.4908,68.3236,3585.0000
8100.0,6.33700716961,36.2257173041,37.9001995214,47.9048,105.1567,70.0133,5473.0000
6300.0,5.9903661743,38.6265719332,38.2699959888,49.0129,105.9638,71.4053,6785.0000
10800.0,6.92822934913,37.5131660935,38.0700956127,49.0517,106.4063,86.3600,8602.0000
7200.0,5.37534932852,32.3054668879,40.0622178804,42.1601,99.3608,58.0124,9951.0000
9900.0,6.04895655959,33.947943604,39.0731288924,44.6092,101.9185,66.4302,2797.0000
12600.0,5.68334971978,32.2028996053,40.5166560381,41.8006,99.1988,58.2622,9175.0000
14400.0,6.1554599742,34.4035910528,39.2586439942,44.5127,101.8936,67.1289,3585.0000
7200.0,5.57206156999,33.5659700914,39.8806888902,43.2367,100.6641,60.9067,6785.0000
9000.0,6.21023226251,35.404348374,38.4222404854,46.3853,103.4987,68.4960,5473.0000
11700.0,6.08866245497,33.7464056594,39.5909448727,43.8818,101.0495,65.6818,8602.0000
8100.0,6.54691770334,35.8728825372,38.4297213878,46.8908,104.1048,85.7831,9951.0000
10800.0,6.21662457823,36.8124434131,38.1367063528,47.8138,104.9647,71.5609,2797.0000
13500.0,5.76902606575,31.7612692348,40.4217929012,41.3467,98.6110,61.9671,9175.0000
8100.0,5.84049193109,31.569164996,39.6231809336,42.4252,99.8652,62.1342,6785.0000
9900.0,6.07233271745,35.7328850039,38.3643314243,46.9347,104.0765,68.1556,5473.0000
12600.0,6.40633180544,34.1124417571,39.0611161358,44.4652,101.7384,69.2764,8602.0000
9000.0,6.79143891738,49.8356572681,36.9437421811,62.0745,119.1358,79.7920,9951.0000
11700.0,6.49333922117,37.9581565092,38.28249241,48.4349,105.9812,75.9787,2797.0000
14400.0,6.16478423126,35.4809629626,38.4785587468,45.9009,103.5557,67.6311,9175.0000
900.0,5.2137495868,30.9274629049,39.8102102913,41.4879,98.9982,55.5947,9493.0000
9000.0,6.36635594722,35.2844371987,38.9364184089,45.8677,102.8347,72.0907,6785.0000
10800.0,6.95149604227,43.7992068371,36.0761811745,57.3477,114.7033,91.3333,5473.0000
13500.0,5.91381396565,34.6797141094,39.471039763,44.6290,102.1478,65.5342,8602.0000
9900.0,6.34739669056,36.0105867777,38.395071536,47.0916,104.3461,71.5271,9951.0000
12600.0,6.16624240044,34.6901972271,39.3044807076,44.8580,102.0014,68.9902,2797.0000
1800.0,5.69842787124,31.1775911702,39.4715263923,42.1926,99.5739,59.1182,9493.0000
9900.0,6.02251849217,34.9596431072,38.1441876344,46.5795,103.8282,65.4676,6785.0000
11700.0,5.9533479102,32.5930475599,40.0637640485,42.4043,99.6478,64.6169,5473.0000
14400.0,5.68605022925,31.4059484307,40.6467467325,40.8073,97.8419,59.9991,8602.0000
10800.0,5.96263679841,34.9740318148,38.6727946812,45.9307,102.9144,65.8516,9951.0000
13500.0,6.46933046792,35.0101619528,39.3198430031,45.1101,102.5941,73.4400,2797.0000
900.0,4.98999659606,31.1072378048,39.7475596305,41.4602,99.0396,52.7173,1009.0000
2700.0,5.41612281743,31.8300444621,39.5376124572,42.1806,99.6792,57.7289,9493.0000
12600.0,6.06230323446,36.5516311514,38.8066496451,46.8656,104.2367,66.1698,5473.0000
10800.0,6.06775331783,37.2689901806,38.311360621,48.1397,105.1897,70.2471,6785.0000
11700.0,5.92252717823,30.7236397337,40.7856812789,40.2191,97.5351,62.5698,9951.0000
14400.0,6.24739833606,34.49395843,39.500103192,44.6655,101.9277,66.5822,2797.0000
1800.0,5.53599074103,29.8197357571,39.9373539613,40.2539,97.4420,58.0000,1009.0000
13500.0,6.09262327325,33.855583127,39.4036643652,43.7906,101.3584,65.1778,5473.0000
3600.0,5.64606486805,29.5282988159,40.216673522,39.7739,97.1579,59.1289,9493.0000
11700.0,6.43016200658,34.1749172172,39.2801543597,44.3307,102.0288,71.2427,6785.0000
12600.0,5.71129729053,30.1397982661,41.0032980405,39.3792,96.8364,60.3938,9951.0000
900.0,5.1645013904,29.8461905958,40.6567961727,39.7614,96.7727,54.1947,9026.0000
2700.0,5.76707524223,31.2260387991,39.4500237242,42.1681,99.5867,59.8711,1009.0000
14400.0,5.98095793393,31.050556367,40.6423426662,40.8815,98.0754,63.1991,5473.0000
12600.0,5.68052398229,33.1168664275,39.9919959889,42.8514,100.0145,60.6978,6785.0000
4500.0,5.51824206293,31.8872163998,39.2110487427,42.2451,99.9441,59.0729,9493.0000
13500.0,6.25418894093,35.1701090201,39.2655208399,45.2412,102.9773,71.1413,9951.0000
1800.0,5.71790120374,31.3037262944,39.35443819,42.0066,99.3229,59.9333,9026.0000
3600.0,5.85726945093,31.3040667227,39.2911758072,42.0594,99.5308,61.7556,1009.0000
13500.0,6.14251907753,34.7637854647,39.3336495641,44.9512,102.5815,67.3680,6785.0000
5400.0,5.62158907497,28.0987403439,41.2983966861,38.1344,95.1500,55.7084,9493.0000
14400.0,6.38997920269,34.9611247368,39.3971764817,44.9328,102.2107,70.6996,9951.0000
900.0,5.11891800898,29.6300070161,40.5369739301,39.6337,97.0406,52.6053,4085.0000
2700.0,5.73037918944,30.5275693133,39.569905269,41.1771,98.8635,60.6187,9026.0000
4500.0,5.45115135185,29.552943088,40.3350003258,39.9392,97.3725,55.1538,1009.0000
14400.0,6.22860420896,33.8233599936,40.2281942908,43.4781,100.8194,72.3298,6785.0000
1800.0,5.70659423961,31.9240903017,39.0801438204,42.6904,100.1038,61.2178,4085.0000
6300.0,6.31043263297,38.0052089778,38.4002237138,48.1122,105.5709,77.0080,9493.0000
900.0,5.25360676931,32.1702827459,39.2041408533,42.9264,100.6639,57.4151,8463.0000
3600.0,5.76287116637,32.0227351595,39.3101354908,42.5627,99.8257,62.1013,9026.0000
5400.0,5.51480559499,30.4489104436,40.1075039987,40.8356,97.9396,56.7724,1009.0000
2700.0,5.62347463683,29.0593910726,40.3170045868,39.4993,96.9646,57.0053,4085.0000
7200.0,5.70538113863,34.1666032499,39.1755316417,44.5424,101.6192,63.3804,9493.0000
1800.0,5.83563083708,30.7358617835,39.6848765539,41.5141,98.8389,60.7529,8463.0000
4500.0,5.8234075257,29.8755403989,40.3184310287,40.4803,97.7308,59.4764,9026.0000
6300.0,5.48377405038,32.1669246914,40.595268968,41.8095,99.3474,60.1556,1009.0000
900.0,5.01407906179,29.4273533109,40.3526315726,39.8239,97.3532,51.6444,6366.0000
3600.0,5.7364940264,30.6997602301,39.4360258489,41.4974,98.9401,60.4942,4085.0000
8100.0,6.056733211,34.2513207447,38.934777977,45.0035,102.2407,68.3564,9493.0000
2700.0,5.76907307578,30.6120920811,39.6144866883,41.6893,99.1926,60.0302,8463.0000
5400.0,5.62161339771,31.0713047372,39.7282706898,41.7519,99.0243,56.8729,9026.0000
7200.0,5.56884711329,33.2818239077,39.8934149133,43.0931,100.4232,60.6987,1009.0000
1800.0,5.4216469247,29.6249804806,39.6949101753,40.5369,98.1466,55.6267,6366.0000
4500.0,5.77515085933,30.5987407451,39.9999671988,40.7390,98.0720,59.0631,4085.0000
9000.0,6.52592249088,34.8593108964,38.5297660614,45.9827,103.2450,72.1680,9493.0000
3600.0,5.99427310717,32.350107335,38.6898997309,43.7319,101.2137,63.6498,8463.0000
6300.0,5.93309476123,34.6828008357,39.6797433896,44.5034,101.6506,65.7644,9026.0000
2700.0,5.66140707987,30.4222749569,40.2311205162,40.3660,98.1668,58.5342,6366.0000
8100.0,6.00464709101,34.7267943191,38.9102024954,45.4019,102.6294,66.6053,1009.0000
5400.0,5.25578167531,29.2659695085,40.8168049583,39.3411,96.3189,53.0258,4085.0000
4500.0,5.54814609914,30.1645179982,40.089116425,40.7971,97.8621,57.0213,8463.0000
7200.0,5.88275745403,31.9745819083,39.8557596187,42.1987,99.5747,64.0222,9026.0000
9900.0,6.47986904228,36.7070655625,38.0507871622,48.0939,105.5417,79.8258,9493.0000
3600.0,5.45032442274,29.967775382,40.3937654514,40.3484,97.6481,56.1947,6366.0000
9000.0,6.27643814247,33.6516534074,39.1021930645,44.0949,101.3780,68.6853,1009.0000
6300.0,5.76942742708,37.0535442309,38.9546078287,47.2205,104.2362,67.4729,4085.0000
5400.0,5.17620674506,28.4883478739,41.2198183333,38.0135,95.1553,51.5369,8463.0000
8100.0,6.34018407294,35.3579514354,38.2274098621,46.6808,103.7625,71.2213,9026.0000
4500.0,5.56179120245,29.0075089892,40.6049422893,39.3258,96.5225,56.3547,6366.0000
10800.0,7.1042629691,42.8289213449,36.5161365311,55.1139,112.2531,96.2116,9493.0000
9900.0,6.05614312581,33.7766335107,39.4131892162,44.2980,101.4823,66.5609,1009.0000
7200.0,5.53437128572,30.9177376643,40.5054371194,40.5798,97.8827,58.9396,4085.0000
6300.0,5.69294032766,36.5265189479,39.5292485334,46.3165,103.1874,67.0089,8463.0000
9000.0,5.69617325007,34.5806122967,38.8220737497,45.5077,102.9922,62.2640,9026.0000
5400.0,5.79070872152,32.7842653103,39.4111020793,43.3463,100.1776,61.4009,6366.0000
11700.0,6.03640879481,33.678329271,39.3848298036,43.9267,101.3997,65.2213,9493.0000
10800.0,5.98183356534,35.653243646,38.8341743121,46.3774,103.3007,67.7404,1009.0000
8100.0,6.41678737566,37.4006568956,38.3630116759,48.1539,105.1440,77.1378,4085.0000
7200.0,5.60265413425,33.4120294272,39.660332626,43.3338,100.5765,63.0249,8463.0000
9900.0,6.18378171508,34.9777049862,38.652531066,46.1437,103.4926,68.5636,9026.0000
6300.0,5.82137576281,37.3360984701,38.876631831,47.4428,104.8209,67.2320,6366.0000
11700.0,6.25952981882,36.42066964,38.4144961361,46.7910,104.3345,70.5644,1009.0000
12600.0,6.04019227949,33.3717635995,39.4626207533,43.5732,100.6703,64.3973,9493.0000
9000.0,6.75251624953,40.3015642492,37.2456470465,51.5051,108.9544,88.5769,4085.0000
8100.0,6.18256377855,36.6197482084,38.5603038324,47.5665,104.8506,69.5556,8463.0000
10800.0,6.2600642261,36.1446566078,37.7996633187,47.5985,104.7711,69.7902,9026.0000
7200.0,5.7571338662,33.6753610323,39.5063167751,43.7063,101.0382,63.5484,6366.0000
12600.0,5.9755829724,35.4846461942,39.0264478949,45.8228,102.8483,65.7564,1009.0000
13500.0,6.12942779602,34.9403991001,39.5724555016,44.7536,102.2019,67.4338,9493.0000
9900.0,6.03949422013,34.1756902838,38.9914781298,45.0501,102.4507,65.5342,4085.0000
9000.0,6.46412897756,37.4020011063,38.0020217772,48.3904,105.5173,77.3831,8463.0000
8100.0,6.00916073886,36.2147715238,38.3648762813,47.5865,104.7721,71.3884,6366.0000
11700.0,6.2227698404,33.7148752189,39.3208653446,43.8450,101.3854,67.9289,9026.0000
13500.0,5.92842735107,35.1243218706,38.8931141514,45.3171,103.0755,65.7200,1009.0000
14400.0,6.04790285175,32.0207755901,40.090393581,42.0185,99.2097,64.6364,9493.0000
10800.0,6.13036151094,34.9293379052,38.4341391273,45.8091,103.1457,69.2444,4085.0000
9900.0,6.21513098431,37.2447206777,38.1856384195,48.3711,105.5001,73.9849,8463.0000
12600.0,6.04626446132,32.4917593761,40.1811198175,42.3505,99.6448,63.7120,9026.0000
9000.0,6.7646013074,41.2411243871,36.5600287204,53.1891,110.5275,83.8782,6366.0000
14400.0,5.80612135133,32.0801194085,40.0060769378,42.0810,99.3906,61.8142,1009.0000
11700.0,6.01237814649,34.3529530053,39.3511813174,44.1924,101.9024,65.3662,4085.0000
10800.0,6.6110675007,37.7678333649,37.5268447177,49.2349,106.1924,77.9102,8463.0000
13500.0,5.96108873982,34.9367020694,38.9784393549,45.1045,102.5803,65.4596,9026.0000
9900.0,6.3926396325,37.5953624115,38.2946630484,48.5255,105.6906,76.5822,6366.0000
12600.0,6.14924447631,32.2555868575,40.4496704258,41.8268,98.9970,66.5164,4085.0000
11700.0,6.37872627388,34.3770999255,39.0099679283,44.8231,102.0288,70.8356,8463.0000
10800.0,6.02400558225,33.885518172,39.2993542437,44.1356,101.5235,66.2916,6366.0000
14400.0,6.29762900185,33.1832266548,39.7198188986,43.3365,100.7221,68.1049,9026.0000
900.0,5.0730006974,28.8403335187,40.6237287225,39.0951,96.4639,51.8196,9271.0000
13500.0,6.03615252877,32.3504495985,39.7580141768,42.2530,99.9443,64.2436,4085.0000
12600.0,5.90896976255,31.2813825329,40.6692267081,40.6959,98.1190,62.2204,8463.0000
11700.0,6.14041159606,33.8958268294,39.2301500026,44.3296,101.6466,67.7084,6366.0000
1800.0,5.67036822022,31.1414934827,39.6456434698,41.6864,99.0778,59.5289,9271.0000
14400.0,6.1329386664,34.5847532786,39.5952465243,44.3024,101.5297,68.8969,4085.0000
13500.0,5.78396877317,31.657660396,40.8724236838,41.0426,98.4666,62.2462,8463.0000
900.0,5.4032778486,31.440587235,39.6778545148,42.0921,99.3316,58.0924,7146.0000
12600.0,6.20898961243,34.7021645658,39.6157855149,44.6463,101.9913,67.3484,6366.0000
2700.0,5.47863107119,31.6226713588,39.3431032223,42.3854,99.9233,57.1404,9271.0000
14400.0,6.78574715544,34.0973911655,38.9485644814,44.8323,102.1818,74.8871,8463.0000
1800.0,5.59178165108,30.3021658119,39.7525715702,40.9689,98.3756,58.0747,7146.0000
13500.0,5.95388323439,33.0857188684,39.7691937621,42.7432,100.1854,65.0116,6366.0000
900.0,5.44632306945,32.438408947,38.7806795923,43.6867,101.1616,58.4116,3091.0000
3600.0,5.64760989246,31.4463224118,39.3538961029,42.1342,99.7482,59.8098,9271.0000
2700.0,5.58923907289,31.1868953585,39.5386884509,41.8371,99.1472,58.9511,7146.0000
14400.0,5.88443873782,32.9827818645,39.8359157776,42.9085,100.1568,63.2213,6366.0000
1800.0,5.81997362386,30.4652344339,39.5734714853,41.2720,99.0241,61.6302,3091.0000
4500.0,5.71762953593,31.211305263,39.8144900596,41.4280,98.5126,60.3813,9271.0000
3600.0,5.82226016314,32.5297461053,38.5741866138,43.6441,101.1573,62.6862,7146.0000
900.0,5.48972608152,33.0030297663,38.7864764424,43.8934,101.6223,60.5671,2315.0000
2700.0,5.76658825713,32.1103278817,39.2513379807,42.9062,100.5140,62.3662,3091.0000
5400.0,5.41127515697,29.1670237699,40.3805070441,39.7382,97.1259,53.5422,9271.0000
4500.0,5.42149812344,29.8916513176,40.3209881198,39.9984,97.4298,55.8098,7146.0000
1800.0,5.69579701732,30.7686125162,39.4683267292,41.6456,99.0447,58.8018,2315.0000
3600.0,5.86389183244,31.1213891564,39.3352063281,42.0642,99.7134,61.2764,3091.0000
6300.0,5.91238620393,35.2760443788,39.2108696598,45.3614,102.9818,67.6987,9271.0000
5400.0,5.78059888368,30.212721209,39.9992802244,40.5131,97.8128,60.4356,7146.0000
900.0,5.42898887579,32.0722727812,39.6556190079,42.9396,100.1167,57.1484,5569.0000
2700.0,5.68258080721,31.3470258968,39.2315077491,42.3747,99.6413,60.4053,2315.0000
4500.0,5.62817738786,28.9383580368,40.7194640797,39.1676,96.2019,57.2542,3091.0000
7200.0,5.42582264352,33.0738542159,39.7732966736,42.9735,100.0110,59.0738,9271.0000
6300.0,5.68277605652,35.240070437,39.4613493603,44.9089,102.0707,65.1484,7146.0000
1800.0,5.72823749864,29.9975463763,40.1251214781,40.2296,97.5910,59.6258,5569.0000
3600.0,5.8094013195,33.1251941108,38.8321371077,43.8285,101.8244,62.9724,2315.0000
900.0,5.31425155027,31.0710379804,39.7289702632,41.7433,98.8349,56.9564,9647.0000
5400.0,5.58282063318,30.3495518942,39.954028251,40.9798,98.5145,57.6631,3091.0000
8100.0,6.48019220698,37.6201311442,38.1465326161,48.9195,106.1987,76.6604,9271.0000
7200.0,6.02585937895,33.2661478481,39.2875547644,43.5741,101.0520,66.1680,7146.0000
2700.0,5.63326149597,31.6204741681,39.2769525178,42.4750,99.9948,59.6089,5569.0000
4500.0,5.44354703531,31.6943340645,39.8402624958,42.0493,99.2932,56.9493,2315.0000
1800.0,5.75729712503,32.3712198398,39.3349729845,42.9853,100.3324,62.4533,9647.0000
6300.0,5.84713259183,35.2430999101,39.9074532431,44.7807,102.0678,67.1351,3091.0000
900.0,5.37107316948,32.7481149303,38.8240200237,43.8403,101.3368,58.0516,8556.0000
8100.0,5.95951030492,33.6640885578,39.2716759203,44.1048,101.4348,66.2329,7146.0000
3600.0,5.82337264761,30.5002598984,39.828580467,40.7295,98.2603,62.9787,5569.0000
9000.0,6.59235128369,38.6310481094,37.3497490447,50.5313,107.6899,76.5867,9271.0000
5400.0,5.77037693752,32.2948925932,39.2095693751,43.0117,100.1132,61.3049,2315.0000
2700.0,5.59277809103,30.5655504907,39.4771196754,41.6113,99.0816,57.3520,9647.0000
7200.0,5.53290430606,31.0508768054,40.7253757764,40.8493,98.0983,58.4622,3091.0000
1800.0,5.79013180011,31.1846912899,39.3577680388,42.2781,99.5606,60.4898,8556.0000
4500.0,5.83043463465,31.2713869842,39.7546750162,41.5936,98.6999,60.2089,5569.0000
9000.0,6.66558790044,37.7369603431,37.7225789064,48.8210,106.0531,76.1760,7146.0000
9900.0,5.90898250731,35.6687087458,38.3474266289,46.5772,103.8931,65.2676,9271.0000
6300.0,5.51126986243,35.5218248051,39.7011659905,45.0608,102.1465,64.2000,2315.0000
3600.0,5.5798704619,30.1843751719,39.6389393916,40.8810,98.0888,58.3022,9647.0000
8100.0,5.99021619537,34.6877482822,39.2618358931,45.1436,102.6259,65.8978,3091.0000
2700.0,5.72495361775,31.5507314129,39.1726556331,42.4709,99.8921,61.7360,8556.0000
5400.0,5.60804471334,29.4060020703,40.2979017339,40.0533,97.4183,55.9787,5569.0000
9900.0,5.91509838365,33.2398775267,39.50061941,43.7539,101.0412,64.0631,7146.0000
10800.0,6.26313265631,35.3979147109,38.5819064281,46.1565,103.5811,71.9004,9271.0000
7200.0,5.59785531271,30.9984218523,40.487958861,40.6929,97.8787,59.6480,2315.0000
4500.0,5.63682302242,31.3198125474,39.3946851313,42.2366,99.5264,58.4249,9647.0000
9000.0,6.33699220216,34.5424110665,38.5052310888,46.2636,103.5548,70.8596,3091.0000
3600.0,5.64265972341,31.8293631795,39.4264708951,42.6987,99.9555,59.7227,8556.0000
6300.0,5.93408031593,35.5800660592,39.519350519,45.5689,102.8985,68.4204,5569.0000
10800.0,6.37657066542,34.4319920734,38.4593642296,45.6177,102.8748,68.2640,7146.0000
11700.0,5.80699629442,30.8445241596,40.5928511409,40.5356,97.8730,62.1067,9271.0000
8100.0,6.34972808351,35.402593253,38.7125966861,46.2062,103.6380,71.6996,2315.0000
5400.0,5.53841182262,29.6141771075,40.2925553048,39.7937,96.9579,57.6222,9647.0000
9900.0,6.07885204643,35.4800652622,38.3568078938,46.6722,104.0978,68.1040,3091.0000
4500.0,5.68327383747,31.3102207468,39.5112894835,41.9766,99.3262,60.6267,8556.0000
7200.0,5.69282026497,32.3368381776,40.3380017528,42.0229,98.9909,61.9698,5569.0000
11700.0,6.04647745457,33.5558014718,39.464640883,43.7725,101.1810,67.5511,7146.0000
12600.0,6.37793627342,36.5474888529,38.7636144626,46.9062,104.0530,70.3316,9271.0000
6300.0,5.71189635038,35.4294061678,39.7186026819,45.2196,102.1974,64.4862,9647.0000
9000.0,7.5919550253,56.3672016011,36.5926929021,68.0335,124.7262,136.5822,2315.0000
10800.0,6.03745809895,33.7411098835,39.2335060455,44.2629,101.5818,68.8516,3091.0000
5400.0,5.72680228299,30.5647422392,40.0583616684,41.1181,98.1185,58.4667,8556.0000
8100.0,6.28747942334,36.6011538414,38.3853873119,47.7442,104.7768,71.1707,5569.0000
12600.0,6.26872203617,35.0774366652,39.1221890888,45.3356,102.3887,67.6791,7146.0000
7200.0,5.60076984031,30.9398021733,40.8672532053,40.6126,97.4937,59.8480,9647.0000
13500.0,6.03911108568,33.5886002645,39.4695252814,43.6890,101.0833,65.1671,9271.0000
9900.0,8.04062218019,100.863495163,32.9295747694,116.7068,173.9298,132.7893,2315.0000
11700.0,6.21627216602,34.4957794067,39.6487535741,44.4225,101.9500,69.3138,3091.0000
6300.0,6.01337824832,39.2787171558,38.092642738,49.5698,106.8917,72.0818,8556.0000
9000.0,6.0734359638,35.2932378598,38.4581249008,46.3005,103.4334,67.2240,5569.0000
13500.0,5.93788314057,32.43122741,40.0597369576,42.3876,99.8294,63.8729,7146.0000
8100.0,5.84340129933,32.9763164301,39.3885063739,43.6822,100.8784,62.8044,9647.0000
14400.0,5.89841847716,32.278010814,40.3549403313,42.1838,99.4830,61.2027,9271.0000
12600.0,6.08288627259,34.1105420472,39.4115097769,44.2385,101.5888,67.4107,3091.0000
7200.0,5.64114506821,31.3021138751,40.4717763184,41.3277,98.4060,60.1751,8556.0000
10800.0,7.39593299987,46.9993287564,33.5201495967,68.5655,126.4903,88.0649,2315.0000
9900.0,6.39271217629,35.8738646222,37.9704361477,47.2474,104.5253,71.4880,5569.0000
14400.0,6.10137156478,34.2425016487,39.9016525291,44.0156,101.2114,68.8800,7146.0000
9000.0,5.96967058581,33.1302923492,39.4375139644,43.5169,100.6216,64.6062,9647.0000
13500.0,5.80928217122,32.8253433202,40.1814557155,42.5437,99.8056,62.6036,3091.0000
8100.0,5.91644388243,36.3953089295,38.3170381123,47.3813,104.5320,66.0329,8556.0000
11700.0,6.10799349696,33.3890640429,39.9825280871,43.2632,100.5148,68.1884,2315.0000
10800.0,5.96777147523,34.6394798487,38.5464283301,45.6214,102.8807,65.9280,5569.0000
9900.0,6.17121773223,33.990727846,38.8730482334,44.8637,102.3710,68.1742,9647.0000
14400.0,6.20301188848,35.5786675664,38.5629311305,46.0544,103.3983,68.8818,3091.0000
9000.0,6.29641283254,37.5784806974,38.0623111349,48.7750,105.9122,72.0480,8556.0000
12600.0,5.98425629163,34.0609647514,39.8386911193,43.9746,101.2252,63.8578,2315.0000
11700.0,5.8515305424,34.7114316614,39.0559168101,45.0310,102.5641,64.9067,5569.0000
10800.0,7.25131571627,46.5708213633,36.4045023315,58.8228,115.6587,110.7956,9647.0000
9900.0,6.13846721276,33.3534265198,39.4199817997,43.9351,101.4423,65.7636,8556.0000
13500.0,6.06170024248,36.0077257312,39.042562349,46.0856,103.5027,68.2498,2315.0000
900.0,5.07120027923,29.7708834532,40.5920915345,39.4451,96.6784,53.8231,4406.0000
12600.0,6.10263217502,33.2733908366,39.9529828571,43.1074,100.2111,67.1102,5569.0000
11700.0,6.64649804637,51.8627012902,36.4121488019,64.1357,122.0633,75.8133,9647.0000
10800.0,6.30131668915,35.5425240341,38.2524731594,46.9660,104.2263,69.2053,8556.0000
14400.0,5.972644851,31.6864432789,40.4358009295,41.2153,98.5877,63.1707,2315.0000
1800.0,5.17299718736,28.4640145427,40.798477348,38.5394,95.7868,51.3769,4406.0000
13500.0,5.99598105983,34.1721227974,39.5770425781,43.6463,101.3743,67.2018,5569.0000
900.0,5.24247734649,31.5143499885,39.5532539746,42.4153,99.5888,55.6258,1005.0000
12600.0,6.30596270626,35.6835951454,38.8201527525,45.9941,103.3889,69.5991,9647.0000
11700.0,6.01928653074,32.0378132283,40.261934251,41.8247,99.1428,64.4791,8556.0000
2700.0,5.61187404725,31.90421165,38.9523474738,43.0958,100.8837,59.4684,4406.0000
14400.0,6.64527577991,36.8491140433,38.4974036265,47.6139,104.7724,75.3920,5569.0000
1800.0,5.64036181117,31.3075200928,39.3645260642,41.9154,99.2981,60.3698,1005.0000
13500.0,6.07840793299,31.6992516835,40.2353996413,41.4166,99.0423,65.2071,9647.0000
900.0,5.25129088702,30.2579102359,40.0111587943,40.5404,98.0735,56.0222,8254.0000
12600.0,6.2453941809,33.3413166955,39.5871796963,43.4501,100.5346,67.4578,8556.0000
3600.0,5.60458447274,31.2156702876,39.5492541192,41.7192,99.1904,59.3280,4406.0000
2700.0,5.99838601596,32.0884973537,39.5640033677,42.6603,100.0925,64.7200,1005.0000
14400.0,6.0045147032,36.318105674,39.3488700995,46.3574,103.3473,67.9102,9647.0000
1800.0,5.59554637119,30.492330051,39.7239594593,41.2878,98.5336,58.3467,8254.0000
13500.0,6.19276698963,36.0067370831,38.9768533953,45.7366,103.5308,68.8720,8556.0000
4500.0,5.47324571043,30.6266620335,39.8904419549,40.8706,98.1883,56.4053,4406.0000
900.0,5.27305326476,32.3070944696,39.7090671995,42.6267,99.9955,56.9831,3800.0000
3600.0,5.99719714237,31.1263829139,39.0740274623,42.0735,99.6803,63.9893,1005.0000
2700.0,5.77241898818,31.5931207947,39.3814992695,42.0751,99.7639,61.7138,8254.0000
14400.0,6.2462901052,36.7825541809,38.4082712596,47.1803,104.9012,70.5084,8556.0000
5400.0,5.79128432369,30.5256440408,39.8674160266,41.0086,98.4399,60.3787,4406.0000
1800.0,5.76297003282,32.4740203197,38.8197841451,43.5665,100.9746,62.8844,3800.0000
4500.0,5.73579837418,30.2329959359,40.0790006215,40.8582,98.0103,59.1058,1005.0000
900.0,5.46658025037,30.4337053454,39.9003809223,40.9629,98.3789,57.7502,3491.0000
3600.0,5.57493791466,29.885967837,40.0001962354,40.4894,98.0587,57.3982,8254.0000
6300.0,5.54475210636,36.224932171,39.6536844309,45.8395,102.8511,64.0249,4406.0000
2700.0,5.21935542059,30.4500796951,39.9698105861,40.8287,98.2901,53.0560,3800.0000
5400.0,5.47988653365,30.0354033396,40.7785978622,39.7730,97.0864,55.3707,1005.0000
1800.0,5.70285804547,31.6682180596,39.300943615,42.5312,99.9315,60.7582,3491.0000
4500.0,5.68706168753,30.9363551753,40.2121918449,41.2390,98.4701,59.2418,8254.0000
900.0,5.45654366003,31.2690591518,39.1037369361,42.3244,99.9266,58.1182,6386.0000
3600.0,5.54910257652,30.2795714055,40.0658198853,40.6933,97.8237,58.2436,3800.0000
7200.0,5.93279600706,32.0577594421,40.2577579432,41.8441,98.9773,63.7093,4406.0000
6300.0,5.5866436883,33.2393727698,40.4045487938,42.7904,99.7329,61.6524,1005.0000
2700.0,5.75700827408,30.1686695306,39.8961791772,40.7083,98.2875,59.5893,3491.0000
5400.0,5.48698386017,30.6284596925,40.2412675192,41.1611,98.3677,54.7129,8254.0000
1800.0,5.43715132735,30.9809033841,39.7432006551,41.4710,98.6098,56.2160,6386.0000
4500.0,5.56140819464,29.3103504783,40.4388826552,39.6665,96.9048,55.5404,3800.0000
8100.0,6.04088541121,35.363436622,38.8387511122,45.9486,103.5368,69.9547,4406.0000
7200.0,5.61680828708,33.29345498,40.1806094008,43.0046,100.1626,62.5156,1005.0000
3600.0,5.63212852037,30.9880622066,39.4580948576,41.5500,99.2258,59.5404,3491.0000
6300.0,5.73363862173,35.4640271977,39.8873856002,45.3441,102.3625,65.0213,8254.0000
900.0,4.9379454387,29.1776403613,40.7382907192,39.2329,96.6946,50.9618,6033.0000
2700.0,5.80149113226,30.6639461512,39.6685969977,41.4058,98.8029,60.8462,6386.0000
5400.0,5.68346921359,29.7745988499,40.1748176758,40.3061,97.3437,56.2044,3800.0000
9000.0,5.84510023116,34.2002455371,38.9880618484,44.7913,102.2042,64.3316,4406.0000
8100.0,5.87688395562,33.917274238,39.4023428468,44.3966,101.9864,63.8009,1005.0000
4500.0,5.39619116471,29.435682427,39.9236185311,40.2697,97.2665,55.5689,3491.0000
7200.0,5.82573336696,33.8531453131,38.9776913072,44.2921,101.5556,64.6720,8254.0000
1800.0,5.70685083607,31.4845188,39.4007885493,42.3696,99.3952,61.6604,6033.0000
3600.0,5.60337298865,32.9741759392,38.7671790554,44.1427,101.7041,60.1573,6386.0000
6300.0,6.184024006,37.4222307859,38.6967366076,47.5159,104.7069,72.7493,3800.0000
9000.0,5.90864746705,33.3262101418,39.5847406733,43.6214,100.6378,64.0916,1005.0000
9900.0,5.89535767836,32.1688747584,39.4501521836,42.5649,99.9531,63.3404,4406.0000
5400.0,5.63090973954,31.1731513128,40.1322413978,41.5644,98.9132,58.3867,3491.0000
2700.0,5.70965717963,30.6177424366,39.6280239072,41.6205,98.9071,59.0631,6033.0000
8100.0,6.09439022844,33.1106953651,39.4140722515,43.6467,100.8951,65.9716,8254.0000
4500.0,5.41003101315,29.2125003735,40.8577904236,39.3682,96.6453,54.6498,6386.0000
7200.0,5.43699966499,31.072530184,40.4587843672,40.7494,98.0702,58.1920,3800.0000
9900.0,5.72380384676,32.9572184018,39.967255007,43.2165,100.6551,61.2622,1005.0000
10800.0,6.29684074563,36.3650541679,38.2485919559,47.2966,104.6302,70.0436,4406.0000
6300.0,6.33860572263,39.4671022881,38.2626585333,49.5109,106.4546,76.7911,3491.0000
3600.0,5.70987405874,30.0676580813,39.8714071333,40.6542,98.1090,59.3671,6033.0000
9000.0,7.10191798358,41.4187248906,37.3334238068,52.7162,109.4906,100.8036,8254.0000
5400.0,5.62260709366,29.6016760595,40.7951296215,39.7536,96.7229,57.7004,6386.0000
8100.0,5.91027857509,33.1086053083,39.0065483159,43.8092,101.1818,63.3787,3800.0000
10800.0,6.40802304852,35.4878980545,38.323776319,46.8384,103.9040,72.6302,1005.0000
11700.0,6.05557829408,31.6930136785,39.8915399812,41.9058,99.1853,64.2044,4406.0000
7200.0,5.51236276856,30.8569191182,40.8022073318,40.2295,97.5883,59.6240,3491.0000
4500.0,5.63171137172,29.8266922591,40.4755190223,40.2679,97.2504,58.1938,6033.0000
9900.0,8.47532046611,78.106128012,32.7030101312,95.0763,152.0735,147.2053,8254.0000
6300.0,6.0465792431,35.3193308104,39.1523255215,45.4103,102.9243,68.0942,6386.0000
9000.0,6.1602134908,35.472908228,38.529544466,46.5314,103.6990,67.8116,3800.0000
11700.0,5.84332532854,32.3498172894,40.4965456079,41.8343,99.3251,62.5600,1005.0000
12600.0,5.80712595267,34.7757699447,39.0464318716,44.9305,102.2131,62.5573,4406.0000
8100.0,5.58312698299,34.144238283,39.3138600071,44.8681,102.0170,59.9804,3491.0000
5400.0,5.75840043274,31.0206259794,39.7349396067,41.6348,99.1133,59.9591,6033.0000
7200.0,5.51775549477,31.6447045031,40.3442070229,41.5228,98.8021,58.4302,6386.0000
10800.0,8.82473864776,65.44240495,33.0845440482,84.6637,141.6256,145.9742,8254.0000
9900.0,6.02065959095,34.4891477243,38.6651825555,45.7031,102.8810,65.7689,3800.0000
12600.0,5.75871087417,34.8429249348,39.5905379595,44.5932,102.1252,63.1076,1005.0000
13500.0,6.007089043,33.0081052825,39.7781195196,43.0700,100.2173,65.0702,4406.0000
9000.0,5.93914805733,35.1035986148,38.7733596521,45.7256,103.0670,66.3156,3491.0000
6300.0,6.09771671446,36.2469716829,39.2826136895,46.3641,103.3718,70.8942,6033.0000
8100.0,6.00331743828,34.3580834167,38.8256464136,45.2914,102.4371,66.5022,6386.0000
11700.0,6.55837649997,62.161967603,36.9392765157,75.1249,132.9634,75.1600,8254.0000
10800.0,6.17726199894,33.999405704,39.3325263164,44.6528,101.7100,69.5956,3800.0000
13500.0,6.15001004806,33.6017384989,39.3667660346,43.5694,101.0517,67.9022,1005.0000
9900.0,5.83500137718,32.4399702396,39.5905393445,42.8873,100.4788,62.1938,3491.0000
7200.0,5.78031445158,31.7463991056,39.9435237626,41.8047,98.7822,61.7689,6033.0000
14400.0,6.01434084818,32.3658991789,40.1329472314,42.5449,99.6068,62.4827,4406.0000
9000.0,6.25945300453,36.5870494889,38.0694344836,47.3879,104.9761,70.6507,6386.0000
12600.0,5.85645786771,33.6187110672,39.6522753763,43.3636,100.9022,62.5173,8254.0000
11700.0,6.0357521031,33.7182438579,39.5455143807,43.9611,101.3948,67.1867,3800.0000
14400.0,6.17542203647,33.7024696794,39.5013710621,43.7441,100.8888,68.4871,1005.0000
10800.0,6.01801157882,36.2149999506,38.5392337578,46.9328,104.0363,66.6009,3491.0000
8100.0,6.27140609508,33.8304666846,38.8178591555,45.2510,102.8822,69.3804,6033.0000
9900.0,6.35521661355,36.4987413394,38.0582793879,47.4739,105.1441,71.2249,6386.0000
13500.0,5.78298879733,33.0433735687,39.9273699491,42.7105,100.3782,61.8222,8254.0000
12600.0,6.01072246607,36.3085746543,38.6242780956,46.7423,103.6454,66.9902,3800.0000
11700.0,6.16195821111,32.4909163806,40.1458039433,42.2946,99.5985,66.6916,3491.0000
9000.0,6.55736565262,36.4794148565,38.1395860865,48.0950,105.1721,74.7360,6033.0000
10800.0,6.0059985301,33.647916874,39.0861536122,44.4293,101.8843,65.9778,6386.0000
14400.0,5.96080458722,33.5782745429,39.4014822336,43.5647,101.0613,65.4871,8254.0000
900.0,5.3238389161,29.9408838381,40.5477105286,40.3254,97.2170,56.2551,9607.0000
13500.0,6.03028642775,33.7438385723,39.6971980389,43.6012,101.1792,65.2853,3800.0000
9900.0,6.0515682242,36.3092340609,38.5206235745,46.9501,104.4573,69.7671,6033.0000
12600.0,6.46567112716,37.0523943637,38.4006172706,47.4812,104.8399,73.9707,3491.0000
11700.0,5.75587104776,31.2339646798,40.1698083399,41.1052,98.6534,60.4418,6386.0000
1800.0,5.6272230329,32.19264447,39.0689171732,43.2565,100.6024,59.2818,9607.0000
14400.0,5.86634161803,31.7897025361,40.1970050644,41.5457,98.9994,62.6569,3800.0000
900.0,5.13347680252,30.0761574144,40.0528255398,40.6624,98.1326,53.5813,7809.0000
13500.0,6.24071967391,35.8760929513,38.7546845009,46.2620,104.0253,68.8124,3491.0000
10800.0,7.5302975779,42.6134570993,36.3082027706,55.0918,112.3832,101.7342,6033.0000
12600.0,6.43140063582,35.2964055482,39.5197845008,45.3368,102.6285,74.6427,6386.0000
2700.0,5.71625451914,31.0584927164,39.6734726725,41.4627,99.0033,61.0880,9607.0000
1800.0,5.88068300284,32.5313340345,39.3581048932,43.2921,100.3218,63.3084,7809.0000
14400.0,6.12771710862,35.6695790862,38.7072709569,46.0825,103.1273,67.2222,3491.0000
11700.0,6.27891957321,38.1860994174,38.3357055479,48.5371,105.8913,72.8987,6033.0000
900.0,5.09794897885,31.8346657433,39.2967138719,42.9476,100.4352,54.5049,2966.0000
13500.0,6.18922443399,37.1341200244,38.7814410275,47.7458,105.0104,71.5840,6386.0000
3600.0,5.51802820453,31.3865321883,39.3833443202,41.6005,99.2661,58.2640,9607.0000
2700.0,5.95999585527,31.488565693,38.8678434956,42.8216,100.4601,61.7244,7809.0000
12600.0,5.70112734076,32.7369496236,40.1175677578,42.3348,99.7371,60.3422,6033.0000
1800.0,5.58039314012,30.3415865151,39.9949086918,40.9756,98.4005,57.0836,2966.0000
14400.0,6.03911505464,35.0351596009,39.168166476,45.4484,102.5557,65.9218,6386.0000
4500.0,5.33147095942,29.3677557324,40.4962206358,39.5757,96.8415,54.3653,9607.0000
3600.0,5.7969874952,30.4911290894,39.722417189,40.9947,98.1295,60.2951,7809.0000
13500.0,5.78306524869,33.4715589047,39.6655700258,43.5041,101.1186,62.4329,6033.0000
2700.0,5.63190604511,30.9310836132,39.6307542192,41.8047,99.0827,60.0151,2966.0000
5400.0,5.69808432806,30.9135417346,39.4047745674,41.8993,99.1641,58.3760,9607.0000
900.0,5.0140017035,29.2843892032,40.7490429137,39.5355,96.9544,50.5653,4170.0000
4500.0,5.65779346166,29.736913898,40.4198061199,40.2140,97.6830,57.6622,7809.0000
14400.0,6.15406833006,35.2304823006,39.2859805379,45.6636,102.8925,69.1991,6033.0000
3600.0,5.68364358911,30.6898412984,39.5382429661,41.4222,98.7462,59.7502,2966.0000
6300.0,5.8846124753,37.728568991,38.9459822788,47.5851,104.8519,69.7724,9607.0000
1800.0,5.92267893505,31.3808098215,39.2553244934,42.4454,99.9200,62.7724,4170.0000
5400.0,5.42965512321,30.4237955976,39.8381857213,40.9109,98.1926,55.7351,7809.0000
4500.0,5.66222515301,29.7100119257,39.9729201468,40.2364,97.7764,57.8267,2966.0000
900.0,5.31394509924,31.6339785908,39.2641150041,42.5711,100.0118,56.7556,7546.0000
7200.0,5.76594930609,33.9781108105,39.0547560081,44.1727,101.6312,63.3582,9607.0000
2700.0,5.89528950742,32.0878486973,39.2224493553,42.9358,100.4042,63.5609,4170.0000
6300.0,6.23008648948,36.5357649692,38.6378571086,46.8314,104.1361,72.8062,7809.0000
5400.0,5.78826541833,31.728060695,39.3790983666,42.6106,99.7911,59.8924,2966.0000
1800.0,5.62361866822,31.8984858535,39.1943083754,42.6802,100.2209,60.6124,7546.0000
8100.0,6.33794815618,36.1358881866,38.1515396612,47.1601,104.3084,72.4258,9607.0000
900.0,5.42790307794,33.6087421442,38.6538257372,44.7092,102.2074,60.2107,5749.0000
7200.0,5.71992310558,34.6779682313,38.8018490999,45.1243,102.3300,62.9431,7809.0000
3600.0,5.60365160202,31.1568052137,39.2892173857,41.8796,99.3222,58.2453,4170.0000
6300.0,5.81034572453,38.1132739325,38.886715244,48.0056,105.2214,68.5324,2966.0000
2700.0,5.65152524446,29.6174669213,39.8346481135,40.3048,98.1142,57.9573,7546.0000
1800.0,5.68595769029,30.30746861,39.6914538263,40.4819,97.9689,59.8320,5749.0000
9000.0,7.55455848287,45.0878382069,35.8544963285,57.3455,114.9509,107.2302,9607.0000
4500.0,5.70970338374,31.1129397416,40.0449876619,41.6343,98.9532,58.1156,4170.0000
8100.0,6.07047559245,34.9104604251,38.9711480531,45.6682,102.9148,66.7476,7809.0000
7200.0,5.53414472315,31.8600603142,40.519653613,41.4506,98.7436,58.7458,2966.0000
3600.0,6.00478132969,31.282852323,38.98263777,42.3073,99.6467,64.3920,7546.0000
900.0,5.22723021257,28.4965980196,40.9941156955,38.4502,95.7394,53.6062,5484.0000
2700.0,5.89853870393,31.5521616478,39.2062954025,42.4061,99.8222,63.2613,5749.0000
5400.0,5.59879931851,29.8257706774,40.1697323877,40.2046,97.4710,56.1404,4170.0000
9000.0,6.28717369806,38.4970200555,38.0392123877,49.0097,106.4393,77.9529,7809.0000
9900.0,7.68412074153,48.262649467,35.7499900571,60.3408,117.5823,113.9431,9607.0000
8100.0,6.08451197727,33.766300745,39.3827560651,44.8075,101.9236,66.8480,2966.0000
4500.0,5.45776132589,30.2079933954,40.574511591,40.4074,97.5903,55.7387,7546.0000
3600.0,6.14457110052,31.6821632011,39.0978310148,42.7203,100.3551,66.4213,5749.0000
6300.0,5.64405320904,35.0836021955,39.9710509398,44.6012,101.6291,64.4187,4170.0000
9900.0,6.42535205678,38.7697701443,37.5390699272,50.0476,107.3845,78.5956,7809.0000
9000.0,6.40918856615,36.7466585429,37.9710874102,48.2416,105.5032,71.5804,2966.0000
10800.0,6.02089385493,33.9477350645,39.3524581442,44.2966,101.6770,64.0604,9607.0000
5400.0,5.59797281335,29.7653750642,40.5448277255,40.0535,97.0191,56.7493,7546.0000
4500.0,5.80492304843,32.498685198,38.848807358,43.3671,100.5866,62.0373,5749.0000
7200.0,5.65805280845,31.7367371198,40.2970699554,41.4991,98.6789,61.3849,4170.0000
10800.0,6.01000086136,36.8363285369,38.1582679736,47.6561,104.8932,68.5582,7809.0000
9900.0,6.02863695505,33.6158659628,38.7490291297,44.6844,102.2679,65.8400,2966.0000
11700.0,6.19248279641,35.1227098552,38.7355990459,45.6793,102.5797,69.8827,9607.0000
6300.0,5.94307620225,34.6505944418,40.2360233213,44.0810,101.1306,67.7404,7546.0000
5400.0,5.6998114386,28.7702010353,40.854297655,39.0415,96.2180,56.2347,5749.0000
8100.0,6.13595586051,37.2193771341,37.9838082957,48.2679,105.6225,72.0062,4170.0000
11700.0,6.23421476176,33.7982798279,39.6159003408,44.0388,101.2179,68.3182,7809.0000
10800.0,6.18085146194,35.4050464734,38.7416526718,45.9799,103.0923,70.2453,2966.0000
7200.0,5.99855122314,32.2734351942,39.7048819625,42.3438,99.6146,65.6169,7546.0000
12600.0,6.1058688989,34.0763532504,39.6349489415,44.3775,101.4394,63.9591,9607.0000
6300.0,5.82967540781,34.1588936627,39.8451148904,44.0062,101.3988,65.7253,5749.0000
9000.0,6.99388458137,41.9935603401,36.4273610986,53.8246,110.9486,89.8640,4170.0000
12600.0,6.27712336211,34.8565678382,38.9304246982,45.1889,102.6646,69.4942,7809.0000
11700.0,6.17965634494,34.9436360129,38.9561687092,45.4203,102.9707,67.4427,2966.0000
8100.0,6.02757888087,35.1353501767,39.2634540267,45.6064,102.7275,67.8080,7546.0000
13500.0,6.21254596211,35.9860217537,38.6138271597,46.3614,103.6115,69.9653,9607.0000
7200.0,5.46960485652,30.9976349824,40.4589306544,40.7040,98.0416,59.0124,5749.0000
13500.0,6.10298160523,33.738150227,39.9319669339,43.2950,100.6656,66.9040,7809.0000
9900.0,6.88208432244,35.9609561672,38.2423115092,47.3045,104.3472,91.0124,4170.0000
12600.0,6.10094003654,31.0212263234,40.6545731265,40.5937,97.8722,64.1378,2966.0000
9000.0,6.32146161251,35.2238773744,38.7196730601,46.0975,103.3101,69.6711,7546.0000
14400.0,6.24719873907,35.2470559644,39.3492876101,45.8001,102.9157,69.7440,9607.0000
8100.0,6.40084478516,35.2501966033,38.342543421,46.5022,104.0415,71.9324,5749.0000
14400.0,6.11496571509,34.3352791709,39.7859376746,44.0800,101.5576,69.3138,7809.0000
13500.0,5.84158464607,30.0316633224,40.7558067437,39.6433,97.0338,58.3902,2966.0000
10800.0,6.87360832137,52.367486726,36.28788437,65.7206,123.0345,83.2471,4170.0000
1800.0,5.68767111047,31.6357207697,39.1884700047,42.5404,100.0135,61.1093,5484.0000
9900.0,6.07787935705,33.2326565601,39.1320405963,43.8784,101.4726,66.4187,7546.0000
9000.0,5.74381778881,35.6687503241,38.3763776993,46.8337,104.0887,61.8196,5749.0000
14400.0,6.03837865225,32.6041568712,39.6726023849,42.5553,100.0281,65.2578,2966.0000
11700.0,6.08908090536,34.0122795473,39.0852103591,44.5155,101.8912,68.6507,4170.0000
10800.0,6.18965798663,34.759030709,38.8761919143,45.8306,102.8795,67.8604,7546.0000
9900.0,6.10831556511,33.5920000971,38.875262499,44.6277,102.0857,67.0800,5749.0000
12600.0,6.15076894159,34.6565221345,39.2877575514,44.8464,101.9859,65.7707,4170.0000
11700.0,6.11391756067,33.1278203591,39.6987884852,43.0415,100.4285,65.3956,7546.0000
10800.0,5.35678616914,33.2604471688,39.3515695325,43.6404,100.9480,57.5067,5749.0000
13500.0,6.36668121779,33.655860499,39.3679383251,43.5738,101.1083,70.5502,4170.0000
12600.0,5.74965707921,31.4061310231,40.3627632346,40.8868,98.3336,60.1227,7546.0000
11700.0,5.91603892645,30.8641027126,40.4495311594,40.5450,97.9868,62.5733,5749.0000
13500.0,5.59307556253,32.5213036289,40.6066008996,41.8879,99.2026,59.4480,7546.0000
14400.0,5.77982132905,34.4964700373,39.8333145715,44.1467,101.3621,63.5609,4170.0000
12600.0,5.81910407471,33.0823209725,39.891355644,42.8627,100.0837,62.7769,5749.0000
14400.0,6.06567068621,36.0674981168,38.9769348932,46.2946,103.6529,67.1938,7546.0000
13500.0,5.93125144259,31.1473830373,40.4841531541,40.7760,98.2231,63.5529,5749.0000
14400.0,6.18993932498,37.5662402364,38.9703330933,47.8152,104.6800,72.5040,5749.0000
2700.0,5.43708935704,31.8513563415,39.5607815152,41.9413,99.3641,58.4729,5484.0000
3600.0,5.64387050733,31.7015699375,39.0287197884,42.7802,100.5410,59.9396,5484.0000
900.0,5.27673044631,32.01591322,39.5301487029,42.5725,99.9542,56.4667,5880.0000
1800.0,5.77716886365,32.2396587498,39.144747865,43.2134,100.5432,62.3253,5880.0000
4500.0,5.38162537086,27.8395290827,41.2263907859,37.7663,94.7498,54.7138,5484.0000
2700.0,5.30363024745,30.2766396123,39.8756562296,40.4434,98.1616,56.0587,5880.0000
900.0,5.11439975619,30.9295755852,39.8539867176,41.4497,98.4895,53.4098,3569.0000
3600.0,5.83772723068,31.7251225485,39.4712021228,42.3717,99.7449,62.1920,5880.0000
1800.0,5.58918612494,29.9121096359,39.9788880517,40.4540,97.6071,57.3227,3569.0000
4500.0,5.80809820031,32.6414768973,39.3074237355,43.2557,100.4749,64.4276,5880.0000
5400.0,5.40067368316,30.3383481479,39.9939580794,40.5304,97.4007,55.1413,5484.0000
2700.0,5.75679456445,31.2883149442,39.5420618449,41.8439,99.4728,61.1120,3569.0000
5400.0,5.30711739381,28.8417406362,40.8768116299,38.7648,95.6706,52.4480,5880.0000
6300.0,5.67196118295,33.0327559238,40.1460106531,42.5435,99.8064,62.7822,5484.0000
3600.0,5.49201232997,29.7093206574,39.680335469,40.3236,97.9447,56.8720,3569.0000
6300.0,5.63040070586,34.8789644144,40.0629671012,44.5610,101.5118,64.2053,5880.0000
7200.0,5.24628908943,30.6943689449,40.95247631,39.8217,97.1782,56.6062,5484.0000
4500.0,5.86714768314,30.5758968838,40.2571347167,41.0717,98.2026,60.7093,3569.0000
900.0,5.10038265933,28.8878747844,40.9239558239,38.7007,95.9467,52.5022,3288.0000
7200.0,5.7359186557,33.2295267846,39.9486578076,43.1441,100.4478,63.1040,5880.0000
8100.0,6.19107456654,34.4555614907,38.4885374921,46.0942,103.2278,67.6809,5484.0000
5400.0,5.62212797264,30.1335190789,40.2467133659,40.3905,97.3571,57.9413,3569.0000
1800.0,5.54554691857,31.1034818435,39.3767100218,41.7189,99.1033,57.9040,3288.0000
8100.0,6.29261722464,36.1096902901,38.1115678546,47.3541,104.8699,75.0240,5880.0000
6300.0,5.64015311846,34.8223262971,39.8035079267,44.4600,101.5326,64.4809,3569.0000
9000.0,6.28512512777,35.1974257669,38.5892678387,45.9740,103.2964,72.3360,5484.0000
2700.0,5.80803546744,31.0815646453,39.9067835637,41.3550,99.0183,61.3236,3288.0000
7200.0,5.66823537103,33.1575913753,39.6580027566,43.3499,100.5907,60.6596,3569.0000
9000.0,7.11820121221,40.7628910979,37.3310859374,52.3052,109.3162,93.5627,5880.0000
900.0,5.29256624862,30.24783462,40.0126173721,40.8254,97.9038,55.7556,7983.0000
9900.0,6.07296044837,34.8652929248,38.8492326579,45.8518,103.3592,68.6347,5484.0000
3600.0,5.71419188752,32.1631006716,39.0884178184,43.0949,100.6683,60.3387,3288.0000
8100.0,6.35759402749,34.6501116098,38.9769204812,45.3528,102.6550,73.2133,3569.0000
1800.0,5.79040813008,31.2930571083,39.3440932916,42.1950,99.9374,60.5920,7983.0000
10800.0,6.3245046519,37.1267774278,38.3806492847,48.1158,105.4125,76.3698,5484.0000
9900.0,7.78869926642,55.4462758667,34.7506041915,68.5397,125.2944,129.8809,5880.0000
4500.0,5.60522441833,30.7105179883,39.7259379495,41.2391,98.2324,58.7787,3288.0000
900.0,4.97083091813,30.3885485838,39.8934083199,40.8151,98.0250,52.3591,1559.0000
2700.0,5.73995732982,31.6996393214,39.5501588576,42.1710,99.9139,62.1138,7983.0000
9000.0,6.11880252593,37.2610530298,38.6602614409,47.8644,105.0790,75.5227,3569.0000
11700.0,6.01134891747,32.6696288026,40.0459148803,42.2841,99.9250,65.3440,5484.0000
5400.0,5.37714951231,29.3854499786,40.6113279974,39.6227,96.7437,53.6453,3288.0000
10800.0,8.25360641061,86.28575096,32.8555706773,101.0500,158.4194,138.8987,5880.0000
1800.0,5.89134164775,31.3963970786,39.2980863879,42.2095,99.7056,62.8116,1559.0000
3600.0,5.79596857967,31.8442043196,39.3369181727,42.6388,99.9776,61.5280,7983.0000
9900.0,6.43655701694,36.0607327976,38.3041472484,47.1510,104.7789,74.4169,3569.0000
12600.0,6.18469568641,34.1038528613,39.7163034872,44.0411,101.2397,67.1022,5484.0000
6300.0,5.99339137813,35.527242503,39.2562709176,45.9320,103.1445,67.6080,3288.0000
11700.0,6.62882802838,43.0464461242,36.8657318508,57.0371,115.0304,75.0471,5880.0000
900.0,5.31279056542,30.8275260298,39.6022921486,41.7282,99.2405,56.1724,3878.0000
2700.0,6.13649074401,32.3004185748,38.8669921923,43.4493,100.6836,66.7307,1559.0000
4500.0,5.43891054637,29.9070342084,40.4325714086,40.0561,97.1986,54.8436,7983.0000
10800.0,5.8591785602,35.0285827391,38.7120338046,45.8340,102.9976,64.6551,3569.0000
13500.0,5.89177419991,33.1288138141,39.8899210818,42.9792,100.1671,63.9813,5484.0000
7200.0,5.45677696326,32.0088578048,40.2201853275,41.9204,99.1310,57.0507,3288.0000
1800.0,5.97962968959,33.9567568517,38.2726182811,44.9436,102.5175,65.8516,3878.0000
3600.0,5.89365977107,33.0731310198,38.8978997625,43.7992,101.0631,64.8080,1559.0000
12600.0,6.58936091842,35.868915156,38.804736226,46.3019,103.9311,74.5813,5880.0000
5400.0,5.93832501161,31.3503665063,40.1048214407,41.7726,98.7769,60.9467,7983.0000
11700.0,6.28483910652,33.0086474431,39.5694180581,43.2098,100.6856,67.4071,3569.0000
14400.0,5.65319030325,33.3370212496,39.5444378159,43.5140,100.7158,59.7467,5484.0000
8100.0,5.92489666406,32.510100697,39.8929910608,43.1102,100.2903,61.5529,3288.0000
2700.0,5.37110156022,30.2446324318,39.6177764276,40.9870,98.5489,55.3671,3878.0000
4500.0,5.25105217893,29.3309722314,40.5074079925,39.4180,96.4673,53.1760,1559.0000
13500.0,6.15503405376,35.309940734,39.1795554151,45.0783,102.4334,70.1324,5880.0000
6300.0,6.14834803787,36.8122520861,39.0523237777,46.9592,103.9898,73.3884,7983.0000
12600.0,5.95499216443,31.4432497336,40.2411085694,41.4017,98.6697,61.3689,3569.0000
9000.0,5.92345077665,32.3080018375,39.8800288992,42.7964,100.0991,64.6889,3288.0000
3600.0,5.3850259424,30.3016418076,39.8696799216,40.8261,98.4400,54.9511,3878.0000
5400.0,5.61217877225,29.623512507,40.4293569274,39.8759,96.7029,57.6889,1559.0000
14400.0,6.06863680072,34.4522449461,39.0286957782,44.9256,102.1408,66.3164,5880.0000
7200.0,6.19744951575,34.4761044705,39.2979024893,44.4689,101.7547,70.2489,7983.0000
13500.0,6.37121418862,37.4506593542,38.7166533501,47.5247,104.8910,74.5404,3569.0000
9900.0,5.94544539892,34.2967792085,38.7123121278,45.4154,103.0795,64.7742,3288.0000
4500.0,5.84282508317,31.9188350154,39.1851811635,42.7219,99.8872,61.9760,3878.0000
6300.0,5.8594060901,36.0894123616,39.5399008919,45.6258,102.8908,67.9387,1559.0000
8100.0,6.22475447923,35.9952613153,38.0566938525,47.4918,104.5585,68.8356,7983.0000
14400.0,5.72746704206,30.8479398876,40.6592507813,40.5211,97.6097,60.5938,3569.0000
10800.0,5.66846853277,34.1061152697,39.2955681658,44.3372,101.8419,62.5280,3288.0000
5400.0,5.66064364608,30.4788375467,40.1202706033,40.9603,98.1257,58.3191,3878.0000
7200.0,5.33783601938,30.1565201584,41.0642918551,39.7333,97.1865,55.0116,1559.0000
9000.0,6.08178147013,34.9701155809,38.8000563016,45.7070,103.0131,67.3369,7983.0000
11700.0,6.3313354725,34.5363032562,38.6680350018,44.9634,102.0501,71.0667,3288.0000
6300.0,6.12727189829,37.8987720056,38.6161143427,48.2468,105.6047,71.2667,3878.0000
8100.0,6.46502646375,34.5281455832,38.795058015,45.2347,102.5356,73.0587,1559.0000
9900.0,5.98794258238,33.572200136,38.7854255556,44.7489,102.1162,63.9342,7983.0000
12600.0,6.23176712179,34.949221205,39.3140523755,44.9229,101.9979,67.5040,3288.0000
7200.0,5.50828053883,31.0340633138,40.7091188697,40.7497,97.9704,57.2507,3878.0000
9000.0,5.89143781433,35.2856417134,38.5384075966,46.3741,103.9690,65.4560,1559.0000
10800.0,6.14819086861,36.5399902184,38.221057374,47.4126,104.5929,70.9644,7983.0000
13500.0,5.93661875301,34.4293774514,39.6293597448,44.3314,101.6008,64.4542,3288.0000
8100.0,5.89553371818,32.1460291043,39.6024073031,42.6837,99.9809,62.8329,3878.0000
9900.0,6.19417048511,36.393546147,37.6736240747,47.9913,105.0802,70.1413,1559.0000
900.0,5.28363479295,30.584124167,39.9644939836,41.4568,99.0814,54.9804,6123.0000
11700.0,6.10229917837,33.8924920624,39.4878080166,43.7244,101.0579,67.7173,7983.0000
14400.0,6.00205181657,30.8936142083,40.0935673809,41.0499,98.8100,63.3858,3288.0000
9000.0,6.33038488417,36.0775959625,38.3864500349,47.0625,104.4870,71.5280,3878.0000
10800.0,6.18942397984,34.7803437347,38.6645021341,45.9469,103.2141,68.2453,1559.0000
1800.0,6.15877836459,32.7836481033,38.5467518222,44.1946,101.5549,66.9173,6123.0000
12600.0,6.07208795385,33.3556944741,39.6120340113,43.4406,100.6368,64.4978,7983.0000
9900.0,6.32378465383,35.0778290187,38.3007485614,46.4665,103.6332,69.5742,3878.0000
11700.0,5.74297209953,30.7637825996,40.397758046,40.4706,97.7990,61.0222,1559.0000
2700.0,5.51797495764,29.6948176767,40.0851679843,40.1011,98.0071,57.3707,6123.0000
13500.0,5.9219499048,33.308021101,39.6548300674,43.2909,100.6886,64.4996,7983.0000
10800.0,6.31174196997,37.5458325037,37.9439532352,48.6054,105.7212,74.6889,3878.0000
12600.0,5.97146381239,34.0135887658,39.6078215262,43.9744,101.3087,65.4684,1559.0000
3600.0,5.66223330819,30.4134597748,39.4950078867,41.0369,98.5285,58.7804,6123.0000
14400.0,5.75933699675,32.3205064937,39.9221542649,42.4996,99.6879,59.5938,7983.0000
11700.0,5.94602668634,33.9046014218,39.799784533,43.4848,100.8818,66.7618,3878.0000
13500.0,6.20819915027,34.4554557446,39.0499080455,44.6372,102.0711,69.9547,1559.0000
4500.0,5.85074894912,29.8192111864,40.2988584742,40.0102,97.2822,60.6284,6123.0000
12600.0,6.13425091947,35.1215848025,38.8046682419,45.8478,103.2573,67.9040,3878.0000
14400.0,6.00188496816,33.5257491317,39.8038373269,43.6765,100.9389,64.6711,1559.0000
5400.0,5.50773217307,32.0298876295,39.4392189252,42.7412,100.0269,56.2889,6123.0000
13500.0,6.3737298549,32.7712912737,39.6976767682,42.8197,100.1261,70.1387,3878.0000
6300.0,5.81363330944,36.6846053382,39.1756453496,46.8127,104.0117,67.1147,6123.0000
14400.0,6.21377725901,34.3808235425,39.5007136213,44.4262,101.9653,67.4382,3878.0000
7200.0,5.85192341409,30.8665511963,40.5647912662,40.6768,97.9599,63.0516,6123.0000
8100.0,6.37532980399,40.0751401604,37.5537584081,51.1407,108.2894,77.4249,6123.0000
9000.0,6.0289514661,34.5255818793,38.8797756046,44.9999,102.3546,68.4080,6123.0000
9900.0,5.94986342636,35.2549985114,38.4941127339,46.5532,104.1013,65.3307,6123.0000
10800.0,6.09291522865,34.1385183398,39.1434517593,44.8257,102.2628,65.7022,6123.0000
